user_id,signup_timestamp,region,acquisition_channel,is_creator,platform
u_000001,2025-11-26 15:32:21,APAC,influencer,False,web
u_000002,2025-11-13 14:07:00,NA,tiktok,False,ios
u_000003,2025-12-07 08:39:01,NA,organic,False,ios
u_000004,2025-12-21 01:25:48,APAC,organic,False,android
u_000005,2025-11-22 19:06:07,NA,organic,False,ios
u_000006,2025-12-28 02:07:17,NA,tiktok,True,web
u_000007,2025-12-14 21:07:51,NA,organic,False,android
u_000008,2025-11-26 22:47:24,EU,tiktok,False,android
u_000009,2025-11-08 06:36:59,NA,youtube,False,web
u_000010,2025-12-16 14:43:25,NA,youtube,False,web
u_000011,2025-12-12 22:50:26,NA,organic,False,android
u_000012,2025-12-25 09:13:23,EU,tiktok,False,web
u_000013,2025-12-24 19:48:07,APAC,influencer,True,web
u_000014,2025-12-11 16:36:32,NA,organic,False,ios
u_000015,2025-11-13 01:35:25,NA,organic,False,web
u_000016,2025-11-30 06:59:41,NA,tiktok,False,web
u_000017,2025-11-25 13:32:45,NA,youtube,False,ios
u_000018,2025-12-11 21:43:21,NA,organic,False,android
u_000019,2026-01-02 00:33:07,EU,youtube,False,android
u_000020,2025-12-13 15:18:02,EU,youtube,True,android
u_000021,2025-11-12 21:30:20,LATAM,paid_search,True,web
u_000022,2026-01-03 10:23:55,NA,organic,False,web
u_000023,2025-12-12 05:28:29,EU,youtube,False,android
u_000024,2025-11-21 15:35:28,EU,organic,False,ios
u_000025,2025-12-05 13:02:54,EU,tiktok,False,web
u_000026,2025-11-27 16:03:49,APAC,tiktok,False,web
u_000027,2026-01-02 20:44:18,NA,organic,False,web
u_000028,2025-11-05 15:24:48,NA,influencer,True,ios
u_000029,2025-12-15 05:24:14,APAC,organic,False,web
u_000030,2025-12-02 17:51:29,NA,tiktok,False,android
u_000031,2025-12-24 01:52:28,NA,organic,False,web
u_000032,2025-11-07 13:35:05,NA,youtube,True,android
u_000033,2025-12-14 04:15:39,NA,organic,True,android
u_000034,2025-11-22 08:20:58,EU,influencer,False,ios
u_000035,2025-12-11 03:31:27,NA,influencer,False,ios
u_000036,2025-11-17 10:32:48,NA,influencer,False,ios
u_000037,2025-12-08 21:00:38,EU,organic,False,web
u_000038,2025-11-07 00:34:57,EU,youtube,False,web
u_000039,2025-11-24 04:51:06,LATAM,organic,False,ios
u_000040,2025-12-08 07:04:29,NA,influencer,False,ios
u_000041,2025-11-05 16:10:50,LATAM,youtube,False,ios
u_000042,2025-12-19 21:28:33,EU,tiktok,True,ios
u_000043,2025-12-20 14:19:44,APAC,youtube,False,ios
u_000044,2025-11-19 00:53:19,NA,organic,False,ios
u_000045,2025-11-15 02:01:16,EU,tiktok,False,ios
u_000046,2025-11-21 17:49:48,APAC,organic,False,ios
u_000047,2025-11-10 15:52:21,APAC,paid_search,False,android
u_000048,2025-11-14 08:13:30,NA,influencer,True,ios
u_000049,2025-11-09 01:18:00,NA,youtube,False,ios
u_000050,2026-01-01 19:13:09,EU,paid_search,False,ios
u_000051,2025-11-29 06:36:07,LATAM,organic,False,ios
u_000052,2025-11-14 21:29:20,NA,paid_search,True,ios
u_000053,2025-12-28 22:10:35,EU,organic,False,web
u_000054,2025-12-14 19:10:56,APAC,youtube,True,android
u_000055,2025-12-26 16:08:20,APAC,youtube,True,web
u_000056,2025-11-27 01:04:07,EU,organic,False,ios
u_000057,2025-12-18 11:10:23,NA,organic,False,web
u_000058,2026-01-01 10:45:29,LATAM,organic,False,web
u_000059,2025-12-10 15:14:56,EU,paid_search,False,android
u_000060,2025-11-06 06:22:39,APAC,organic,False,ios
u_000061,2025-12-21 18:46:51,NA,tiktok,False,android
u_000062,2025-11-15 22:47:30,EU,youtube,False,web
u_000063,2025-11-08 09:30:55,NA,organic,False,web
u_000064,2025-12-27 04:16:16,NA,tiktok,False,web
u_000065,2025-12-10 01:16:28,APAC,tiktok,False,ios
u_000066,2025-11-12 19:12:50,EU,organic,False,android
u_000067,2026-01-02 23:10:50,APAC,youtube,False,ios
u_000068,2025-12-16 00:54:20,NA,organic,True,ios
u_000069,2025-12-07 20:56:26,EU,organic,False,android
u_000070,2025-11-18 20:04:02,NA,tiktok,True,web
u_000071,2025-11-06 00:49:24,EU,tiktok,False,ios
u_000072,2025-12-28 18:41:38,NA,paid_search,True,ios
u_000073,2025-11-21 13:22:07,APAC,paid_search,False,web
u_000074,2025-12-27 18:34:55,APAC,tiktok,False,web
u_000075,2025-11-19 08:16:10,NA,organic,False,web
u_000076,2025-12-01 10:43:18,NA,organic,False,android
u_000077,2025-12-22 01:07:45,EU,organic,False,ios
u_000078,2025-12-19 10:26:06,APAC,tiktok,False,android
u_000079,2025-11-30 04:47:19,APAC,influencer,False,ios
u_000080,2025-11-16 04:30:29,APAC,organic,False,ios
u_000081,2025-11-26 08:13:31,NA,organic,False,ios
u_000082,2026-01-01 11:17:22,NA,tiktok,False,android
u_000083,2026-01-02 19:01:41,NA,organic,False,web
u_000084,2025-12-29 12:10:39,NA,youtube,True,web
u_000085,2025-11-11 14:16:52,APAC,tiktok,False,ios
u_000086,2025-11-24 07:50:25,NA,tiktok,False,android
u_000087,2026-01-01 07:32:33,LATAM,organic,False,android
u_000088,2025-11-12 02:17:40,APAC,paid_search,False,ios
u_000089,2025-12-06 12:18:01,APAC,organic,False,web
u_000090,2025-12-18 04:58:06,LATAM,influencer,True,web
u_000091,2025-12-10 04:12:34,NA,organic,False,android
u_000092,2025-11-21 14:23:34,APAC,paid_search,True,ios
u_000093,2025-12-02 09:16:48,NA,youtube,False,web
u_000094,2025-12-25 23:50:25,NA,organic,True,android
u_000095,2025-11-30 03:06:05,APAC,influencer,False,web
u_000096,2025-12-21 13:33:27,NA,youtube,False,ios
u_000097,2025-12-04 17:59:29,LATAM,organic,True,ios
u_000098,2025-11-18 05:11:58,APAC,organic,False,web
u_000099,2025-12-20 16:40:08,APAC,youtube,False,web
u_000100,2025-12-28 09:25:12,NA,youtube,False,web
u_000101,2025-12-22 05:33:35,APAC,youtube,False,ios
u_000102,2025-12-12 22:43:43,NA,youtube,True,ios
u_000103,2025-11-05 23:08:32,APAC,youtube,True,web
u_000104,2025-11-08 16:07:34,NA,youtube,False,android
u_000105,2025-11-25 18:57:00,APAC,tiktok,False,web
u_000106,2025-12-14 18:59:03,NA,organic,False,web
u_000107,2025-12-19 23:40:09,NA,paid_search,True,web
u_000108,2025-11-20 13:50:02,EU,organic,True,web
u_000109,2025-12-18 01:19:20,NA,organic,False,android
u_000110,2025-11-19 07:03:00,APAC,youtube,True,web
u_000111,2025-11-12 19:38:27,NA,tiktok,False,ios
u_000112,2025-12-11 12:15:20,NA,organic,True,android
u_000113,2025-12-10 08:55:50,EU,organic,True,ios
u_000114,2025-12-10 12:09:40,NA,youtube,False,ios
u_000115,2025-11-06 09:48:35,NA,paid_search,False,android
u_000116,2025-11-05 17:41:16,APAC,tiktok,False,ios
u_000117,2025-11-06 05:13:06,NA,tiktok,True,web
u_000118,2025-11-21 05:34:21,NA,organic,False,ios
u_000119,2025-11-25 07:39:47,NA,organic,False,android
u_000120,2025-12-07 08:37:19,NA,organic,False,ios
u_000121,2025-12-20 16:45:11,EU,organic,False,ios
u_000122,2025-11-20 16:15:32,NA,tiktok,False,android
u_000123,2026-01-04 04:19:13,APAC,organic,False,ios
u_000124,2025-12-10 17:12:22,NA,organic,False,web
u_000125,2025-12-28 22:32:15,NA,youtube,False,web
u_000126,2025-12-27 08:02:46,NA,paid_search,True,ios
u_000127,2025-12-12 09:24:00,EU,paid_search,False,web
u_000128,2026-01-04 09:13:37,LATAM,tiktok,False,android
u_000129,2025-11-22 04:24:27,EU,organic,False,ios
u_000130,2025-12-27 12:36:19,LATAM,youtube,False,ios
u_000131,2025-12-12 08:57:27,NA,organic,False,ios
u_000132,2025-12-24 19:37:08,NA,youtube,False,ios
u_000133,2025-11-14 12:08:38,NA,youtube,False,ios
u_000134,2025-12-18 23:55:30,NA,youtube,False,web
u_000135,2025-12-27 15:19:04,NA,paid_search,False,ios
u_000136,2025-11-30 14:54:24,NA,youtube,False,android
u_000137,2025-12-01 02:20:54,NA,youtube,False,ios
u_000138,2025-12-03 05:22:40,NA,organic,True,ios
u_000139,2025-11-06 16:57:10,NA,paid_search,False,web
u_000140,2025-12-30 14:13:57,NA,organic,False,android
u_000141,2025-11-24 00:22:10,APAC,paid_search,False,android
u_000142,2025-11-27 08:13:20,NA,organic,False,ios
u_000143,2025-11-08 07:47:38,APAC,organic,False,ios
u_000144,2025-11-24 18:30:24,EU,influencer,False,ios
u_000145,2025-12-07 20:33:10,NA,organic,False,ios
u_000146,2025-12-28 22:03:13,NA,influencer,False,android
u_000147,2025-12-26 21:06:25,NA,organic,False,web
u_000148,2025-12-28 05:44:05,EU,paid_search,False,ios
u_000149,2025-12-23 14:39:07,NA,youtube,True,web
u_000150,2025-12-01 15:52:12,NA,youtube,False,web
u_000151,2025-12-02 20:01:06,NA,organic,False,ios
u_000152,2025-11-18 02:50:29,APAC,organic,True,web
u_000153,2025-11-11 10:51:44,NA,influencer,False,ios
u_000154,2025-12-13 01:28:51,EU,organic,False,web
u_000155,2025-12-11 14:03:44,EU,organic,False,ios
u_000156,2025-11-29 08:12:09,APAC,tiktok,False,web
u_000157,2025-11-30 21:35:02,EU,tiktok,False,ios
u_000158,2025-11-21 15:23:23,EU,organic,False,ios
u_000159,2025-11-25 19:59:36,LATAM,organic,True,android
u_000160,2025-12-13 17:24:44,APAC,organic,False,android
u_000161,2025-12-09 03:36:59,NA,influencer,False,web
u_000162,2025-12-01 04:45:29,NA,organic,False,web
u_000163,2026-01-04 05:01:55,APAC,paid_search,True,ios
u_000164,2025-12-01 11:13:38,APAC,organic,True,ios
u_000165,2025-11-29 05:03:44,EU,organic,True,web
u_000166,2025-11-19 10:01:20,EU,tiktok,False,web
u_000167,2025-12-22 03:47:55,EU,organic,False,ios
u_000168,2026-01-02 06:40:09,NA,tiktok,True,android
u_000169,2026-01-03 15:57:44,APAC,influencer,False,android
u_000170,2025-12-30 19:48:13,NA,organic,False,web
u_000171,2025-12-09 21:15:06,LATAM,youtube,False,ios
u_000172,2025-11-11 11:43:58,APAC,organic,False,web
u_000173,2025-12-21 21:24:29,EU,organic,True,ios
u_000174,2025-11-27 08:42:12,NA,organic,False,android
u_000175,2025-12-08 17:17:09,NA,paid_search,True,android
u_000176,2025-12-27 09:20:47,NA,organic,False,ios
u_000177,2025-12-21 11:46:27,EU,influencer,False,web
u_000178,2025-12-20 13:56:37,EU,tiktok,False,ios
u_000179,2025-12-09 17:54:04,NA,organic,False,android
u_000180,2025-11-24 11:11:21,EU,tiktok,False,web
u_000181,2025-11-05 17:08:00,APAC,influencer,False,web
u_000182,2025-12-23 07:33:45,NA,youtube,False,ios
u_000183,2025-11-15 06:20:48,EU,tiktok,True,ios
u_000184,2025-12-03 20:25:42,APAC,influencer,False,android
u_000185,2025-11-27 00:44:02,EU,organic,False,ios
u_000186,2025-11-17 01:50:36,EU,paid_search,False,ios
u_000187,2025-11-13 16:29:57,EU,influencer,False,ios
u_000188,2025-12-04 00:37:59,LATAM,youtube,False,android
u_000189,2025-12-31 12:38:10,NA,influencer,False,android
u_000190,2025-12-06 07:52:54,EU,tiktok,False,android
u_000191,2025-11-28 22:04:06,NA,youtube,False,web
u_000192,2025-12-13 09:10:45,NA,tiktok,True,android
u_000193,2025-11-26 13:41:10,NA,organic,False,ios
u_000194,2025-11-20 18:08:45,NA,tiktok,False,web
u_000195,2025-12-21 04:00:28,LATAM,organic,False,web
u_000196,2025-11-22 19:48:08,LATAM,tiktok,False,ios
u_000197,2025-12-07 01:55:34,NA,organic,False,ios
u_000198,2025-11-30 00:43:55,EU,organic,False,android
u_000199,2025-12-23 11:55:04,EU,organic,False,ios
u_000200,2025-12-03 22:55:07,APAC,influencer,True,web
u_000201,2025-12-28 12:01:28,EU,organic,False,ios
u_000202,2025-11-06 18:12:20,NA,youtube,False,web
u_000203,2025-11-14 17:38:56,APAC,organic,False,ios
u_000204,2025-12-14 10:30:14,APAC,tiktok,False,ios
u_000205,2025-12-08 05:56:28,EU,organic,False,android
u_000206,2026-01-02 23:40:07,LATAM,organic,False,ios
u_000207,2025-11-24 05:45:38,LATAM,tiktok,False,android
u_000208,2025-11-20 22:37:42,EU,tiktok,True,android
u_000209,2025-11-08 14:31:05,EU,organic,False,ios
u_000210,2025-11-12 16:31:37,LATAM,tiktok,True,ios
u_000211,2025-12-29 18:50:20,NA,influencer,False,ios
u_000212,2025-12-08 04:34:32,NA,organic,False,web
u_000213,2025-12-08 02:43:59,NA,organic,False,android
u_000214,2025-11-22 06:02:56,APAC,youtube,True,android
u_000215,2025-11-22 03:55:43,APAC,organic,False,web
u_000216,2025-12-15 16:19:12,NA,paid_search,False,android
u_000217,2025-12-05 19:48:54,LATAM,tiktok,True,web
u_000218,2025-12-25 09:50:27,APAC,tiktok,False,android
u_000219,2025-11-08 09:44:59,APAC,tiktok,False,web
u_000220,2025-11-10 12:50:23,NA,tiktok,False,android
u_000221,2025-12-07 14:34:18,EU,organic,False,ios
u_000222,2025-12-10 13:21:34,APAC,paid_search,True,ios
u_000223,2025-11-26 21:22:41,EU,youtube,False,web
u_000224,2025-12-03 03:06:41,EU,organic,False,web
u_000225,2026-01-04 00:41:41,APAC,tiktok,False,web
u_000226,2025-11-09 09:13:59,NA,organic,False,android
u_000227,2025-12-08 15:26:39,APAC,organic,False,web
u_000228,2025-11-09 09:54:46,NA,youtube,False,ios
u_000229,2025-11-14 02:51:28,NA,youtube,True,android
u_000230,2025-12-22 20:54:20,NA,tiktok,False,android
u_000231,2025-11-25 08:01:01,NA,organic,False,web
u_000232,2026-01-02 10:31:57,NA,tiktok,False,android
u_000233,2025-11-27 11:41:35,APAC,organic,False,web
u_000234,2025-12-30 02:07:46,EU,tiktok,False,ios
u_000235,2025-12-27 14:09:13,NA,tiktok,False,ios
u_000236,2025-12-08 15:01:05,EU,youtube,False,web
u_000237,2025-12-26 14:24:27,NA,paid_search,False,web
u_000238,2025-11-28 23:33:00,NA,influencer,False,ios
u_000239,2025-12-02 19:15:57,EU,paid_search,True,ios
u_000240,2025-11-15 05:11:52,EU,paid_search,True,android
u_000241,2025-11-24 08:42:00,APAC,youtube,False,ios
u_000242,2025-11-22 02:24:52,NA,paid_search,False,android
u_000243,2025-12-11 23:14:19,APAC,influencer,False,ios
u_000244,2025-12-21 06:12:23,APAC,youtube,False,android
u_000245,2025-11-06 19:50:11,LATAM,organic,False,ios
u_000246,2025-11-11 14:10:26,NA,organic,False,android
u_000247,2025-12-03 16:01:40,EU,influencer,False,web
u_000248,2025-12-03 21:45:57,EU,tiktok,False,ios
u_000249,2025-12-12 03:33:35,LATAM,influencer,True,web
u_000250,2025-11-24 17:04:33,NA,organic,True,web
u_000251,2025-11-13 19:17:04,EU,organic,False,ios
u_000252,2025-11-17 03:18:11,NA,youtube,False,ios
u_000253,2025-11-16 16:15:21,EU,paid_search,True,web
u_000254,2025-11-08 05:11:08,NA,organic,True,ios
u_000255,2025-11-13 13:13:29,NA,influencer,False,ios
u_000256,2025-12-23 16:13:28,EU,youtube,True,web
u_000257,2025-11-26 22:55:18,NA,organic,False,ios
u_000258,2026-01-02 20:26:21,NA,organic,False,ios
u_000259,2026-01-02 01:10:58,NA,organic,True,web
u_000260,2025-11-17 11:49:45,NA,organic,False,android
u_000261,2025-11-28 18:30:13,LATAM,tiktok,True,ios
u_000262,2025-11-16 13:50:43,EU,organic,False,android
u_000263,2025-11-10 06:41:25,APAC,organic,False,web
u_000264,2025-12-18 23:04:15,NA,influencer,True,android
u_000265,2025-11-07 09:50:23,LATAM,tiktok,True,web
u_000266,2025-11-17 11:05:05,EU,youtube,True,ios
u_000267,2026-01-02 22:52:10,EU,organic,True,web
u_000268,2026-01-02 22:18:44,EU,influencer,False,android
u_000269,2025-12-08 03:54:18,APAC,influencer,False,ios
u_000270,2025-11-12 05:11:01,EU,tiktok,False,web
u_000271,2025-12-13 11:06:24,NA,paid_search,False,web
u_000272,2025-11-29 03:42:05,NA,influencer,False,web
u_000273,2025-12-03 15:58:03,EU,youtube,False,web
u_000274,2025-12-03 01:01:01,EU,youtube,False,ios
u_000275,2026-01-04 06:02:21,NA,organic,False,ios
u_000276,2025-12-17 08:10:01,NA,organic,False,android
u_000277,2026-01-03 01:23:46,EU,organic,False,android
u_000278,2025-11-12 18:26:39,APAC,organic,False,ios
u_000279,2025-11-22 01:02:04,NA,organic,False,web
u_000280,2025-12-09 23:56:39,NA,paid_search,False,ios
u_000281,2025-12-04 05:17:07,APAC,organic,False,ios
u_000282,2025-12-29 12:56:33,EU,paid_search,False,ios
u_000283,2025-12-03 21:59:06,NA,tiktok,False,ios
u_000284,2025-11-11 09:46:23,APAC,organic,False,android
u_000285,2025-12-31 18:04:00,EU,tiktok,False,android
u_000286,2025-11-11 06:22:40,EU,organic,False,web
u_000287,2025-12-24 20:31:56,LATAM,paid_search,True,web
u_000288,2025-11-09 19:50:33,LATAM,influencer,False,android
u_000289,2025-11-06 15:10:54,NA,organic,False,android
u_000290,2025-12-19 09:15:14,NA,paid_search,True,web
u_000291,2025-11-27 16:41:26,NA,youtube,False,ios
u_000292,2025-12-12 08:56:00,NA,organic,False,ios
u_000293,2025-12-31 08:48:01,NA,youtube,False,ios
u_000294,2025-11-13 12:18:38,NA,youtube,True,web
u_000295,2025-12-01 15:02:09,LATAM,organic,True,android
u_000296,2025-12-29 12:35:16,APAC,youtube,False,ios
u_000297,2025-12-13 13:14:29,EU,organic,False,web
u_000298,2025-12-24 13:28:56,EU,tiktok,False,ios
u_000299,2025-11-18 08:14:19,NA,organic,False,ios
u_000300,2025-12-19 19:18:03,NA,paid_search,False,android
u_000301,2025-12-03 05:44:28,NA,youtube,False,web
u_000302,2025-12-26 19:39:52,APAC,organic,False,android
u_000303,2025-11-06 06:09:16,NA,organic,False,web
u_000304,2025-11-07 09:21:39,APAC,organic,False,ios
u_000305,2025-12-30 03:06:56,EU,youtube,False,ios
u_000306,2025-12-20 02:37:44,NA,organic,False,ios
u_000307,2025-12-07 00:37:45,NA,influencer,False,ios
u_000308,2026-01-02 09:30:04,EU,paid_search,False,android
u_000309,2025-12-15 14:51:32,LATAM,youtube,False,ios
u_000310,2025-11-05 21:23:38,APAC,organic,False,ios
u_000311,2025-11-06 23:28:15,NA,organic,True,web
u_000312,2025-11-29 16:13:13,EU,tiktok,False,web
u_000313,2025-12-16 13:15:44,NA,tiktok,True,web
u_000314,2025-12-09 13:20:40,LATAM,youtube,True,android
u_000315,2026-01-02 10:23:55,APAC,tiktok,False,android
u_000316,2025-12-17 00:42:31,EU,organic,True,android
u_000317,2025-12-15 14:06:28,NA,paid_search,True,web
u_000318,2025-12-03 19:17:29,EU,organic,False,ios
u_000319,2025-12-29 02:09:47,NA,tiktok,False,web
u_000320,2025-11-14 02:13:01,NA,youtube,False,android
u_000321,2025-11-24 17:24:27,NA,organic,True,ios
u_000322,2025-12-03 03:18:33,LATAM,youtube,True,web
u_000323,2025-11-26 01:46:22,EU,influencer,True,ios
u_000324,2025-11-26 13:13:07,NA,youtube,False,web
u_000325,2025-12-17 17:06:46,APAC,organic,False,ios
u_000326,2025-11-25 12:52:18,NA,organic,False,ios
u_000327,2026-01-04 03:13:28,NA,organic,False,ios
u_000328,2025-12-25 11:41:58,NA,organic,True,android
u_000329,2025-12-08 02:20:14,EU,paid_search,False,ios
u_000330,2025-11-09 02:59:32,EU,youtube,False,ios
u_000331,2025-12-10 18:26:10,EU,organic,False,android
u_000332,2025-11-15 23:07:00,APAC,paid_search,False,ios
u_000333,2025-12-13 10:31:13,NA,youtube,False,web
u_000334,2025-12-04 21:47:13,APAC,organic,False,android
u_000335,2025-12-05 19:07:32,NA,organic,False,web
u_000336,2025-11-24 05:36:35,APAC,organic,False,web
u_000337,2025-11-30 19:53:48,EU,paid_search,False,web
u_000338,2025-12-29 07:34:12,APAC,tiktok,False,web
u_000339,2025-11-06 09:53:03,EU,paid_search,False,web
u_000340,2025-12-19 19:21:08,EU,organic,False,web
u_000341,2025-12-10 11:11:44,NA,influencer,True,ios
u_000342,2025-11-18 01:35:02,APAC,organic,True,web
u_000343,2025-11-09 09:45:32,NA,paid_search,False,web
u_000344,2025-11-13 15:17:29,NA,paid_search,True,ios
u_000345,2025-11-05 20:35:07,EU,organic,False,web
u_000346,2025-11-17 03:04:05,APAC,youtube,True,web
u_000347,2026-01-03 11:31:04,NA,youtube,False,ios
u_000348,2026-01-03 14:44:20,LATAM,paid_search,False,web
u_000349,2025-11-17 17:16:10,LATAM,organic,False,web
u_000350,2025-12-23 14:19:54,EU,tiktok,False,ios
u_000351,2025-12-30 22:31:42,EU,influencer,False,ios
u_000352,2025-11-28 17:58:20,APAC,youtube,False,ios
u_000353,2025-12-03 23:45:58,NA,organic,True,android
u_000354,2025-11-07 01:07:15,EU,influencer,False,ios
u_000355,2025-11-11 04:42:10,LATAM,organic,False,ios
u_000356,2025-12-26 20:58:29,LATAM,youtube,True,web
u_000357,2025-11-25 04:38:55,LATAM,organic,False,android
u_000358,2025-12-01 00:13:04,NA,organic,True,web
u_000359,2025-12-17 04:24:46,NA,tiktok,False,ios
u_000360,2025-11-17 16:03:12,NA,tiktok,False,ios
u_000361,2025-12-19 23:42:59,NA,tiktok,False,ios
u_000362,2026-01-01 23:15:07,NA,tiktok,True,android
u_000363,2025-12-15 21:40:32,NA,organic,False,android
u_000364,2025-12-12 02:31:58,EU,organic,False,web
u_000365,2025-11-11 17:57:07,APAC,youtube,False,web
u_000366,2025-11-09 22:20:02,APAC,organic,False,android
u_000367,2025-12-02 13:56:02,APAC,tiktok,False,ios
u_000368,2025-12-11 16:49:03,NA,youtube,True,ios
u_000369,2025-11-14 01:28:34,NA,paid_search,False,ios
u_000370,2025-12-25 01:58:12,APAC,youtube,True,ios
u_000371,2025-11-17 03:32:30,EU,organic,True,android
u_000372,2025-12-28 10:04:46,EU,influencer,False,ios
u_000373,2025-11-29 20:35:25,NA,paid_search,True,ios
u_000374,2025-11-28 04:51:03,NA,tiktok,False,ios
u_000375,2025-11-26 07:12:16,EU,paid_search,False,android
u_000376,2025-12-16 05:28:03,APAC,tiktok,False,ios
u_000377,2025-11-30 16:43:26,LATAM,tiktok,False,ios
u_000378,2025-11-18 07:41:17,EU,organic,False,android
u_000379,2025-12-11 05:32:52,EU,youtube,False,ios
u_000380,2025-12-01 06:31:03,APAC,organic,False,ios
u_000381,2025-12-10 19:44:38,EU,organic,False,ios
u_000382,2025-12-07 09:39:35,EU,organic,False,ios
u_000383,2025-12-18 08:18:24,LATAM,organic,False,web
u_000384,2025-11-19 15:38:19,APAC,organic,False,ios
u_000385,2025-12-18 00:18:48,LATAM,tiktok,False,ios
u_000386,2026-01-03 01:06:45,NA,organic,False,ios
u_000387,2025-11-12 04:20:02,EU,paid_search,True,android
u_000388,2025-12-01 04:15:02,APAC,organic,True,ios
u_000389,2025-12-20 10:30:31,NA,tiktok,True,android
u_000390,2025-11-25 00:50:17,APAC,organic,True,web
u_000391,2025-11-30 01:45:45,NA,organic,True,web
u_000392,2025-12-02 19:34:59,APAC,organic,False,ios
u_000393,2025-12-31 18:48:10,EU,tiktok,False,ios
u_000394,2025-12-02 13:42:29,NA,youtube,False,web
u_000395,2025-12-21 19:22:04,EU,organic,True,web
u_000396,2025-12-14 21:57:23,APAC,organic,False,ios
u_000397,2025-11-18 09:31:00,EU,organic,False,ios
u_000398,2025-12-15 23:28:33,NA,influencer,False,ios
u_000399,2025-11-09 15:02:15,APAC,youtube,False,android
u_000400,2025-12-27 23:33:25,EU,organic,False,android
u_000401,2025-12-29 05:38:51,EU,organic,False,ios
u_000402,2026-01-02 05:07:46,NA,paid_search,False,ios
u_000403,2025-12-18 21:56:29,LATAM,organic,True,ios
u_000404,2025-12-02 13:05:55,NA,tiktok,False,android
u_000405,2025-11-17 12:40:03,EU,organic,True,android
u_000406,2025-12-24 07:40:49,APAC,tiktok,False,web
u_000407,2025-11-07 11:32:53,NA,paid_search,False,web
u_000408,2025-11-15 11:23:39,EU,paid_search,False,web
u_000409,2025-12-14 06:39:29,NA,youtube,True,ios
u_000410,2025-11-11 09:45:56,APAC,tiktok,True,ios
u_000411,2025-12-13 12:14:11,EU,tiktok,True,ios
u_000412,2025-11-19 20:54:36,APAC,organic,True,web
u_000413,2025-12-05 12:14:02,APAC,paid_search,True,ios
u_000414,2025-11-27 12:20:32,EU,youtube,True,android
u_000415,2025-11-28 05:20:48,APAC,tiktok,True,ios
u_000416,2025-11-21 06:42:59,EU,organic,False,web
u_000417,2025-11-15 04:49:28,NA,tiktok,False,ios
u_000418,2025-11-11 14:22:13,EU,paid_search,True,ios
u_000419,2025-12-27 16:48:18,LATAM,tiktok,False,android
u_000420,2025-12-09 02:57:16,NA,organic,False,ios
u_000421,2025-12-09 09:29:46,NA,organic,False,ios
u_000422,2025-12-01 20:47:12,NA,organic,False,ios
u_000423,2025-12-15 09:08:50,NA,paid_search,False,ios
u_000424,2025-12-05 15:09:07,NA,paid_search,False,ios
u_000425,2025-12-03 01:30:01,EU,paid_search,False,web
u_000426,2025-12-07 20:07:26,EU,youtube,False,ios
u_000427,2025-11-18 14:22:30,EU,tiktok,False,web
u_000428,2025-12-02 22:36:11,NA,tiktok,False,web
u_000429,2025-12-30 19:28:25,EU,tiktok,False,ios
u_000430,2025-11-05 13:45:18,APAC,youtube,False,web
u_000431,2025-11-18 09:57:45,LATAM,tiktok,False,web
u_000432,2025-12-17 07:39:51,EU,youtube,False,ios
u_000433,2025-12-31 17:35:57,NA,organic,True,ios
u_000434,2025-11-30 17:17:59,LATAM,organic,False,web
u_000435,2025-11-17 02:17:36,APAC,influencer,True,ios
u_000436,2025-12-18 16:12:42,NA,paid_search,False,web
u_000437,2025-11-21 13:36:50,NA,tiktok,False,web
u_000438,2025-12-07 22:26:06,NA,organic,True,ios
u_000439,2025-12-06 07:01:56,NA,paid_search,False,web
u_000440,2025-12-06 17:39:49,NA,youtube,True,android
u_000441,2025-11-19 18:56:07,LATAM,tiktok,False,web
u_000442,2025-11-12 19:18:41,EU,tiktok,True,android
u_000443,2025-12-30 06:35:47,APAC,tiktok,False,android
u_000444,2025-12-01 01:28:50,APAC,tiktok,False,android
u_000445,2025-11-05 18:33:06,APAC,paid_search,False,ios
u_000446,2025-11-24 14:42:05,APAC,organic,False,android
u_000447,2025-11-28 13:49:40,LATAM,organic,True,android
u_000448,2025-12-12 00:55:38,NA,organic,False,web
u_000449,2025-12-07 03:01:36,LATAM,organic,True,ios
u_000450,2025-11-17 03:06:51,APAC,organic,True,web
u_000451,2025-11-19 14:42:00,NA,organic,True,ios
u_000452,2025-11-13 05:57:00,APAC,organic,False,ios
u_000453,2025-12-04 21:20:49,APAC,organic,False,web
u_000454,2025-11-30 14:38:11,LATAM,organic,True,android
u_000455,2025-11-05 21:43:32,NA,organic,True,web
u_000456,2025-12-02 22:46:11,EU,tiktok,True,android
u_000457,2025-11-13 16:10:13,NA,tiktok,False,web
u_000458,2025-12-15 11:05:02,NA,organic,False,ios
u_000459,2025-12-04 01:45:49,NA,tiktok,True,web
u_000460,2025-12-13 04:06:41,EU,paid_search,False,web
u_000461,2025-12-03 06:57:33,APAC,paid_search,False,ios
u_000462,2026-01-01 12:34:31,NA,organic,False,web
u_000463,2025-12-17 23:47:59,EU,youtube,False,ios
u_000464,2025-12-11 07:11:23,NA,organic,False,android
u_000465,2025-11-24 10:24:07,NA,organic,False,web
u_000466,2025-12-05 01:52:17,EU,organic,False,android
u_000467,2025-11-12 04:17:39,NA,organic,False,web
u_000468,2025-11-07 16:52:32,EU,tiktok,False,web
u_000469,2026-01-02 04:34:31,NA,youtube,False,web
u_000470,2025-11-25 19:40:09,NA,youtube,True,android
u_000471,2025-11-19 13:44:15,EU,organic,True,web
u_000472,2025-12-12 01:53:45,EU,organic,False,android
u_000473,2025-11-15 23:01:14,NA,organic,False,android
u_000474,2025-12-03 12:12:34,EU,organic,False,ios
u_000475,2025-11-18 15:37:37,APAC,paid_search,False,ios
u_000476,2025-12-14 03:25:10,APAC,youtube,False,android
u_000477,2025-12-12 16:23:19,NA,paid_search,True,ios
u_000478,2026-01-02 19:13:30,EU,youtube,False,web
u_000479,2025-12-08 13:03:53,APAC,tiktok,False,ios
u_000480,2025-11-23 21:29:08,NA,organic,True,android
u_000481,2026-01-02 22:40:01,APAC,tiktok,True,android
u_000482,2025-12-10 05:07:06,LATAM,tiktok,True,web
u_000483,2025-12-19 00:11:44,APAC,influencer,False,web
u_000484,2025-11-26 02:30:32,APAC,tiktok,False,android
u_000485,2025-12-02 17:14:50,APAC,organic,False,web
u_000486,2025-12-27 10:10:54,EU,youtube,False,ios
u_000487,2025-11-23 00:02:27,APAC,influencer,True,web
u_000488,2025-11-11 16:10:23,APAC,tiktok,False,android
u_000489,2025-11-17 12:50:29,EU,youtube,False,android
u_000490,2025-11-26 16:45:24,NA,organic,False,web
u_000491,2025-12-06 16:57:24,NA,tiktok,False,web
u_000492,2025-11-24 04:52:21,APAC,organic,False,ios
u_000493,2025-11-11 00:04:38,NA,organic,False,web
u_000494,2025-12-10 04:49:15,APAC,tiktok,False,ios
u_000495,2025-12-01 04:31:31,LATAM,organic,False,ios
u_000496,2025-11-15 12:00:51,APAC,youtube,False,web
u_000497,2025-12-11 05:32:12,LATAM,paid_search,True,ios
u_000498,2025-12-12 08:47:29,APAC,organic,False,android
u_000499,2025-12-23 08:23:35,NA,youtube,False,ios
u_000500,2025-11-05 14:56:30,APAC,tiktok,False,web
u_000501,2025-11-07 18:22:37,NA,organic,False,ios
u_000502,2025-12-28 12:37:39,NA,youtube,False,android
u_000503,2025-11-09 10:29:06,NA,tiktok,True,ios
u_000504,2025-11-30 01:32:15,NA,tiktok,False,web
u_000505,2025-11-21 07:22:51,NA,paid_search,False,web
u_000506,2025-12-16 04:14:37,NA,tiktok,False,android
u_000507,2026-01-04 09:16:13,EU,paid_search,True,android
u_000508,2025-12-27 13:44:00,APAC,tiktok,True,ios
u_000509,2025-11-19 13:29:30,NA,organic,True,web
u_000510,2025-12-20 02:03:06,NA,tiktok,False,ios
u_000511,2025-12-22 02:07:05,EU,organic,False,android
u_000512,2025-12-24 10:51:39,APAC,tiktok,False,ios
u_000513,2025-11-14 23:35:13,LATAM,youtube,False,web
u_000514,2025-12-12 18:09:49,NA,tiktok,False,ios
u_000515,2025-12-21 04:43:46,APAC,organic,False,android
u_000516,2025-12-08 02:45:46,EU,tiktok,False,web
u_000517,2025-12-01 13:21:48,EU,organic,False,ios
u_000518,2026-01-02 19:28:52,NA,youtube,False,ios
u_000519,2025-12-04 04:40:35,NA,youtube,False,ios
u_000520,2025-12-12 15:42:48,NA,paid_search,False,ios
u_000521,2025-12-13 20:51:49,NA,organic,False,ios
u_000522,2025-11-15 00:22:42,EU,tiktok,False,web
u_000523,2025-12-11 05:03:26,APAC,tiktok,True,web
u_000524,2025-11-07 20:42:45,APAC,paid_search,True,ios
u_000525,2025-12-13 13:21:57,EU,youtube,True,web
u_000526,2025-11-08 04:47:16,EU,organic,False,ios
u_000527,2025-11-07 19:11:24,NA,tiktok,True,ios
u_000528,2025-12-14 06:41:48,LATAM,youtube,True,web
u_000529,2025-11-16 22:29:07,EU,youtube,False,ios
u_000530,2025-11-14 08:00:22,NA,influencer,False,ios
u_000531,2025-11-24 04:35:48,NA,organic,False,web
u_000532,2025-12-30 06:22:05,EU,paid_search,False,ios
u_000533,2025-12-20 15:30:58,EU,organic,True,android
u_000534,2025-11-12 09:15:07,NA,paid_search,True,ios
u_000535,2025-11-23 10:44:39,APAC,influencer,False,ios
u_000536,2025-11-06 06:52:06,APAC,youtube,False,web
u_000537,2025-11-29 04:03:55,EU,youtube,False,web
u_000538,2025-12-02 22:28:26,NA,organic,True,web
u_000539,2025-12-28 02:57:02,NA,organic,False,android
u_000540,2025-11-13 00:11:02,LATAM,organic,False,ios
u_000541,2025-11-06 07:08:36,APAC,organic,True,web
u_000542,2025-11-22 03:29:40,NA,tiktok,True,ios
u_000543,2025-11-21 16:21:39,NA,organic,False,web
u_000544,2025-12-31 08:47:16,NA,influencer,False,web
u_000545,2025-11-27 02:10:12,NA,tiktok,False,ios
u_000546,2025-12-31 16:08:48,APAC,youtube,False,web
u_000547,2025-12-29 19:06:25,LATAM,youtube,False,ios
u_000548,2025-11-21 11:59:46,NA,organic,False,web
u_000549,2025-12-03 23:43:37,NA,organic,False,ios
u_000550,2025-11-14 04:10:34,APAC,organic,False,android
u_000551,2025-12-05 23:37:15,NA,youtube,True,android
u_000552,2025-11-19 04:52:02,LATAM,tiktok,False,android
u_000553,2025-11-30 21:01:48,EU,organic,False,android
u_000554,2025-11-11 05:23:12,LATAM,influencer,True,ios
u_000555,2025-11-25 20:05:59,NA,organic,False,ios
u_000556,2025-11-13 14:42:44,NA,youtube,False,ios
u_000557,2025-12-20 05:47:29,EU,tiktok,False,android
u_000558,2025-12-22 18:31:15,EU,youtube,False,ios
u_000559,2025-11-15 18:47:18,NA,paid_search,False,web
u_000560,2025-11-05 15:30:40,LATAM,youtube,True,android
u_000561,2025-11-23 20:05:44,APAC,tiktok,False,android
u_000562,2025-12-06 04:41:09,EU,organic,False,android
u_000563,2025-12-16 21:51:09,NA,influencer,True,web
u_000564,2025-12-19 02:16:30,APAC,tiktok,True,web
u_000565,2025-11-09 15:37:09,APAC,organic,False,web
u_000566,2025-12-17 11:03:09,NA,youtube,False,ios
u_000567,2025-12-08 03:06:14,LATAM,organic,False,web
u_000568,2025-11-08 11:16:26,NA,organic,True,ios
u_000569,2025-11-11 01:26:45,NA,paid_search,True,web
u_000570,2025-12-10 03:28:46,NA,tiktok,False,web
u_000571,2025-11-29 00:27:16,APAC,organic,True,ios
u_000572,2025-12-09 22:03:04,EU,youtube,False,android
u_000573,2025-11-13 04:52:34,NA,paid_search,False,web
u_000574,2025-12-13 00:59:18,NA,organic,True,ios
u_000575,2025-12-27 04:18:10,NA,youtube,True,web
u_000576,2025-12-24 01:21:18,NA,youtube,False,web
u_000577,2025-11-12 19:27:29,EU,organic,True,ios
u_000578,2026-01-03 15:39:21,NA,tiktok,False,ios
u_000579,2025-11-07 13:04:55,NA,organic,False,android
u_000580,2025-11-07 14:10:23,APAC,youtube,True,ios
u_000581,2026-01-04 07:15:10,EU,influencer,False,android
u_000582,2025-11-18 14:52:20,APAC,organic,True,web
u_000583,2025-12-01 19:25:10,NA,influencer,True,web
u_000584,2025-12-04 01:36:12,NA,youtube,True,web
u_000585,2025-11-11 15:09:59,EU,organic,False,android
u_000586,2025-11-18 04:41:22,NA,youtube,False,web
u_000587,2025-12-10 19:54:42,NA,organic,False,web
u_000588,2025-11-25 12:22:33,APAC,paid_search,False,ios
u_000589,2025-11-21 10:22:06,LATAM,tiktok,False,web
u_000590,2025-11-13 07:09:09,NA,youtube,False,web
u_000591,2026-01-04 08:38:35,NA,youtube,False,web
u_000592,2025-12-19 19:17:25,LATAM,tiktok,False,web
u_000593,2025-11-26 23:08:03,NA,influencer,True,ios
u_000594,2025-12-30 19:19:25,EU,tiktok,True,ios
u_000595,2025-12-13 13:00:15,LATAM,paid_search,False,web
u_000596,2025-12-06 17:02:01,LATAM,tiktok,False,web
u_000597,2025-11-11 09:14:21,EU,organic,False,android
u_000598,2026-01-01 12:01:33,NA,paid_search,False,ios
u_000599,2025-12-24 11:18:43,NA,youtube,False,ios
u_000600,2025-12-09 20:20:28,APAC,youtube,False,ios
u_000601,2025-12-20 00:52:37,LATAM,paid_search,False,web
u_000602,2025-11-14 20:10:57,EU,organic,False,android
u_000603,2025-11-29 06:16:34,APAC,tiktok,False,ios
u_000604,2025-12-14 03:13:45,APAC,organic,False,web
u_000605,2025-11-08 12:48:30,EU,youtube,True,ios
u_000606,2025-12-06 12:05:47,APAC,influencer,False,web
u_000607,2025-12-21 23:35:27,APAC,paid_search,False,web
u_000608,2025-12-08 09:02:37,EU,tiktok,False,android
u_000609,2025-12-30 14:18:52,NA,youtube,True,android
u_000610,2025-11-18 16:20:51,APAC,paid_search,False,web
u_000611,2025-11-16 17:57:37,EU,youtube,False,ios
u_000612,2025-12-06 07:57:03,NA,organic,True,android
u_000613,2025-11-19 20:11:46,APAC,tiktok,False,web
u_000614,2025-11-14 09:48:20,APAC,paid_search,False,ios
u_000615,2025-12-30 15:16:35,LATAM,paid_search,False,ios
u_000616,2025-12-23 21:26:38,NA,youtube,True,ios
u_000617,2025-12-19 18:40:49,EU,paid_search,False,ios
u_000618,2025-12-09 13:56:38,NA,organic,False,ios
u_000619,2025-12-09 20:05:13,LATAM,organic,False,android
u_000620,2025-11-18 11:06:36,NA,paid_search,False,web
u_000621,2025-12-15 10:30:58,EU,organic,False,android
u_000622,2025-11-26 15:35:41,APAC,organic,True,web
u_000623,2025-11-29 19:08:39,NA,tiktok,True,web
u_000624,2025-12-02 15:27:09,LATAM,tiktok,False,web
u_000625,2025-12-06 06:45:03,APAC,tiktok,True,ios
u_000626,2025-11-28 22:08:46,NA,organic,False,web
u_000627,2025-12-12 22:35:40,NA,paid_search,False,android
u_000628,2025-11-07 12:03:03,NA,paid_search,False,ios
u_000629,2025-12-26 07:54:12,NA,organic,True,web
u_000630,2025-11-12 01:12:17,APAC,tiktok,False,ios
u_000631,2025-12-30 21:37:57,LATAM,youtube,False,android
u_000632,2025-11-29 18:39:33,NA,youtube,True,ios
u_000633,2025-12-02 09:38:21,EU,organic,True,web
u_000634,2025-11-13 13:57:21,EU,tiktok,False,android
u_000635,2025-12-04 18:50:36,NA,organic,True,ios
u_000636,2025-12-25 16:11:53,NA,organic,False,ios
u_000637,2025-11-07 13:49:56,NA,tiktok,True,web
u_000638,2025-12-16 23:07:06,EU,youtube,False,ios
u_000639,2025-11-08 07:04:02,EU,youtube,False,android
u_000640,2025-12-03 23:22:32,APAC,youtube,False,web
u_000641,2026-01-04 07:51:02,NA,organic,False,web
u_000642,2025-11-09 20:59:00,APAC,youtube,False,android
u_000643,2025-12-31 04:00:10,APAC,organic,True,web
u_000644,2025-11-21 01:32:17,APAC,tiktok,True,android
u_000645,2026-01-01 00:21:35,NA,youtube,False,web
u_000646,2025-12-19 23:01:53,APAC,youtube,False,ios
u_000647,2025-12-11 14:32:03,APAC,tiktok,False,web
u_000648,2025-12-20 03:21:30,NA,youtube,False,android
u_000649,2025-11-10 15:04:14,NA,paid_search,False,ios
u_000650,2026-01-03 10:05:30,LATAM,tiktok,False,android
u_000651,2025-11-16 16:35:49,APAC,youtube,False,ios
u_000652,2025-12-08 11:05:39,LATAM,paid_search,False,web
u_000653,2025-12-04 04:23:14,APAC,youtube,False,web
u_000654,2025-12-09 11:59:04,EU,tiktok,False,ios
u_000655,2025-12-16 02:06:19,NA,organic,False,ios
u_000656,2025-12-11 15:45:44,NA,organic,True,android
u_000657,2025-12-23 14:22:26,LATAM,tiktok,False,ios
u_000658,2025-11-15 23:44:53,NA,youtube,True,ios
u_000659,2025-11-30 21:43:44,NA,tiktok,False,android
u_000660,2025-11-05 14:34:48,APAC,paid_search,True,web
u_000661,2025-12-02 19:22:44,APAC,organic,True,android
u_000662,2025-12-02 20:46:16,NA,youtube,False,ios
u_000663,2025-11-15 06:25:15,NA,tiktok,False,ios
u_000664,2025-11-22 22:13:53,EU,tiktok,False,web
u_000665,2025-11-28 21:06:34,NA,influencer,False,web
u_000666,2025-12-23 23:11:30,APAC,organic,False,web
u_000667,2026-01-01 15:04:26,NA,organic,True,android
u_000668,2026-01-04 06:55:39,APAC,tiktok,False,android
u_000669,2025-12-02 19:37:36,APAC,tiktok,False,web
u_000670,2025-11-26 10:34:14,EU,youtube,False,android
u_000671,2025-12-26 07:34:41,NA,paid_search,False,ios
u_000672,2025-11-23 06:54:02,EU,organic,False,android
u_000673,2025-11-21 18:42:57,NA,tiktok,False,web
u_000674,2025-12-06 19:03:47,NA,youtube,False,ios
u_000675,2025-12-22 22:47:54,APAC,paid_search,False,ios
u_000676,2025-12-24 00:05:46,EU,paid_search,False,web
u_000677,2025-12-04 17:17:14,APAC,youtube,False,ios
u_000678,2025-11-20 00:25:44,NA,tiktok,True,ios
u_000679,2026-01-03 09:41:41,NA,organic,False,web
u_000680,2025-11-15 08:25:29,LATAM,organic,False,web
u_000681,2025-11-15 20:16:21,EU,tiktok,True,android
u_000682,2025-11-30 12:43:54,EU,youtube,False,web
u_000683,2025-12-13 01:11:00,EU,youtube,False,web
u_000684,2025-12-19 09:28:25,NA,youtube,False,ios
u_000685,2025-12-09 23:54:03,APAC,tiktok,False,ios
u_000686,2025-12-27 22:23:13,NA,youtube,False,ios
u_000687,2025-12-06 21:13:57,EU,organic,True,android
u_000688,2025-12-10 04:01:45,EU,organic,False,web
u_000689,2025-12-25 20:56:16,LATAM,organic,False,ios
u_000690,2025-12-09 23:58:30,EU,paid_search,False,android
u_000691,2025-12-02 09:06:53,NA,organic,True,android
u_000692,2025-11-14 12:45:18,EU,influencer,False,ios
u_000693,2025-11-25 03:21:16,NA,organic,False,web
u_000694,2025-12-29 10:52:54,NA,tiktok,False,ios
u_000695,2025-12-31 12:16:10,NA,paid_search,False,web
u_000696,2025-11-08 05:18:04,EU,tiktok,False,ios
u_000697,2025-11-12 20:25:31,NA,organic,False,web
u_000698,2025-11-16 02:22:43,EU,organic,False,web
u_000699,2025-11-20 18:55:08,LATAM,paid_search,False,ios
u_000700,2025-12-25 05:00:27,APAC,tiktok,True,ios
u_000701,2025-12-07 01:15:38,NA,tiktok,False,ios
u_000702,2025-11-10 07:30:55,NA,tiktok,False,ios
u_000703,2025-11-29 12:02:15,APAC,organic,False,ios
u_000704,2025-12-11 00:56:32,APAC,organic,False,ios
u_000705,2025-12-14 13:54:29,NA,youtube,False,ios
u_000706,2025-11-09 02:42:46,APAC,youtube,False,web
u_000707,2025-11-30 04:02:29,EU,organic,False,ios
u_000708,2025-12-26 03:23:51,EU,youtube,False,ios
u_000709,2025-11-28 16:54:13,LATAM,influencer,False,ios
u_000710,2025-12-26 12:01:58,APAC,paid_search,False,ios
u_000711,2025-12-12 02:49:18,APAC,organic,False,ios
u_000712,2025-11-30 19:28:57,NA,organic,False,android
u_000713,2025-11-17 08:43:20,EU,influencer,False,ios
u_000714,2025-11-30 17:55:29,EU,organic,True,ios
u_000715,2025-11-17 14:04:55,NA,organic,False,ios
u_000716,2025-11-30 09:39:00,EU,influencer,False,web
u_000717,2025-12-17 16:38:13,NA,organic,False,ios
u_000718,2025-11-16 13:49:48,NA,tiktok,True,ios
u_000719,2025-11-27 02:57:52,NA,tiktok,False,web
u_000720,2025-12-04 00:37:47,APAC,influencer,True,ios
u_000721,2025-12-12 11:42:12,LATAM,organic,False,ios
u_000722,2025-12-13 03:51:38,EU,paid_search,False,android
u_000723,2025-12-04 02:41:14,EU,tiktok,False,android
u_000724,2025-11-29 07:13:09,NA,tiktok,True,web
u_000725,2025-12-23 13:30:36,LATAM,organic,True,ios
u_000726,2025-11-17 10:15:05,EU,organic,True,web
u_000727,2025-11-10 20:13:36,APAC,youtube,False,web
u_000728,2025-12-23 02:46:19,APAC,tiktok,False,android
u_000729,2025-12-12 22:02:31,NA,paid_search,False,web
u_000730,2025-12-10 13:19:36,EU,tiktok,False,web
u_000731,2025-11-30 22:25:09,LATAM,tiktok,False,android
u_000732,2025-11-24 20:26:51,NA,tiktok,False,android
u_000733,2025-12-06 09:49:50,APAC,youtube,True,android
u_000734,2025-12-18 15:39:39,LATAM,tiktok,True,android
u_000735,2025-11-16 23:53:06,NA,organic,False,ios
u_000736,2025-12-15 19:58:49,APAC,influencer,False,web
u_000737,2025-11-18 02:42:07,LATAM,tiktok,True,ios
u_000738,2025-12-11 01:44:12,APAC,tiktok,True,ios
u_000739,2025-12-13 17:42:26,NA,tiktok,False,web
u_000740,2025-12-22 15:01:35,NA,youtube,False,android
u_000741,2025-11-06 20:54:04,NA,organic,False,ios
u_000742,2025-12-17 00:17:14,APAC,organic,False,web
u_000743,2025-11-16 21:12:19,APAC,influencer,False,web
u_000744,2025-11-30 00:00:48,EU,organic,False,web
u_000745,2025-12-24 08:21:07,NA,youtube,False,android
u_000746,2025-11-25 10:34:02,NA,organic,False,ios
u_000747,2025-12-16 21:52:54,APAC,organic,False,ios
u_000748,2025-12-23 21:05:15,APAC,organic,False,ios
u_000749,2025-12-27 04:00:49,LATAM,tiktok,False,ios
u_000750,2025-12-28 23:17:44,APAC,youtube,False,android
u_000751,2025-12-07 19:04:25,APAC,organic,True,ios
u_000752,2025-12-21 15:52:56,APAC,organic,True,android
u_000753,2025-12-04 20:24:33,EU,paid_search,False,android
u_000754,2025-11-13 14:31:14,NA,tiktok,False,android
u_000755,2025-12-17 00:23:31,LATAM,influencer,False,ios
u_000756,2025-11-07 13:44:47,EU,paid_search,False,android
u_000757,2025-11-19 02:53:16,NA,paid_search,True,ios
u_000758,2025-12-19 16:00:24,NA,paid_search,False,android
u_000759,2025-11-13 09:45:25,NA,organic,False,android
u_000760,2025-12-30 21:14:09,EU,paid_search,False,android
u_000761,2025-11-30 17:47:19,NA,influencer,False,android
u_000762,2025-12-23 15:23:34,NA,influencer,False,ios
u_000763,2025-12-10 13:08:32,EU,organic,False,web
u_000764,2025-11-13 16:35:55,NA,paid_search,False,web
u_000765,2025-11-07 08:58:39,APAC,youtube,False,android
u_000766,2025-12-14 20:42:56,EU,youtube,False,web
u_000767,2025-11-29 14:24:31,EU,organic,False,ios
u_000768,2025-11-12 23:41:38,NA,organic,False,ios
u_000769,2025-12-13 10:47:18,NA,paid_search,False,ios
u_000770,2025-12-19 14:31:25,NA,tiktok,False,android
u_000771,2025-11-08 14:08:09,APAC,organic,False,ios
u_000772,2025-11-26 21:24:52,APAC,influencer,False,android
u_000773,2025-11-21 05:09:42,NA,organic,False,ios
u_000774,2025-11-13 06:54:09,EU,tiktok,False,android
u_000775,2025-11-23 21:45:04,NA,organic,True,web
u_000776,2025-11-07 16:51:29,LATAM,organic,True,web
u_000777,2025-11-27 08:10:43,LATAM,organic,False,android
u_000778,2025-12-22 07:40:38,EU,organic,False,ios
u_000779,2025-12-05 01:23:39,APAC,organic,False,ios
u_000780,2025-11-08 08:31:17,APAC,youtube,True,ios
u_000781,2025-12-31 10:47:19,APAC,paid_search,False,ios
u_000782,2025-12-01 03:18:30,APAC,tiktok,False,ios
u_000783,2025-12-13 05:56:42,LATAM,organic,False,web
u_000784,2025-12-07 02:30:30,EU,organic,False,ios
u_000785,2025-11-23 09:03:40,EU,influencer,True,ios
u_000786,2025-12-24 17:29:08,APAC,paid_search,False,ios
u_000787,2025-12-18 10:01:09,EU,organic,False,ios
u_000788,2025-11-19 02:58:59,APAC,organic,True,android
u_000789,2025-12-23 12:43:29,NA,tiktok,True,ios
u_000790,2025-12-26 20:44:15,NA,youtube,True,android
u_000791,2025-12-26 05:07:30,NA,tiktok,False,ios
u_000792,2025-11-08 01:37:00,EU,youtube,False,ios
u_000793,2025-11-22 01:05:40,EU,youtube,False,web
u_000794,2025-12-19 08:53:35,LATAM,paid_search,True,web
u_000795,2025-11-27 21:10:49,EU,organic,False,ios
u_000796,2025-12-28 19:27:50,APAC,paid_search,False,ios
u_000797,2025-11-20 11:13:33,NA,organic,False,android
u_000798,2025-12-22 15:18:54,APAC,youtube,True,ios
u_000799,2025-11-26 10:18:37,EU,tiktok,True,android
u_000800,2025-11-24 08:16:42,APAC,tiktok,False,android
u_000801,2025-12-27 01:20:11,NA,youtube,True,web
u_000802,2025-11-16 01:49:16,EU,organic,False,ios
u_000803,2025-12-09 09:48:58,EU,organic,False,ios
u_000804,2025-11-08 02:33:12,EU,tiktok,False,web
u_000805,2026-01-02 14:58:12,LATAM,tiktok,True,web
u_000806,2025-12-30 20:58:01,APAC,organic,False,android
u_000807,2025-12-06 14:30:41,LATAM,paid_search,False,android
u_000808,2025-11-29 06:32:36,EU,organic,False,android
u_000809,2025-11-28 02:00:19,LATAM,tiktok,False,ios
u_000810,2025-12-17 04:27:48,APAC,organic,False,ios
u_000811,2025-12-27 12:19:07,NA,tiktok,False,ios
u_000812,2025-11-18 02:13:24,NA,organic,False,ios
u_000813,2025-11-20 14:44:16,NA,tiktok,False,ios
u_000814,2026-01-03 14:03:41,NA,organic,True,web
u_000815,2025-12-13 18:17:34,NA,organic,False,android
u_000816,2025-11-14 03:44:27,NA,youtube,False,android
u_000817,2025-12-19 10:48:21,APAC,youtube,False,ios
u_000818,2025-12-29 03:48:35,NA,organic,True,android
u_000819,2025-12-11 03:50:29,NA,organic,False,web
u_000820,2025-11-21 10:12:41,APAC,influencer,False,web
u_000821,2026-01-01 05:00:59,APAC,organic,True,android
u_000822,2025-11-30 11:09:01,LATAM,paid_search,False,android
u_000823,2025-12-30 08:36:07,EU,tiktok,False,ios
u_000824,2025-11-06 10:29:04,EU,organic,False,web
u_000825,2025-12-04 22:58:32,NA,youtube,False,android
u_000826,2025-12-16 21:48:24,NA,influencer,True,web
u_000827,2025-11-21 16:21:37,NA,organic,False,ios
u_000828,2025-11-11 15:50:15,NA,tiktok,False,web
u_000829,2025-11-26 22:23:43,LATAM,tiktok,False,android
u_000830,2025-12-08 12:46:27,NA,paid_search,False,ios
u_000831,2025-12-26 00:38:05,NA,youtube,False,android
u_000832,2025-12-10 06:24:16,NA,organic,False,web
u_000833,2025-12-17 08:38:47,APAC,organic,True,ios
u_000834,2025-11-26 20:24:05,NA,organic,False,android
u_000835,2026-01-02 11:15:25,EU,organic,False,web
u_000836,2025-11-20 16:42:23,NA,organic,False,ios
u_000837,2025-12-23 09:37:29,NA,youtube,False,ios
u_000838,2025-11-15 23:01:45,NA,organic,False,android
u_000839,2025-12-08 07:56:40,EU,organic,True,web
u_000840,2025-11-08 04:09:47,NA,youtube,False,ios
u_000841,2025-12-16 05:29:47,APAC,organic,False,ios
u_000842,2025-12-08 06:48:45,EU,organic,False,ios
u_000843,2025-12-27 19:15:38,APAC,organic,False,web
u_000844,2025-11-24 22:53:15,NA,organic,True,ios
u_000845,2025-11-26 21:16:44,NA,influencer,False,ios
u_000846,2026-01-04 03:06:14,NA,youtube,True,web
u_000847,2026-01-02 00:26:56,EU,organic,True,ios
u_000848,2025-12-22 23:33:09,EU,organic,False,android
u_000849,2025-12-07 13:20:02,EU,organic,False,web
u_000850,2025-11-08 22:45:18,APAC,tiktok,False,ios
u_000851,2025-11-06 11:07:30,APAC,tiktok,True,ios
u_000852,2025-11-17 09:43:33,APAC,tiktok,False,web
u_000853,2025-12-10 17:14:07,NA,organic,False,web
u_000854,2025-11-09 13:28:21,EU,organic,False,ios
u_000855,2025-12-02 23:01:41,NA,youtube,False,android
u_000856,2025-11-28 09:55:52,APAC,influencer,False,web
u_000857,2025-11-13 06:35:30,NA,paid_search,False,android
u_000858,2025-12-29 14:58:16,NA,organic,False,ios
u_000859,2025-11-08 07:00:34,APAC,youtube,False,web
u_000860,2025-11-22 04:06:00,EU,youtube,True,ios
u_000861,2025-11-20 16:16:38,NA,paid_search,False,android
u_000862,2025-12-04 01:21:14,NA,organic,True,web
u_000863,2025-11-20 14:36:50,EU,youtube,True,ios
u_000864,2025-11-18 14:34:45,LATAM,organic,True,ios
u_000865,2025-12-15 09:40:15,EU,youtube,False,web
u_000866,2025-12-20 09:59:03,LATAM,organic,False,web
u_000867,2025-11-11 15:14:00,NA,youtube,False,web
u_000868,2025-12-14 19:58:32,EU,influencer,False,web
u_000869,2025-12-24 16:54:53,APAC,organic,True,web
u_000870,2025-11-05 20:09:28,EU,tiktok,False,android
u_000871,2025-11-29 09:00:26,NA,organic,False,android
u_000872,2025-11-30 07:33:17,EU,tiktok,False,web
u_000873,2025-12-01 00:40:16,EU,organic,False,ios
u_000874,2025-12-16 16:51:22,APAC,organic,True,web
u_000875,2025-12-16 08:09:07,APAC,paid_search,True,web
u_000876,2025-11-08 17:22:34,APAC,organic,False,web
u_000877,2025-12-17 23:17:48,EU,youtube,False,ios
u_000878,2025-11-18 23:00:04,NA,paid_search,False,android
u_000879,2025-11-24 14:32:09,NA,paid_search,False,ios
u_000880,2025-11-16 21:07:16,APAC,youtube,False,ios
u_000881,2025-12-21 14:17:42,LATAM,organic,False,web
u_000882,2025-12-21 04:08:53,NA,influencer,True,web
u_000883,2025-12-05 02:34:13,EU,organic,True,android
u_000884,2026-01-03 17:34:38,NA,paid_search,False,web
u_000885,2025-11-13 01:47:33,NA,youtube,False,android
u_000886,2025-11-12 03:40:05,EU,youtube,True,web
u_000887,2025-11-11 17:12:22,EU,organic,True,ios
u_000888,2026-01-01 17:48:46,NA,tiktok,True,android
u_000889,2025-12-19 13:46:50,APAC,influencer,True,web
u_000890,2025-12-13 02:33:50,APAC,influencer,True,ios
u_000891,2025-11-09 06:26:18,LATAM,organic,False,android
u_000892,2025-12-24 17:54:15,NA,paid_search,False,web
u_000893,2025-12-23 16:22:12,EU,organic,False,ios
u_000894,2025-12-26 02:33:00,NA,tiktok,False,web
u_000895,2025-12-04 09:20:53,NA,youtube,False,web
u_000896,2025-12-19 16:06:14,EU,organic,False,web
u_000897,2025-12-27 12:53:50,APAC,organic,False,android
u_000898,2025-11-28 05:56:36,NA,youtube,False,web
u_000899,2025-12-24 00:34:23,LATAM,organic,False,web
u_000900,2025-12-11 22:48:18,APAC,organic,False,ios
u_000901,2025-12-07 17:07:24,APAC,youtube,False,web
u_000902,2025-11-12 22:07:37,APAC,influencer,False,ios
u_000903,2025-12-27 20:03:48,NA,tiktok,False,web
u_000904,2025-11-07 14:06:04,APAC,organic,False,ios
u_000905,2025-12-07 16:06:57,NA,organic,True,ios
u_000906,2025-11-30 01:28:12,APAC,youtube,False,ios
u_000907,2025-12-10 05:14:03,NA,tiktok,False,web
u_000908,2025-12-28 01:32:07,NA,youtube,True,ios
u_000909,2025-11-08 03:37:16,EU,influencer,False,android
u_000910,2025-11-05 13:10:33,NA,tiktok,False,web
u_000911,2025-11-16 01:13:04,NA,organic,True,web
u_000912,2025-12-07 14:31:42,EU,paid_search,False,web
u_000913,2025-12-08 11:24:47,APAC,tiktok,True,ios
u_000914,2025-11-28 22:25:31,EU,tiktok,False,android
u_000915,2025-11-24 19:57:45,NA,paid_search,False,web
u_000916,2025-11-29 22:30:09,NA,paid_search,False,web
u_000917,2025-12-08 23:45:15,NA,tiktok,False,web
u_000918,2025-11-11 12:35:10,EU,organic,False,web
u_000919,2025-12-19 06:18:02,APAC,paid_search,False,ios
u_000920,2025-12-26 21:07:07,NA,youtube,False,android
u_000921,2025-12-02 16:02:23,NA,tiktok,False,web
u_000922,2025-11-12 13:35:19,NA,tiktok,False,android
u_000923,2025-12-16 05:38:44,NA,tiktok,False,ios
u_000924,2025-12-22 18:11:20,NA,paid_search,True,android
u_000925,2025-12-08 02:50:04,APAC,tiktok,False,ios
u_000926,2025-11-18 05:12:11,NA,influencer,False,web
u_000927,2025-12-07 06:33:09,EU,influencer,False,android
u_000928,2025-12-23 11:59:17,EU,influencer,False,web
u_000929,2025-11-19 15:00:27,NA,youtube,False,ios
u_000930,2025-12-01 08:43:57,APAC,influencer,True,android
u_000931,2025-12-30 01:06:35,EU,organic,True,web
u_000932,2025-12-18 08:59:54,NA,organic,False,ios
u_000933,2025-11-14 18:51:26,APAC,influencer,False,android
u_000934,2025-12-31 04:36:42,NA,tiktok,False,android
u_000935,2025-11-19 08:10:09,APAC,organic,False,ios
u_000936,2025-12-11 01:33:29,EU,organic,False,web
u_000937,2026-01-02 22:03:43,EU,organic,False,ios
u_000938,2025-12-25 20:25:14,APAC,youtube,False,ios
u_000939,2025-11-10 08:23:44,APAC,youtube,False,ios
u_000940,2025-12-06 05:12:15,EU,organic,True,android
u_000941,2025-11-15 20:21:20,APAC,influencer,False,web
u_000942,2025-11-07 08:30:31,NA,organic,False,web
u_000943,2025-11-20 14:49:59,EU,youtube,False,ios
u_000944,2025-12-31 00:48:31,NA,tiktok,False,android
u_000945,2025-11-11 08:42:35,NA,youtube,False,ios
u_000946,2025-11-09 15:54:00,APAC,organic,False,android
u_000947,2025-12-02 13:34:16,NA,organic,False,android
u_000948,2025-11-12 06:54:17,NA,influencer,False,android
u_000949,2026-01-04 04:36:39,APAC,organic,False,android
u_000950,2025-12-17 17:23:43,NA,paid_search,True,android
u_000951,2025-12-04 07:30:04,NA,youtube,False,android
u_000952,2025-11-19 02:27:51,EU,tiktok,False,ios
u_000953,2025-11-17 07:48:07,EU,youtube,False,web
u_000954,2025-12-25 05:51:07,APAC,organic,False,web
u_000955,2025-12-14 15:48:06,EU,tiktok,False,web
u_000956,2025-12-10 11:17:08,EU,paid_search,False,web
u_000957,2025-12-10 21:58:09,APAC,organic,True,web
u_000958,2025-12-14 05:07:17,EU,youtube,False,android
u_000959,2025-11-06 14:42:58,EU,tiktok,True,ios
u_000960,2025-12-09 05:17:43,APAC,youtube,True,web
u_000961,2025-11-17 00:22:24,NA,organic,False,android
u_000962,2025-12-23 11:16:02,NA,tiktok,False,ios
u_000963,2025-12-03 01:56:02,NA,paid_search,False,web
u_000964,2025-12-01 18:56:12,EU,organic,True,android
u_000965,2025-11-25 10:31:37,NA,youtube,False,web
u_000966,2025-11-30 14:58:17,EU,tiktok,True,ios
u_000967,2026-01-04 06:18:36,APAC,tiktok,False,web
u_000968,2025-12-14 13:03:40,EU,tiktok,False,ios
u_000969,2025-11-17 13:01:45,NA,tiktok,True,android
u_000970,2025-11-10 22:21:33,APAC,organic,False,web
u_000971,2025-12-29 17:05:12,NA,paid_search,True,android
u_000972,2025-12-08 03:02:16,APAC,influencer,False,web
u_000973,2025-12-18 14:28:56,EU,organic,False,ios
u_000974,2025-12-30 13:55:19,NA,tiktok,False,android
u_000975,2025-12-04 15:28:02,LATAM,youtube,False,android
u_000976,2025-12-31 02:01:22,NA,paid_search,False,web
u_000977,2025-11-27 21:53:32,LATAM,paid_search,True,web
u_000978,2026-01-01 21:57:42,NA,paid_search,True,ios
u_000979,2025-11-13 02:32:32,NA,organic,False,web
u_000980,2025-12-12 21:25:55,NA,paid_search,False,ios
u_000981,2025-11-29 00:13:23,NA,influencer,True,android
u_000982,2025-11-12 23:31:42,APAC,organic,False,ios
u_000983,2025-11-29 09:52:53,APAC,organic,False,web
u_000984,2025-12-25 13:02:41,APAC,tiktok,False,ios
u_000985,2025-12-25 21:56:10,NA,youtube,False,android
u_000986,2025-12-16 15:57:16,NA,organic,False,ios
u_000987,2025-12-19 04:37:45,EU,organic,False,ios
u_000988,2025-12-14 23:57:13,NA,organic,True,web
u_000989,2025-12-22 03:00:47,APAC,tiktok,False,web
u_000990,2025-12-26 23:07:04,EU,organic,True,web
u_000991,2025-11-20 05:45:54,NA,youtube,True,ios
u_000992,2026-01-04 06:26:20,APAC,organic,False,web
u_000993,2025-11-14 14:36:12,APAC,paid_search,False,ios
u_000994,2025-11-21 07:17:00,EU,paid_search,False,ios
u_000995,2025-12-23 02:17:45,NA,paid_search,False,ios
u_000996,2025-12-31 22:52:05,NA,youtube,False,web
u_000997,2026-01-03 19:35:11,NA,organic,True,android
u_000998,2025-11-17 00:35:44,NA,tiktok,False,ios
u_000999,2025-11-25 22:12:47,NA,organic,False,web
u_001000,2025-12-04 03:24:04,APAC,paid_search,True,web
u_001001,2025-12-01 13:17:55,EU,organic,False,ios
u_001002,2025-12-07 21:55:18,EU,tiktok,False,ios
u_001003,2025-12-04 18:47:18,NA,youtube,False,web
u_001004,2025-12-27 22:32:43,LATAM,paid_search,False,web
u_001005,2025-11-26 17:04:34,NA,youtube,True,web
u_001006,2025-12-09 21:51:21,APAC,youtube,False,android
u_001007,2025-11-07 16:32:28,LATAM,tiktok,True,ios
u_001008,2025-12-02 08:14:04,APAC,tiktok,False,ios
u_001009,2025-11-12 10:12:58,LATAM,organic,False,android
u_001010,2025-11-12 04:54:45,EU,paid_search,False,ios
u_001011,2026-01-01 12:12:22,NA,tiktok,False,ios
u_001012,2025-11-06 23:47:56,NA,organic,True,web
u_001013,2025-11-15 16:06:43,NA,paid_search,False,ios
u_001014,2025-12-23 21:42:59,NA,tiktok,False,web
u_001015,2026-01-04 02:05:16,APAC,influencer,False,ios
u_001016,2025-11-11 18:13:49,NA,influencer,False,web
u_001017,2025-11-21 21:47:11,APAC,influencer,False,web
u_001018,2025-12-30 21:03:06,NA,organic,True,web
u_001019,2025-12-06 01:41:26,EU,organic,False,ios
u_001020,2025-12-06 05:07:35,LATAM,influencer,False,android
u_001021,2025-11-06 22:46:07,NA,paid_search,False,ios
u_001022,2025-11-08 23:16:37,APAC,tiktok,False,android
u_001023,2025-12-19 03:59:10,APAC,tiktok,False,ios
u_001024,2025-11-18 01:05:39,NA,organic,False,ios
u_001025,2025-11-18 13:04:07,EU,paid_search,False,web
u_001026,2025-12-12 17:42:49,NA,organic,False,android
u_001027,2025-12-20 13:32:33,APAC,organic,True,web
u_001028,2025-11-29 11:41:33,EU,youtube,False,ios
u_001029,2025-12-14 16:11:24,EU,organic,False,ios
u_001030,2025-12-22 09:26:26,APAC,paid_search,False,ios
u_001031,2026-01-03 04:44:23,NA,organic,False,web
u_001032,2025-12-24 23:37:01,APAC,organic,False,ios
u_001033,2025-11-14 14:38:45,APAC,tiktok,False,android
u_001034,2025-11-26 20:25:01,APAC,tiktok,False,android
u_001035,2025-11-27 23:14:53,APAC,organic,False,android
u_001036,2025-11-06 00:05:06,NA,tiktok,False,web
u_001037,2025-12-01 14:39:35,LATAM,tiktok,False,ios
u_001038,2025-11-28 04:39:36,NA,paid_search,False,web
u_001039,2025-11-16 03:59:55,EU,organic,True,android
u_001040,2025-12-01 13:09:38,NA,paid_search,False,web
u_001041,2025-12-18 01:17:38,LATAM,youtube,True,ios
u_001042,2025-12-05 23:17:43,APAC,organic,False,android
u_001043,2025-12-20 13:45:28,APAC,organic,False,ios
u_001044,2025-12-08 15:03:22,NA,tiktok,False,ios
u_001045,2025-11-14 13:33:16,APAC,organic,False,web
u_001046,2025-12-02 00:42:37,APAC,organic,False,ios
u_001047,2025-11-13 17:13:21,APAC,organic,True,android
u_001048,2025-11-08 17:18:54,NA,youtube,True,ios
u_001049,2025-11-27 18:12:41,EU,tiktok,True,web
u_001050,2025-12-03 06:33:52,NA,organic,False,web
u_001051,2025-12-11 15:15:04,EU,tiktok,False,web
u_001052,2025-12-20 15:34:21,NA,youtube,False,ios
u_001053,2025-11-05 20:15:48,NA,organic,False,web
u_001054,2025-12-05 19:37:41,NA,paid_search,True,ios
u_001055,2025-11-11 07:06:08,NA,tiktok,False,ios
u_001056,2025-11-23 19:32:20,NA,paid_search,True,android
u_001057,2025-11-15 10:35:03,LATAM,organic,True,web
u_001058,2025-12-18 18:19:55,EU,paid_search,True,android
u_001059,2025-12-31 01:03:23,NA,youtube,False,ios
u_001060,2025-12-07 06:15:50,EU,tiktok,False,ios
u_001061,2025-12-31 22:58:21,EU,tiktok,False,android
u_001062,2025-12-26 09:05:08,LATAM,organic,False,web
u_001063,2025-11-10 09:27:37,NA,paid_search,False,ios
u_001064,2025-12-18 17:42:12,NA,youtube,True,web
u_001065,2025-12-25 16:36:16,LATAM,organic,False,ios
u_001066,2025-12-19 09:59:25,NA,organic,False,ios
u_001067,2025-11-05 23:11:01,NA,organic,False,web
u_001068,2025-12-16 01:26:36,NA,tiktok,False,ios
u_001069,2025-12-11 20:26:32,NA,tiktok,False,ios
u_001070,2025-12-30 17:37:42,LATAM,tiktok,False,android
u_001071,2025-12-01 20:06:10,NA,organic,False,web
u_001072,2025-12-30 03:59:19,LATAM,tiktok,False,web
u_001073,2025-11-12 17:27:27,LATAM,tiktok,True,ios
u_001074,2026-01-02 20:16:21,EU,organic,False,web
u_001075,2025-12-22 13:42:27,NA,organic,False,ios
u_001076,2025-11-22 23:54:40,NA,organic,False,web
u_001077,2025-11-23 06:28:20,EU,paid_search,False,web
u_001078,2025-11-17 20:17:22,NA,youtube,False,android
u_001079,2025-12-25 02:50:31,EU,paid_search,False,android
u_001080,2025-11-14 16:42:01,NA,organic,True,ios
u_001081,2025-11-18 12:08:52,LATAM,influencer,True,android
u_001082,2025-11-08 21:56:21,EU,tiktok,False,ios
u_001083,2025-12-13 03:15:52,APAC,tiktok,False,ios
u_001084,2025-11-11 08:43:45,APAC,organic,False,android
u_001085,2025-12-19 21:25:04,NA,youtube,True,ios
u_001086,2025-12-04 16:55:06,NA,paid_search,True,ios
u_001087,2025-12-25 07:40:46,NA,organic,True,ios
u_001088,2025-11-11 18:13:59,NA,organic,False,android
u_001089,2025-12-19 23:56:19,EU,youtube,False,web
u_001090,2025-12-27 23:50:30,NA,paid_search,False,web
u_001091,2026-01-01 03:52:58,NA,youtube,False,web
u_001092,2025-11-25 20:14:52,LATAM,organic,False,web
u_001093,2025-12-31 15:49:26,NA,tiktok,False,web
u_001094,2025-11-10 07:18:48,EU,organic,True,android
u_001095,2025-12-11 08:04:48,NA,influencer,False,ios
u_001096,2026-01-02 00:23:51,NA,youtube,False,web
u_001097,2025-12-03 12:51:09,EU,tiktok,True,android
u_001098,2026-01-02 05:58:07,LATAM,organic,True,ios
u_001099,2025-12-08 12:00:38,NA,paid_search,False,ios
u_001100,2025-12-07 05:20:22,NA,youtube,False,ios
u_001101,2025-12-03 15:37:32,NA,paid_search,False,android
u_001102,2025-11-15 22:34:10,NA,tiktok,True,web
u_001103,2025-11-08 07:05:30,NA,influencer,False,web
u_001104,2025-11-14 18:40:17,EU,influencer,False,web
u_001105,2025-12-16 13:43:16,NA,organic,False,ios
u_001106,2025-12-15 10:35:48,EU,paid_search,False,ios
u_001107,2025-12-31 05:32:19,EU,organic,True,web
u_001108,2025-12-17 13:54:58,NA,youtube,True,web
u_001109,2025-12-08 09:42:50,NA,paid_search,True,ios
u_001110,2025-11-23 14:40:56,LATAM,organic,False,ios
u_001111,2025-12-13 17:38:02,NA,youtube,False,ios
u_001112,2025-12-14 17:13:45,APAC,tiktok,False,android
u_001113,2025-12-29 12:19:57,NA,youtube,False,android
u_001114,2026-01-03 21:35:17,EU,influencer,False,web
u_001115,2025-12-30 13:25:06,NA,tiktok,False,ios
u_001116,2025-11-24 22:11:42,NA,influencer,False,web
u_001117,2025-12-24 06:24:54,NA,organic,False,ios
u_001118,2025-12-09 17:11:36,NA,organic,True,ios
u_001119,2025-11-19 20:13:07,APAC,tiktok,False,web
u_001120,2025-12-02 04:09:53,APAC,youtube,False,android
u_001121,2025-11-16 18:32:45,NA,organic,True,android
u_001122,2025-12-21 16:41:19,EU,youtube,False,web
u_001123,2025-12-09 19:15:48,APAC,organic,False,web
u_001124,2025-11-21 05:33:51,APAC,youtube,True,web
u_001125,2025-12-09 10:24:36,NA,organic,True,ios
u_001126,2025-12-27 06:36:43,APAC,youtube,False,android
u_001127,2025-12-09 13:54:32,NA,youtube,True,ios
u_001128,2025-11-08 13:43:15,EU,paid_search,False,ios
u_001129,2025-11-18 12:49:35,EU,youtube,True,android
u_001130,2025-11-08 17:26:33,APAC,youtube,True,ios
u_001131,2025-12-14 09:49:23,LATAM,paid_search,False,ios
u_001132,2025-11-18 22:09:35,LATAM,youtube,False,ios
u_001133,2025-11-09 20:39:07,NA,organic,True,android
u_001134,2025-12-05 12:21:31,LATAM,influencer,False,web
u_001135,2025-11-23 04:09:41,NA,youtube,True,web
u_001136,2025-11-17 20:28:39,NA,tiktok,True,web
u_001137,2025-12-19 05:51:16,EU,youtube,False,android
u_001138,2025-12-10 11:31:53,EU,influencer,False,ios
u_001139,2025-11-29 12:06:57,EU,paid_search,False,web
u_001140,2026-01-04 09:01:58,EU,paid_search,False,android
u_001141,2025-12-27 14:15:21,LATAM,organic,False,android
u_001142,2025-11-17 05:34:00,NA,tiktok,False,android
u_001143,2025-11-30 20:22:54,NA,organic,True,web
u_001144,2025-11-14 00:37:20,LATAM,organic,True,android
u_001145,2025-12-21 01:18:08,NA,paid_search,False,web
u_001146,2025-11-19 11:10:25,EU,organic,False,web
u_001147,2025-11-10 07:19:02,APAC,youtube,False,ios
u_001148,2025-12-13 19:25:13,EU,youtube,False,ios
u_001149,2025-12-22 07:12:29,APAC,youtube,False,web
u_001150,2025-12-10 09:08:14,NA,organic,True,ios
u_001151,2025-12-08 09:08:47,APAC,organic,False,android
u_001152,2025-12-12 20:29:30,NA,tiktok,False,ios
u_001153,2025-12-21 19:00:37,NA,organic,False,ios
u_001154,2025-12-11 16:37:43,NA,paid_search,True,web
u_001155,2026-01-02 18:06:47,EU,influencer,False,android
u_001156,2025-11-20 18:45:46,EU,tiktok,False,web
u_001157,2025-12-10 06:33:46,LATAM,influencer,False,ios
u_001158,2025-12-21 18:24:06,APAC,organic,False,web
u_001159,2025-11-07 04:45:58,EU,youtube,False,android
u_001160,2025-11-09 21:47:20,LATAM,organic,False,web
u_001161,2025-11-15 10:36:21,EU,youtube,False,ios
u_001162,2025-12-28 16:11:48,EU,tiktok,True,ios
u_001163,2026-01-02 11:26:46,EU,organic,False,android
u_001164,2025-11-19 00:46:04,NA,organic,False,web
u_001165,2025-12-13 10:42:07,APAC,tiktok,False,ios
u_001166,2025-11-20 05:31:06,NA,youtube,True,web
u_001167,2025-11-23 06:46:53,EU,organic,False,android
u_001168,2025-11-18 14:58:44,APAC,youtube,True,ios
u_001169,2025-11-06 07:46:36,LATAM,youtube,True,ios
u_001170,2025-11-20 12:30:32,APAC,youtube,False,ios
u_001171,2025-12-17 16:39:08,EU,youtube,True,web
u_001172,2025-11-07 14:25:24,EU,organic,True,web
u_001173,2025-11-27 20:10:03,NA,tiktok,False,ios
u_001174,2025-11-30 19:17:44,EU,paid_search,True,android
u_001175,2025-11-14 20:02:06,LATAM,tiktok,False,ios
u_001176,2025-12-21 10:56:40,LATAM,tiktok,True,android
u_001177,2025-12-11 05:26:31,APAC,youtube,False,web
u_001178,2025-11-11 06:43:22,NA,organic,False,android
u_001179,2025-11-29 07:55:41,APAC,youtube,False,ios
u_001180,2025-12-07 20:09:20,LATAM,paid_search,False,ios
u_001181,2025-12-26 07:20:52,NA,organic,True,ios
u_001182,2025-11-27 07:18:04,EU,influencer,True,ios
u_001183,2025-11-09 10:51:18,APAC,organic,False,ios
u_001184,2025-12-19 08:38:39,EU,tiktok,False,ios
u_001185,2025-11-26 14:26:06,LATAM,influencer,True,ios
u_001186,2025-12-14 06:01:15,EU,influencer,False,web
u_001187,2025-12-10 11:42:54,APAC,paid_search,True,web
u_001188,2025-11-22 11:28:00,APAC,paid_search,False,web
u_001189,2025-12-10 12:56:57,EU,tiktok,False,ios
u_001190,2025-12-18 18:33:18,APAC,youtube,False,ios
u_001191,2025-12-23 11:32:19,EU,organic,False,ios
u_001192,2025-12-16 03:05:25,NA,organic,False,ios
u_001193,2025-12-11 06:44:27,NA,tiktok,True,web
u_001194,2025-12-31 13:10:19,NA,youtube,False,android
u_001195,2025-12-25 12:04:12,APAC,tiktok,False,web
u_001196,2026-01-01 23:04:43,LATAM,influencer,False,ios
u_001197,2025-11-24 14:47:12,NA,youtube,False,web
u_001198,2025-11-21 07:17:22,NA,organic,False,ios
u_001199,2025-12-18 02:43:46,NA,youtube,False,ios
u_001200,2025-11-18 18:37:07,APAC,tiktok,False,ios
u_001201,2025-11-29 17:30:03,LATAM,tiktok,False,ios
u_001202,2025-11-19 10:02:57,EU,influencer,False,web
u_001203,2025-12-14 09:53:05,EU,tiktok,True,web
u_001204,2025-12-01 18:18:54,EU,paid_search,False,ios
u_001205,2025-11-19 04:54:39,NA,youtube,False,android
u_001206,2025-12-28 11:56:15,APAC,tiktok,False,ios
u_001207,2025-11-25 19:08:11,EU,youtube,False,web
u_001208,2025-11-17 01:31:40,EU,organic,False,ios
u_001209,2025-11-21 22:51:02,APAC,organic,True,ios
u_001210,2025-12-16 21:48:19,APAC,organic,False,ios
u_001211,2025-11-23 17:04:10,APAC,tiktok,True,android
u_001212,2025-11-25 06:40:37,LATAM,organic,False,ios
u_001213,2025-11-29 06:53:00,LATAM,paid_search,False,web
u_001214,2025-12-29 14:11:12,EU,tiktok,True,web
u_001215,2025-11-13 12:13:54,NA,youtube,True,ios
u_001216,2025-12-09 17:38:04,EU,organic,False,ios
u_001217,2025-12-01 13:00:26,APAC,organic,False,web
u_001218,2025-11-06 14:49:41,NA,organic,True,android
u_001219,2025-11-09 17:19:19,NA,youtube,False,web
u_001220,2025-11-07 10:59:30,NA,tiktok,False,ios
u_001221,2025-11-20 20:42:06,APAC,tiktok,True,web
u_001222,2025-12-29 19:22:47,EU,tiktok,False,android
u_001223,2025-11-28 13:35:46,NA,youtube,False,android
u_001224,2025-11-08 22:04:39,NA,organic,False,web
u_001225,2025-12-03 09:04:06,APAC,youtube,False,android
u_001226,2025-11-12 17:03:17,NA,tiktok,True,web
u_001227,2025-12-14 10:25:11,NA,youtube,False,ios
u_001228,2025-12-15 11:08:40,EU,organic,True,android
u_001229,2025-12-30 06:24:00,EU,tiktok,False,ios
u_001230,2025-12-29 17:59:34,NA,organic,False,android
u_001231,2025-11-10 15:07:45,EU,paid_search,False,android
u_001232,2025-11-18 00:01:07,NA,tiktok,False,android
u_001233,2026-01-01 04:34:45,APAC,paid_search,False,web
u_001234,2025-12-06 11:24:51,NA,tiktok,False,web
u_001235,2025-12-25 01:43:04,NA,organic,False,ios
u_001236,2025-12-05 13:53:17,APAC,tiktok,True,ios
u_001237,2025-12-04 15:53:17,APAC,organic,True,ios
u_001238,2025-12-11 21:26:15,NA,paid_search,False,web
u_001239,2025-11-10 23:56:47,NA,influencer,False,android
u_001240,2025-12-26 22:44:54,APAC,youtube,False,android
u_001241,2025-11-10 17:58:51,APAC,tiktok,False,ios
u_001242,2026-01-01 18:43:24,NA,tiktok,False,web
u_001243,2025-11-15 00:54:39,EU,paid_search,False,web
u_001244,2025-12-05 03:41:00,NA,organic,False,web
u_001245,2025-11-25 14:13:08,EU,youtube,False,ios
u_001246,2025-11-29 06:41:43,NA,tiktok,False,android
u_001247,2025-11-30 06:15:28,NA,paid_search,False,web
u_001248,2025-12-11 13:37:35,NA,influencer,False,ios
u_001249,2025-12-04 23:53:46,EU,paid_search,False,ios
u_001250,2025-12-30 00:33:35,NA,tiktok,False,web
u_001251,2026-01-03 11:45:25,NA,organic,False,ios
u_001252,2025-12-15 23:05:34,NA,tiktok,False,ios
u_001253,2025-12-08 07:58:06,NA,youtube,True,android
u_001254,2025-12-25 11:44:38,APAC,youtube,False,ios
u_001255,2026-01-01 06:05:45,NA,organic,False,ios
u_001256,2025-12-20 22:31:35,APAC,tiktok,False,web
u_001257,2025-12-30 09:45:58,NA,organic,False,web
u_001258,2025-11-11 13:31:27,NA,influencer,True,web
u_001259,2025-11-17 11:19:20,EU,organic,True,ios
u_001260,2025-12-05 13:53:58,LATAM,youtube,True,web
u_001261,2025-11-09 18:17:54,NA,organic,False,web
u_001262,2025-11-28 03:59:47,NA,organic,False,ios
u_001263,2025-11-14 16:28:55,EU,paid_search,False,ios
u_001264,2025-11-09 05:50:54,LATAM,organic,False,web
u_001265,2026-01-03 10:30:25,LATAM,organic,True,web
u_001266,2025-12-20 15:00:44,EU,organic,False,ios
u_001267,2025-12-25 11:50:10,EU,tiktok,True,web
u_001268,2025-12-27 21:18:10,EU,youtube,False,ios
u_001269,2025-12-10 00:04:45,EU,organic,False,ios
u_001270,2025-11-15 03:28:46,EU,youtube,False,web
u_001271,2025-11-20 19:14:02,APAC,organic,False,web
u_001272,2025-11-21 18:02:59,APAC,influencer,False,web
u_001273,2025-12-31 08:10:54,EU,influencer,True,web
u_001274,2025-12-29 23:45:36,EU,paid_search,True,android
u_001275,2025-12-09 13:00:39,EU,paid_search,False,ios
u_001276,2025-11-12 11:49:51,EU,organic,False,ios
u_001277,2026-01-01 07:12:18,EU,organic,True,ios
u_001278,2025-12-16 15:22:20,NA,youtube,False,web
u_001279,2025-12-15 23:36:21,NA,organic,False,web
u_001280,2025-12-02 22:04:28,EU,organic,False,android
u_001281,2025-12-15 19:36:24,APAC,organic,False,android
u_001282,2025-11-17 10:28:04,NA,tiktok,False,ios
u_001283,2025-12-23 12:51:57,EU,tiktok,False,ios
u_001284,2025-11-18 19:43:08,NA,organic,False,android
u_001285,2026-01-03 18:12:31,NA,organic,False,web
u_001286,2025-12-10 04:02:50,LATAM,youtube,False,web
u_001287,2025-12-21 15:39:43,APAC,organic,False,web
u_001288,2025-11-27 13:31:37,NA,paid_search,True,ios
u_001289,2025-11-29 02:15:44,APAC,organic,True,web
u_001290,2025-12-24 18:18:13,NA,youtube,False,ios
u_001291,2025-11-29 16:23:16,LATAM,tiktok,False,ios
u_001292,2025-12-22 18:43:52,NA,organic,False,ios
u_001293,2025-11-22 22:11:32,NA,tiktok,True,web
u_001294,2026-01-02 08:42:02,EU,tiktok,False,ios
u_001295,2025-12-02 16:04:05,APAC,influencer,False,ios
u_001296,2025-12-29 21:17:17,NA,youtube,False,web
u_001297,2025-11-16 03:47:46,APAC,organic,True,web
u_001298,2025-11-09 21:32:24,NA,organic,False,ios
u_001299,2025-12-25 13:41:35,LATAM,organic,True,web
u_001300,2025-12-30 16:34:36,NA,organic,False,android
u_001301,2025-12-12 22:32:12,LATAM,tiktok,False,ios
u_001302,2025-12-25 18:28:08,EU,paid_search,False,web
u_001303,2025-11-22 09:58:28,NA,tiktok,False,ios
u_001304,2026-01-03 02:41:44,LATAM,youtube,False,ios
u_001305,2025-12-23 00:27:49,LATAM,youtube,False,web
u_001306,2025-11-25 19:04:58,EU,influencer,False,web
u_001307,2026-01-03 01:11:06,NA,organic,False,ios
u_001308,2025-12-16 09:52:09,EU,youtube,False,web
u_001309,2026-01-04 08:07:07,EU,paid_search,False,web
u_001310,2025-11-29 05:14:15,EU,organic,False,web
u_001311,2025-12-27 08:44:37,EU,organic,True,web
u_001312,2025-12-18 14:59:12,NA,paid_search,True,ios
u_001313,2025-12-27 02:06:45,APAC,youtube,True,android
u_001314,2025-12-24 20:02:53,APAC,organic,False,ios
u_001315,2025-12-21 05:32:55,NA,tiktok,True,ios
u_001316,2025-12-11 20:40:45,EU,tiktok,False,android
u_001317,2025-11-28 05:19:47,EU,tiktok,False,web
u_001318,2025-11-11 01:34:35,APAC,organic,False,web
u_001319,2025-11-30 22:53:28,NA,organic,False,ios
u_001320,2025-12-05 23:40:58,EU,youtube,False,ios
u_001321,2025-12-04 16:56:35,NA,youtube,True,ios
u_001322,2025-11-17 01:58:47,EU,influencer,False,web
u_001323,2025-12-31 00:30:12,APAC,organic,False,web
u_001324,2025-11-06 00:34:17,APAC,influencer,False,ios
u_001325,2025-11-22 11:47:47,NA,organic,True,android
u_001326,2025-11-15 12:26:17,EU,tiktok,False,ios
u_001327,2025-12-21 15:32:13,LATAM,paid_search,False,web
u_001328,2025-11-13 08:20:59,NA,tiktok,False,ios
u_001329,2025-11-10 02:51:38,APAC,organic,True,web
u_001330,2025-12-24 21:47:38,APAC,organic,False,web
u_001331,2025-12-26 19:12:01,APAC,tiktok,False,web
u_001332,2025-12-02 10:40:41,NA,youtube,False,ios
u_001333,2025-12-23 22:57:06,NA,paid_search,False,android
u_001334,2025-12-01 00:20:59,LATAM,youtube,False,ios
u_001335,2025-12-01 08:46:45,NA,influencer,False,web
u_001336,2026-01-03 17:26:17,NA,youtube,False,web
u_001337,2025-11-25 22:54:48,EU,paid_search,False,web
u_001338,2025-12-14 08:38:43,NA,organic,True,android
u_001339,2025-11-06 00:08:02,APAC,paid_search,False,ios
u_001340,2025-12-06 14:30:08,EU,organic,False,web
u_001341,2025-12-27 17:20:54,APAC,paid_search,True,ios
u_001342,2025-12-24 20:41:55,APAC,organic,False,ios
u_001343,2025-11-24 16:33:08,NA,youtube,False,android
u_001344,2025-11-29 01:23:13,NA,youtube,False,android
u_001345,2025-12-22 05:01:56,APAC,paid_search,False,web
u_001346,2025-11-06 01:45:58,NA,youtube,True,ios
u_001347,2025-12-06 07:37:08,LATAM,organic,False,ios
u_001348,2025-12-01 07:51:46,APAC,tiktok,True,web
u_001349,2025-12-15 09:31:55,NA,organic,False,ios
u_001350,2025-11-28 19:34:40,APAC,organic,False,ios
u_001351,2025-12-31 04:39:04,NA,organic,False,web
u_001352,2025-12-17 01:22:53,NA,organic,True,ios
u_001353,2025-11-07 02:36:26,APAC,tiktok,True,ios
u_001354,2025-12-21 13:46:06,APAC,paid_search,False,web
u_001355,2025-12-09 22:50:49,EU,paid_search,False,web
u_001356,2026-01-01 06:16:06,NA,organic,True,ios
u_001357,2025-12-10 22:26:20,NA,organic,True,web
u_001358,2025-11-21 02:02:44,NA,organic,True,android
u_001359,2025-11-23 19:57:30,NA,organic,False,web
u_001360,2025-12-10 17:59:49,NA,organic,False,web
u_001361,2025-12-18 05:56:19,EU,organic,True,web
u_001362,2025-11-25 23:26:19,LATAM,tiktok,False,ios
u_001363,2025-12-27 15:38:04,NA,tiktok,True,ios
u_001364,2025-11-27 08:42:56,NA,tiktok,False,ios
u_001365,2025-11-25 17:58:49,APAC,organic,False,web
u_001366,2025-12-21 19:50:27,APAC,youtube,False,android
u_001367,2025-12-04 06:52:10,LATAM,influencer,False,web
u_001368,2025-11-15 01:03:49,NA,organic,False,web
u_001369,2025-11-28 03:58:53,NA,organic,False,web
u_001370,2025-12-03 01:00:08,EU,organic,False,web
u_001371,2025-12-13 08:50:40,EU,organic,False,ios
u_001372,2025-12-20 16:12:53,EU,tiktok,True,web
u_001373,2025-12-03 08:31:19,EU,organic,False,web
u_001374,2025-12-11 00:46:13,NA,tiktok,False,android
u_001375,2025-12-18 14:10:40,EU,organic,True,web
u_001376,2025-12-02 14:39:17,EU,youtube,False,android
u_001377,2025-11-18 18:30:22,NA,organic,False,ios
u_001378,2025-11-10 16:36:38,APAC,tiktok,True,web
u_001379,2026-01-03 05:52:00,EU,organic,False,ios
u_001380,2025-12-22 06:22:07,NA,organic,False,ios
u_001381,2025-11-13 00:38:17,NA,influencer,False,web
u_001382,2025-11-26 02:05:03,NA,youtube,False,android
u_001383,2025-11-26 06:43:10,NA,organic,False,ios
u_001384,2025-11-14 18:22:37,EU,youtube,False,android
u_001385,2025-11-26 17:50:05,APAC,tiktok,True,android
u_001386,2025-11-15 04:39:05,NA,tiktok,False,web
u_001387,2025-12-30 06:39:04,NA,tiktok,True,web
u_001388,2025-12-30 05:36:28,LATAM,paid_search,True,web
u_001389,2026-01-01 18:04:33,NA,organic,False,android
u_001390,2025-12-28 16:28:49,NA,organic,True,android
u_001391,2025-11-14 20:18:34,NA,organic,False,ios
u_001392,2025-12-28 02:14:04,APAC,youtube,True,web
u_001393,2025-11-23 16:18:29,NA,paid_search,True,web
u_001394,2025-11-14 02:34:36,EU,influencer,True,android
u_001395,2025-12-21 01:37:27,NA,youtube,True,android
u_001396,2025-11-18 16:20:38,NA,paid_search,False,web
u_001397,2025-12-07 05:20:28,NA,youtube,False,web
u_001398,2025-12-02 15:58:43,APAC,youtube,False,web
u_001399,2025-11-13 21:27:24,EU,paid_search,False,web
u_001400,2025-12-06 10:40:26,NA,organic,True,android
u_001401,2025-11-26 17:10:07,NA,youtube,False,ios
u_001402,2025-12-08 18:14:37,EU,youtube,True,ios
u_001403,2025-11-30 04:30:17,APAC,paid_search,False,ios
u_001404,2025-12-06 15:50:38,NA,paid_search,False,web
u_001405,2025-11-27 16:11:50,EU,influencer,False,web
u_001406,2025-11-09 10:02:35,NA,paid_search,False,android
u_001407,2025-12-03 08:27:14,NA,tiktok,False,ios
u_001408,2025-11-28 23:20:36,NA,organic,False,ios
u_001409,2025-12-09 08:18:42,APAC,organic,False,web
u_001410,2025-11-10 18:23:31,NA,tiktok,False,web
u_001411,2025-12-02 17:02:38,APAC,tiktok,False,web
u_001412,2025-12-31 14:45:00,APAC,tiktok,False,ios
u_001413,2025-12-14 00:36:27,APAC,tiktok,False,ios
u_001414,2026-01-02 15:03:53,NA,paid_search,True,ios
u_001415,2025-12-25 18:03:13,NA,organic,False,android
u_001416,2025-12-31 07:34:31,LATAM,influencer,False,ios
u_001417,2025-11-06 14:47:42,APAC,paid_search,False,ios
u_001418,2025-12-26 09:34:21,APAC,tiktok,True,web
u_001419,2025-12-03 00:58:50,NA,tiktok,False,android
u_001420,2025-11-12 00:32:43,NA,youtube,False,ios
u_001421,2025-11-27 23:23:39,APAC,youtube,False,web
u_001422,2025-12-23 00:58:24,NA,organic,False,ios
u_001423,2025-12-05 05:34:35,EU,organic,False,ios
u_001424,2025-11-18 12:48:45,NA,organic,True,android
u_001425,2025-11-29 13:20:01,NA,organic,False,android
u_001426,2025-11-21 03:28:46,NA,organic,False,ios
u_001427,2025-12-12 07:47:56,NA,organic,False,ios
u_001428,2025-11-14 01:50:09,NA,youtube,True,web
u_001429,2025-11-09 23:19:08,EU,paid_search,False,ios
u_001430,2025-12-20 22:10:46,NA,youtube,False,android
u_001431,2025-12-07 02:04:54,NA,paid_search,False,ios
u_001432,2025-12-28 04:32:29,APAC,youtube,False,ios
u_001433,2025-12-31 09:45:13,EU,youtube,True,android
u_001434,2025-12-07 08:39:55,NA,tiktok,False,web
u_001435,2025-11-19 11:56:50,APAC,organic,False,web
u_001436,2026-01-01 00:34:24,LATAM,influencer,False,ios
u_001437,2025-12-23 13:31:40,NA,paid_search,False,android
u_001438,2025-11-20 20:15:16,NA,tiktok,False,android
u_001439,2026-01-02 19:33:22,EU,organic,False,ios
u_001440,2025-12-09 04:47:38,NA,youtube,False,android
u_001441,2025-12-04 20:30:57,APAC,organic,False,ios
u_001442,2025-11-15 04:44:30,LATAM,organic,False,web
u_001443,2025-11-14 15:18:36,LATAM,influencer,True,android
u_001444,2025-11-30 00:48:35,NA,tiktok,False,web
u_001445,2025-11-30 07:12:28,NA,youtube,True,web
u_001446,2025-12-10 03:48:56,LATAM,paid_search,False,ios
u_001447,2025-11-22 14:08:07,EU,tiktok,False,web
u_001448,2025-12-08 12:25:56,NA,tiktok,True,web
u_001449,2025-12-31 10:14:27,APAC,organic,False,web
u_001450,2025-12-15 23:21:19,NA,organic,False,web
u_001451,2025-12-24 23:12:03,NA,youtube,False,web
u_001452,2025-12-25 22:49:19,APAC,tiktok,False,ios
u_001453,2025-11-26 06:56:08,NA,organic,False,android
u_001454,2025-11-28 11:53:05,NA,organic,False,android
u_001455,2025-12-30 03:52:24,NA,tiktok,True,android
u_001456,2025-12-27 17:50:18,EU,tiktok,True,ios
u_001457,2025-12-12 21:22:46,NA,youtube,True,ios
u_001458,2025-11-19 07:31:42,EU,tiktok,False,web
u_001459,2025-12-09 14:09:51,EU,organic,False,web
u_001460,2025-11-20 00:06:57,APAC,tiktok,False,ios
u_001461,2025-11-22 18:44:21,NA,paid_search,False,ios
u_001462,2025-12-24 08:35:38,APAC,organic,True,android
u_001463,2025-12-10 00:26:25,NA,youtube,False,ios
u_001464,2025-12-23 07:57:52,APAC,tiktok,True,web
u_001465,2025-11-25 15:42:18,NA,youtube,False,android
u_001466,2025-12-18 09:03:06,NA,organic,False,ios
u_001467,2025-12-11 10:19:47,APAC,paid_search,True,android
u_001468,2025-12-03 08:31:20,NA,youtube,False,android
u_001469,2025-11-18 23:10:46,NA,influencer,True,web
u_001470,2025-11-26 02:44:49,NA,organic,False,web
u_001471,2025-11-05 16:55:27,EU,youtube,True,web
u_001472,2025-11-23 02:59:22,NA,youtube,False,web
u_001473,2025-12-23 19:12:02,NA,organic,True,web
u_001474,2025-11-21 12:25:15,NA,organic,False,ios
u_001475,2025-11-30 02:06:22,EU,youtube,False,android
u_001476,2025-11-17 19:22:38,NA,organic,False,android
u_001477,2025-12-31 14:56:12,NA,youtube,False,ios
u_001478,2025-12-31 03:56:54,NA,organic,False,web
u_001479,2025-11-09 13:58:12,NA,organic,False,web
u_001480,2025-11-28 12:20:06,APAC,youtube,True,ios
u_001481,2025-12-27 21:29:14,APAC,organic,False,web
u_001482,2025-11-24 04:12:10,APAC,paid_search,False,android
u_001483,2025-11-17 01:26:06,NA,influencer,False,android
u_001484,2025-12-07 12:11:01,LATAM,youtube,False,ios
u_001485,2025-12-04 20:03:14,NA,influencer,True,ios
u_001486,2025-11-07 23:45:34,LATAM,paid_search,False,web
u_001487,2025-12-27 08:44:31,NA,organic,False,ios
u_001488,2025-11-12 00:30:25,EU,influencer,False,web
u_001489,2025-11-15 09:38:12,NA,organic,False,web
u_001490,2025-12-06 14:10:04,NA,tiktok,True,ios
u_001491,2025-12-21 18:05:01,APAC,tiktok,False,ios
u_001492,2025-11-25 19:48:06,APAC,youtube,True,ios
u_001493,2025-11-24 15:04:57,LATAM,organic,False,ios
u_001494,2025-12-14 00:29:03,EU,organic,False,ios
u_001495,2025-12-24 13:06:08,EU,tiktok,False,android
u_001496,2025-12-12 16:45:38,NA,organic,False,android
u_001497,2026-01-03 20:23:40,LATAM,youtube,True,android
u_001498,2025-11-19 21:43:11,EU,youtube,False,android
u_001499,2025-11-29 07:47:42,APAC,organic,False,ios
u_001500,2025-12-14 23:42:47,NA,organic,False,ios
u_001501,2025-12-10 08:24:41,EU,youtube,True,web
u_001502,2025-11-19 16:41:16,LATAM,tiktok,False,web
u_001503,2025-11-30 00:53:04,NA,organic,False,android
u_001504,2025-11-12 00:07:57,NA,organic,False,android
u_001505,2025-12-13 10:58:56,NA,organic,False,ios
u_001506,2025-11-08 13:50:29,APAC,organic,False,ios
u_001507,2026-01-04 02:19:48,NA,tiktok,False,web
u_001508,2025-11-12 05:55:03,NA,youtube,False,web
u_001509,2025-11-11 02:50:23,NA,tiktok,True,ios
u_001510,2025-11-14 17:39:53,EU,influencer,False,ios
u_001511,2025-11-26 11:32:12,NA,organic,False,android
u_001512,2025-12-21 05:46:40,NA,tiktok,False,web
u_001513,2025-12-14 15:11:52,LATAM,tiktok,False,ios
u_001514,2025-11-18 19:55:03,LATAM,youtube,False,ios
u_001515,2025-12-26 16:20:23,NA,youtube,True,android
u_001516,2025-11-13 01:41:25,APAC,youtube,False,android
u_001517,2025-12-26 18:27:48,EU,youtube,False,ios
u_001518,2025-12-25 22:04:28,NA,organic,False,android
u_001519,2025-11-14 01:11:25,NA,youtube,False,ios
u_001520,2025-11-09 00:50:30,EU,youtube,False,web
u_001521,2025-11-13 06:04:00,NA,paid_search,True,ios
u_001522,2025-12-10 05:02:34,NA,youtube,False,web
u_001523,2025-11-24 15:32:45,APAC,youtube,False,ios
u_001524,2025-11-30 12:14:38,EU,tiktok,False,android
u_001525,2025-11-13 16:40:23,EU,influencer,False,android
u_001526,2025-12-10 14:35:33,NA,paid_search,True,web
u_001527,2025-12-10 07:04:40,EU,youtube,True,web
u_001528,2025-12-24 18:13:55,NA,tiktok,False,web
u_001529,2025-11-27 17:28:00,EU,organic,False,web
u_001530,2026-01-02 23:57:19,APAC,youtube,False,web
u_001531,2025-12-28 15:25:20,APAC,youtube,False,ios
u_001532,2025-12-18 04:57:36,NA,youtube,False,ios
u_001533,2025-12-08 23:22:16,APAC,organic,False,android
u_001534,2025-12-01 13:40:09,LATAM,youtube,True,web
u_001535,2025-12-09 00:15:27,EU,organic,False,web
u_001536,2025-12-18 15:04:06,NA,youtube,False,web
u_001537,2025-11-22 20:37:55,APAC,organic,True,web
u_001538,2025-11-06 17:07:48,NA,youtube,False,ios
u_001539,2025-11-21 19:37:52,APAC,organic,False,web
u_001540,2025-11-06 19:58:42,EU,organic,False,ios
u_001541,2025-11-14 17:04:54,NA,youtube,True,android
u_001542,2025-11-11 14:18:19,NA,organic,False,ios
u_001543,2025-12-11 16:51:44,NA,youtube,False,ios
u_001544,2025-12-10 21:58:25,LATAM,paid_search,True,web
u_001545,2025-12-28 17:43:56,NA,paid_search,False,android
u_001546,2025-11-14 05:42:08,EU,organic,False,web
u_001547,2025-12-29 14:01:54,LATAM,influencer,False,web
u_001548,2025-11-12 19:21:25,NA,organic,False,web
u_001549,2025-12-12 04:15:57,NA,paid_search,False,web
u_001550,2025-12-03 06:35:56,EU,youtube,False,ios
u_001551,2025-11-17 00:56:37,EU,organic,False,android
u_001552,2025-12-07 03:56:10,NA,tiktok,False,android
u_001553,2025-11-22 12:46:56,NA,organic,False,ios
u_001554,2025-12-13 18:18:04,EU,youtube,False,ios
u_001555,2025-12-09 17:48:43,LATAM,tiktok,True,ios
u_001556,2025-12-07 19:30:37,NA,youtube,False,android
u_001557,2025-11-16 01:25:38,NA,tiktok,False,ios
u_001558,2025-12-14 19:59:46,NA,paid_search,False,ios
u_001559,2025-11-17 03:45:33,APAC,paid_search,False,ios
u_001560,2025-12-28 12:00:26,NA,tiktok,True,ios
u_001561,2025-12-18 14:33:42,APAC,youtube,False,web
u_001562,2025-12-15 23:48:41,NA,influencer,False,web
u_001563,2025-11-25 11:39:12,LATAM,paid_search,True,ios
u_001564,2025-11-16 23:59:51,EU,organic,False,android
u_001565,2025-12-15 21:01:02,EU,organic,False,ios
u_001566,2025-11-12 05:00:39,NA,organic,False,android
u_001567,2025-12-13 18:12:15,APAC,tiktok,False,web
u_001568,2025-12-07 18:01:22,NA,organic,False,ios
u_001569,2025-11-25 19:31:43,NA,tiktok,False,ios
u_001570,2025-11-17 00:52:07,NA,youtube,False,android
u_001571,2025-12-29 10:53:25,APAC,tiktok,False,web
u_001572,2026-01-03 18:00:23,APAC,youtube,False,ios
u_001573,2025-12-04 03:01:52,EU,organic,False,web
u_001574,2025-12-22 22:52:10,EU,influencer,False,ios
u_001575,2025-12-06 09:42:56,NA,paid_search,False,android
u_001576,2025-12-12 22:32:31,APAC,tiktok,False,web
u_001577,2025-11-15 08:21:41,APAC,paid_search,False,android
u_001578,2025-11-07 00:58:18,EU,organic,False,android
u_001579,2025-11-09 22:38:30,EU,youtube,True,web
u_001580,2025-12-16 13:12:41,LATAM,organic,True,android
u_001581,2025-12-04 06:05:57,APAC,tiktok,False,web
u_001582,2025-12-05 21:36:36,EU,organic,False,web
u_001583,2025-12-07 11:53:04,NA,tiktok,False,ios
u_001584,2025-11-17 00:18:56,EU,organic,True,ios
u_001585,2025-11-21 00:10:19,EU,youtube,False,ios
u_001586,2025-12-07 06:00:49,NA,organic,False,web
u_001587,2025-12-06 05:42:59,NA,influencer,False,android
u_001588,2025-12-20 02:45:31,NA,youtube,False,ios
u_001589,2025-11-26 00:02:44,EU,organic,True,web
u_001590,2025-12-17 08:53:20,NA,organic,False,ios
u_001591,2025-12-17 17:00:02,NA,influencer,True,web
u_001592,2026-01-03 13:21:06,APAC,organic,False,web
u_001593,2025-12-22 10:54:11,EU,tiktok,False,ios
u_001594,2025-11-15 06:15:03,NA,youtube,False,ios
u_001595,2025-11-18 17:26:17,NA,organic,False,web
u_001596,2025-11-15 21:46:55,APAC,organic,False,android
u_001597,2026-01-02 18:23:11,APAC,tiktok,False,web
u_001598,2025-11-12 09:57:39,NA,organic,False,ios
u_001599,2025-12-07 14:50:10,LATAM,organic,False,web
u_001600,2025-11-17 09:48:32,NA,organic,False,ios
u_001601,2025-11-15 20:43:54,LATAM,organic,False,web
u_001602,2025-12-05 23:04:59,NA,organic,True,ios
u_001603,2025-11-28 08:50:22,NA,paid_search,True,ios
u_001604,2025-11-14 12:43:09,NA,tiktok,False,web
u_001605,2026-01-01 06:41:56,NA,youtube,True,web
u_001606,2026-01-04 02:51:34,EU,organic,True,ios
u_001607,2025-12-27 23:41:40,APAC,organic,True,web
u_001608,2025-12-06 12:22:57,APAC,influencer,False,ios
u_001609,2025-11-10 12:01:26,NA,youtube,False,ios
u_001610,2025-11-27 09:56:04,NA,organic,False,ios
u_001611,2026-01-02 07:20:13,NA,tiktok,True,android
u_001612,2025-12-03 14:25:30,NA,tiktok,False,ios
u_001613,2025-12-25 12:16:36,EU,influencer,False,android
u_001614,2025-12-26 04:47:57,NA,organic,False,android
u_001615,2025-12-16 22:46:48,APAC,tiktok,False,android
u_001616,2025-11-20 06:43:25,EU,youtube,False,web
u_001617,2025-12-02 04:11:26,NA,paid_search,False,android
u_001618,2025-11-05 19:19:59,EU,influencer,True,android
u_001619,2025-12-02 23:08:59,NA,organic,True,ios
u_001620,2025-12-12 16:32:18,NA,youtube,True,web
u_001621,2025-11-10 14:13:18,APAC,youtube,False,android
u_001622,2025-12-07 13:57:26,EU,youtube,True,ios
u_001623,2025-12-04 00:36:56,NA,influencer,False,ios
u_001624,2025-11-15 16:21:22,APAC,paid_search,True,android
u_001625,2025-12-28 23:19:04,NA,organic,False,web
u_001626,2025-12-06 15:15:49,APAC,organic,False,web
u_001627,2025-12-27 23:04:51,EU,youtube,False,ios
u_001628,2026-01-04 11:03:21,EU,organic,False,ios
u_001629,2025-11-08 14:44:16,APAC,organic,True,android
u_001630,2025-11-11 09:57:05,APAC,tiktok,False,ios
u_001631,2026-01-02 07:34:50,NA,influencer,True,android
u_001632,2025-12-12 05:07:05,NA,organic,False,web
u_001633,2025-12-13 02:18:09,APAC,youtube,False,ios
u_001634,2025-11-07 10:57:53,NA,organic,True,web
u_001635,2025-12-28 01:15:54,EU,organic,True,ios
u_001636,2025-11-11 23:58:55,APAC,organic,False,android
u_001637,2025-11-09 03:28:41,EU,organic,False,web
u_001638,2025-11-19 10:10:45,APAC,influencer,False,android
u_001639,2025-11-29 00:53:22,APAC,influencer,False,web
u_001640,2026-01-01 19:15:50,APAC,youtube,False,web
u_001641,2025-11-15 06:37:34,APAC,organic,True,web
u_001642,2025-12-02 22:54:23,EU,tiktok,False,ios
u_001643,2025-12-08 10:38:41,NA,organic,True,web
u_001644,2025-11-18 21:00:12,EU,organic,False,ios
u_001645,2025-12-28 04:23:12,APAC,tiktok,False,ios
u_001646,2025-12-01 16:27:39,APAC,youtube,True,web
u_001647,2025-11-30 18:13:56,NA,organic,False,ios
u_001648,2025-12-04 05:42:23,NA,organic,False,ios
u_001649,2025-12-11 14:07:24,LATAM,paid_search,False,android
u_001650,2025-12-21 17:29:51,EU,tiktok,True,web
u_001651,2025-12-03 21:18:02,NA,paid_search,True,web
u_001652,2025-11-09 20:16:43,EU,paid_search,False,ios
u_001653,2025-11-19 13:27:45,LATAM,tiktok,False,ios
u_001654,2025-11-22 14:22:26,APAC,organic,False,ios
u_001655,2025-12-20 10:32:59,APAC,youtube,True,android
u_001656,2025-12-31 23:19:45,NA,organic,False,android
u_001657,2025-11-14 07:05:33,APAC,organic,False,web
u_001658,2025-11-28 15:21:16,EU,youtube,False,ios
u_001659,2025-11-11 16:36:34,APAC,tiktok,False,ios
u_001660,2025-12-14 23:33:35,NA,organic,False,android
u_001661,2025-12-22 05:18:14,NA,youtube,False,web
u_001662,2025-12-04 15:01:23,EU,youtube,False,ios
u_001663,2025-11-11 07:37:33,NA,organic,False,android
u_001664,2025-11-18 10:07:46,APAC,organic,False,ios
u_001665,2025-12-17 20:29:42,LATAM,organic,False,ios
u_001666,2025-12-29 03:31:07,APAC,organic,False,android
u_001667,2025-12-25 17:21:57,APAC,youtube,True,android
u_001668,2025-12-29 09:04:32,EU,youtube,True,web
u_001669,2025-12-02 16:49:28,APAC,youtube,True,web
u_001670,2025-12-13 06:02:50,APAC,organic,True,ios
u_001671,2025-12-15 11:39:22,APAC,organic,False,android
u_001672,2025-12-17 06:14:59,EU,organic,False,android
u_001673,2025-11-18 08:49:14,EU,organic,False,android
u_001674,2025-12-16 18:02:00,APAC,organic,False,ios
u_001675,2025-11-30 09:25:30,NA,tiktok,True,web
u_001676,2025-12-07 05:59:36,APAC,organic,True,ios
u_001677,2025-11-06 01:22:41,LATAM,youtube,False,ios
u_001678,2025-12-18 09:09:59,EU,youtube,False,ios
u_001679,2026-01-02 18:16:51,APAC,tiktok,False,ios
u_001680,2026-01-04 07:51:59,APAC,organic,False,ios
u_001681,2025-11-19 10:00:23,EU,paid_search,False,android
u_001682,2025-12-31 02:10:49,EU,paid_search,False,web
u_001683,2025-12-16 08:06:40,APAC,organic,False,ios
u_001684,2025-12-24 19:13:55,NA,youtube,False,ios
u_001685,2025-11-23 20:11:58,NA,influencer,False,ios
u_001686,2026-01-03 02:55:15,APAC,tiktok,False,ios
u_001687,2026-01-01 15:15:35,APAC,organic,False,web
u_001688,2025-12-13 06:16:35,APAC,tiktok,True,web
u_001689,2025-11-11 04:55:46,NA,tiktok,False,web
u_001690,2025-12-23 20:59:45,NA,tiktok,False,web
u_001691,2025-12-16 07:57:09,LATAM,paid_search,False,ios
u_001692,2025-12-30 21:29:48,NA,youtube,False,web
u_001693,2025-11-28 12:44:06,APAC,organic,False,ios
u_001694,2025-11-28 01:39:59,APAC,tiktok,False,web
u_001695,2025-12-05 14:33:23,APAC,youtube,False,ios
u_001696,2025-12-27 06:14:36,NA,organic,True,ios
u_001697,2025-12-02 01:52:53,EU,organic,False,web
u_001698,2025-11-13 11:07:54,APAC,paid_search,False,ios
u_001699,2025-11-22 06:39:53,NA,tiktok,True,android
u_001700,2025-11-30 17:06:40,NA,organic,False,web
u_001701,2025-11-13 12:40:53,NA,organic,False,ios
u_001702,2025-11-07 22:29:11,NA,tiktok,False,web
u_001703,2025-12-13 20:51:46,APAC,tiktok,False,web
u_001704,2025-11-22 02:31:07,APAC,organic,True,ios
u_001705,2025-12-11 20:24:41,LATAM,youtube,False,web
u_001706,2025-12-18 23:06:24,EU,organic,False,android
u_001707,2025-12-25 14:53:38,APAC,organic,False,web
u_001708,2025-12-06 03:20:32,NA,tiktok,False,web
u_001709,2025-11-09 20:22:33,EU,organic,False,ios
u_001710,2025-11-06 20:22:30,EU,paid_search,False,ios
u_001711,2025-11-19 22:07:28,LATAM,organic,False,ios
u_001712,2025-12-13 03:03:34,APAC,youtube,False,web
u_001713,2025-12-03 12:47:35,LATAM,organic,False,android
u_001714,2025-12-18 17:11:18,APAC,organic,True,android
u_001715,2025-11-16 04:37:32,APAC,youtube,False,ios
u_001716,2025-11-15 07:18:54,NA,tiktok,False,android
u_001717,2025-12-19 02:24:20,APAC,youtube,False,ios
u_001718,2025-12-21 22:58:36,EU,tiktok,False,web
u_001719,2025-12-27 03:07:34,NA,tiktok,False,web
u_001720,2025-11-26 11:37:51,NA,youtube,False,web
u_001721,2026-01-03 02:08:36,APAC,tiktok,False,android
u_001722,2025-11-20 14:57:55,NA,tiktok,False,web
u_001723,2025-12-11 06:07:59,EU,youtube,True,ios
u_001724,2025-11-26 18:37:59,APAC,paid_search,False,web
u_001725,2025-12-27 00:38:24,LATAM,organic,False,ios
u_001726,2025-11-11 16:21:37,APAC,tiktok,True,web
u_001727,2025-12-13 20:41:00,EU,organic,True,android
u_001728,2025-11-23 11:43:02,NA,organic,False,web
u_001729,2025-11-20 11:07:09,NA,tiktok,False,android
u_001730,2025-12-31 23:30:20,NA,influencer,False,android
u_001731,2025-12-09 21:57:15,NA,tiktok,False,ios
u_001732,2025-11-07 13:49:37,LATAM,youtube,True,web
u_001733,2025-12-06 14:16:16,EU,organic,False,web
u_001734,2025-11-20 23:59:37,NA,tiktok,True,android
u_001735,2025-12-02 02:25:37,NA,paid_search,True,web
u_001736,2025-12-13 08:44:21,EU,organic,False,web
u_001737,2025-11-28 20:01:44,EU,organic,False,ios
u_001738,2025-12-24 17:06:46,NA,tiktok,True,web
u_001739,2025-12-29 20:45:04,LATAM,youtube,True,web
u_001740,2025-12-18 10:50:00,NA,tiktok,False,ios
u_001741,2025-12-14 21:34:10,NA,tiktok,False,ios
u_001742,2025-11-24 08:17:56,NA,youtube,True,web
u_001743,2025-11-30 09:47:51,EU,organic,False,ios
u_001744,2025-11-25 01:42:27,NA,youtube,True,ios
u_001745,2025-11-28 05:19:19,NA,organic,False,ios
u_001746,2025-12-01 18:37:54,NA,organic,False,web
u_001747,2025-12-19 05:57:49,EU,youtube,False,ios
u_001748,2025-11-29 05:11:35,NA,influencer,False,ios
u_001749,2025-12-11 11:23:13,NA,youtube,False,ios
u_001750,2025-11-27 21:58:20,NA,youtube,False,web
u_001751,2025-11-08 05:28:57,NA,organic,True,web
u_001752,2025-12-23 16:10:08,EU,organic,True,android
u_001753,2025-12-13 08:28:33,NA,organic,False,web
u_001754,2025-11-12 23:59:01,NA,influencer,True,ios
u_001755,2025-11-23 12:25:13,EU,influencer,False,android
u_001756,2025-12-13 14:24:04,NA,paid_search,False,ios
u_001757,2025-12-14 13:35:45,NA,organic,False,ios
u_001758,2025-12-08 17:59:56,NA,tiktok,False,web
u_001759,2025-11-08 17:38:37,LATAM,youtube,False,android
u_001760,2025-12-05 01:15:09,APAC,youtube,False,ios
u_001761,2025-12-30 07:07:25,APAC,youtube,True,ios
u_001762,2025-12-09 08:56:25,APAC,youtube,False,ios
u_001763,2025-11-25 16:07:43,LATAM,organic,True,android
u_001764,2025-12-01 18:44:20,APAC,organic,True,ios
u_001765,2025-12-23 18:38:59,EU,organic,False,web
u_001766,2025-11-20 15:24:17,NA,organic,True,ios
u_001767,2025-11-09 05:13:22,NA,organic,True,ios
u_001768,2025-11-12 14:34:40,APAC,organic,True,web
u_001769,2025-12-28 19:44:01,LATAM,organic,False,android
u_001770,2025-12-25 17:51:30,EU,youtube,False,web
u_001771,2025-11-20 22:11:24,APAC,paid_search,True,ios
u_001772,2025-12-19 10:08:13,EU,influencer,False,web
u_001773,2025-12-09 22:46:02,NA,organic,True,web
u_001774,2025-12-15 11:25:03,NA,organic,False,ios
u_001775,2025-12-08 05:02:14,EU,organic,False,android
u_001776,2025-11-07 17:40:59,NA,paid_search,False,ios
u_001777,2025-11-19 17:19:42,APAC,tiktok,False,web
u_001778,2026-01-03 07:42:45,APAC,organic,False,ios
u_001779,2025-11-06 08:48:32,APAC,influencer,True,web
u_001780,2025-11-12 05:46:06,NA,organic,False,web
u_001781,2025-11-23 00:25:56,APAC,paid_search,True,web
u_001782,2026-01-03 19:02:19,NA,organic,False,web
u_001783,2025-11-15 02:17:44,NA,organic,False,ios
u_001784,2025-11-13 07:15:19,APAC,tiktok,False,ios
u_001785,2025-11-30 03:11:28,NA,paid_search,True,web
u_001786,2025-11-15 08:24:43,NA,influencer,True,android
u_001787,2025-12-10 03:03:32,NA,tiktok,False,web
u_001788,2025-12-06 18:46:36,APAC,organic,False,android
u_001789,2025-12-14 21:54:05,NA,tiktok,False,ios
u_001790,2025-12-25 02:31:46,EU,paid_search,False,web
u_001791,2025-11-26 08:42:11,EU,tiktok,False,android
u_001792,2025-12-24 19:16:22,APAC,youtube,False,web
u_001793,2025-11-29 20:49:47,APAC,tiktok,True,ios
u_001794,2025-11-17 09:09:11,NA,tiktok,True,web
u_001795,2025-11-07 02:22:16,NA,tiktok,False,ios
u_001796,2025-11-27 02:42:03,NA,youtube,True,ios
u_001797,2025-11-25 16:02:13,NA,influencer,True,web
u_001798,2025-12-01 06:47:57,APAC,tiktok,True,web
u_001799,2025-11-11 13:46:28,NA,tiktok,True,ios
u_001800,2025-12-01 16:23:53,NA,organic,False,web
u_001801,2025-11-11 00:26:17,APAC,organic,True,web
u_001802,2025-11-19 07:06:56,APAC,paid_search,False,ios
u_001803,2025-12-11 23:51:19,APAC,organic,False,android
u_001804,2025-11-12 11:57:31,APAC,influencer,False,web
u_001805,2025-12-13 18:48:32,APAC,youtube,True,web
u_001806,2025-12-31 09:34:04,APAC,youtube,False,android
u_001807,2025-11-10 03:34:59,NA,paid_search,True,web
u_001808,2025-12-03 09:14:57,LATAM,youtube,False,ios
u_001809,2025-11-07 17:47:22,EU,paid_search,True,android
u_001810,2025-11-30 00:25:06,NA,organic,False,android
u_001811,2025-11-18 13:51:59,NA,youtube,False,web
u_001812,2025-12-15 14:19:17,APAC,youtube,False,web
u_001813,2025-12-17 00:13:59,LATAM,organic,False,web
u_001814,2025-11-30 18:47:15,NA,youtube,False,android
u_001815,2025-11-14 07:02:19,NA,youtube,False,android
u_001816,2025-11-23 00:50:05,APAC,influencer,True,web
u_001817,2025-12-19 01:35:27,LATAM,organic,False,ios
u_001818,2025-11-07 07:30:54,NA,youtube,False,android
u_001819,2025-11-21 06:06:06,NA,organic,False,web
u_001820,2025-11-23 09:47:58,EU,youtube,False,web
u_001821,2025-12-01 12:07:55,NA,tiktok,False,web
u_001822,2025-12-27 01:00:03,APAC,tiktok,True,ios
u_001823,2025-12-09 19:18:49,NA,tiktok,True,android
u_001824,2026-01-02 19:24:59,NA,organic,True,android
u_001825,2025-11-13 01:21:27,NA,organic,True,web
u_001826,2025-12-26 18:39:25,NA,organic,False,web
u_001827,2025-12-27 04:08:15,NA,tiktok,False,ios
u_001828,2025-11-26 00:38:08,NA,influencer,True,android
u_001829,2025-12-18 18:17:01,APAC,organic,False,ios
u_001830,2026-01-04 04:26:04,NA,organic,False,ios
u_001831,2025-12-10 21:51:10,LATAM,tiktok,False,ios
u_001832,2025-11-22 16:20:36,NA,youtube,False,web
u_001833,2025-11-25 17:55:50,APAC,organic,False,ios
u_001834,2025-11-23 21:52:42,NA,organic,True,android
u_001835,2025-12-10 13:33:21,NA,organic,False,web
u_001836,2025-11-26 17:10:19,EU,organic,False,ios
u_001837,2025-12-01 05:00:20,EU,organic,False,web
u_001838,2026-01-02 11:41:24,APAC,organic,False,ios
u_001839,2025-11-15 17:27:14,APAC,youtube,False,ios
u_001840,2025-11-28 20:37:54,APAC,tiktok,False,ios
u_001841,2025-11-22 00:52:56,NA,organic,True,android
u_001842,2025-11-22 02:32:08,APAC,youtube,True,ios
u_001843,2025-11-15 07:11:35,EU,tiktok,False,ios
u_001844,2025-12-06 07:38:46,LATAM,paid_search,False,web
u_001845,2025-11-27 23:32:28,APAC,organic,False,android
u_001846,2025-12-02 01:37:28,NA,youtube,False,web
u_001847,2025-12-24 01:42:11,NA,youtube,False,android
u_001848,2025-12-16 15:30:35,EU,organic,False,web
u_001849,2025-11-28 20:47:22,APAC,paid_search,False,web
u_001850,2025-11-22 11:34:13,EU,tiktok,True,web
u_001851,2025-11-07 11:11:23,APAC,youtube,False,android
u_001852,2025-11-07 10:11:55,NA,organic,False,web
u_001853,2025-11-16 22:10:23,NA,organic,True,web
u_001854,2025-12-19 02:36:43,NA,tiktok,True,web
u_001855,2025-12-26 03:52:33,EU,organic,False,web
u_001856,2025-11-09 02:43:06,APAC,tiktok,True,web
u_001857,2025-11-11 06:46:39,NA,organic,False,ios
u_001858,2025-11-16 14:54:35,EU,youtube,False,web
u_001859,2025-11-19 05:48:26,NA,tiktok,False,ios
u_001860,2025-12-23 22:38:10,NA,organic,False,web
u_001861,2025-12-19 13:12:54,APAC,youtube,False,ios
u_001862,2025-12-12 04:10:36,NA,tiktok,False,ios
u_001863,2025-12-16 23:39:20,APAC,organic,False,web
u_001864,2025-12-28 02:07:06,APAC,organic,False,ios
u_001865,2025-12-05 03:45:09,APAC,organic,False,web
u_001866,2025-12-15 10:35:48,NA,organic,False,web
u_001867,2025-12-19 10:09:03,EU,paid_search,True,ios
u_001868,2025-12-13 10:25:23,APAC,tiktok,False,ios
u_001869,2025-11-29 09:18:05,APAC,organic,False,ios
u_001870,2025-11-12 06:05:13,APAC,organic,True,web
u_001871,2025-12-19 19:41:58,NA,organic,False,web
u_001872,2025-12-29 18:21:52,NA,tiktok,True,web
u_001873,2025-12-27 16:48:56,EU,organic,False,ios
u_001874,2025-12-11 09:49:04,APAC,tiktok,False,ios
u_001875,2025-12-18 08:56:00,NA,organic,True,web
u_001876,2025-12-10 18:48:48,NA,influencer,False,android
u_001877,2025-12-24 03:58:24,APAC,organic,False,web
u_001878,2025-12-20 23:44:13,NA,tiktok,True,android
u_001879,2025-11-06 12:25:39,NA,youtube,False,web
u_001880,2025-12-10 08:49:06,NA,tiktok,False,android
u_001881,2025-11-24 22:31:26,NA,youtube,False,ios
u_001882,2025-11-20 20:06:46,EU,youtube,True,android
u_001883,2025-12-10 02:19:18,NA,tiktok,True,web
u_001884,2025-11-18 20:50:12,NA,tiktok,True,ios
u_001885,2025-12-03 17:58:37,NA,paid_search,False,web
u_001886,2025-12-25 13:58:23,NA,youtube,False,android
u_001887,2025-12-19 17:20:35,EU,paid_search,False,android
u_001888,2025-12-29 09:02:47,NA,organic,False,web
u_001889,2025-12-18 20:59:08,EU,tiktok,True,ios
u_001890,2025-12-13 09:06:35,NA,paid_search,False,ios
u_001891,2025-12-09 18:51:23,NA,organic,False,web
u_001892,2025-12-14 13:39:04,NA,paid_search,False,web
u_001893,2025-12-14 11:39:34,NA,organic,False,android
u_001894,2025-11-08 02:01:55,APAC,paid_search,False,ios
u_001895,2025-12-28 13:16:25,EU,tiktok,False,web
u_001896,2025-12-21 23:43:02,APAC,organic,True,web
u_001897,2025-12-21 04:02:09,NA,influencer,False,web
u_001898,2025-11-13 09:48:22,NA,organic,True,ios
u_001899,2025-12-29 00:58:05,NA,organic,False,web
u_001900,2025-12-26 22:38:38,APAC,organic,True,ios
u_001901,2025-11-15 07:51:40,NA,youtube,True,web
u_001902,2025-11-18 01:55:26,NA,paid_search,False,web
u_001903,2025-12-27 19:58:37,NA,organic,False,web
u_001904,2025-11-16 11:21:31,NA,tiktok,False,android
u_001905,2025-11-06 22:23:10,LATAM,organic,False,web
u_001906,2025-12-13 01:37:04,EU,youtube,False,android
u_001907,2025-12-07 10:20:20,APAC,organic,False,web
u_001908,2025-12-18 09:58:22,EU,organic,True,ios
u_001909,2025-12-05 07:39:03,EU,organic,False,web
u_001910,2025-12-06 07:08:16,NA,tiktok,False,ios
u_001911,2025-11-13 15:31:41,EU,influencer,False,android
u_001912,2025-11-27 06:40:11,NA,tiktok,True,web
u_001913,2025-12-01 10:03:29,NA,organic,False,web
u_001914,2025-12-18 06:19:04,EU,tiktok,True,ios
u_001915,2025-11-07 09:28:00,APAC,youtube,False,web
u_001916,2025-11-23 17:55:48,APAC,organic,False,ios
u_001917,2025-11-26 17:48:13,APAC,organic,False,web
u_001918,2025-12-18 17:25:49,NA,organic,False,ios
u_001919,2025-12-22 07:26:39,NA,youtube,False,ios
u_001920,2025-12-05 05:47:04,NA,tiktok,False,web
u_001921,2025-12-11 21:06:58,APAC,tiktok,False,ios
u_001922,2025-11-30 15:40:30,LATAM,organic,False,ios
u_001923,2025-11-22 07:36:21,NA,organic,True,web
u_001924,2025-11-05 14:27:53,NA,paid_search,False,ios
u_001925,2025-11-20 12:10:41,EU,organic,True,ios
u_001926,2025-12-01 20:10:09,APAC,paid_search,False,web
u_001927,2026-01-02 00:47:16,EU,tiktok,False,android
u_001928,2025-11-29 02:21:36,NA,organic,False,ios
u_001929,2025-11-22 22:28:37,LATAM,tiktok,False,web
u_001930,2025-11-25 20:13:17,APAC,paid_search,False,android
u_001931,2025-12-10 03:20:11,NA,tiktok,True,web
u_001932,2025-11-10 13:10:48,LATAM,influencer,False,ios
u_001933,2025-12-12 18:45:25,EU,organic,True,web
u_001934,2025-11-21 19:55:39,NA,tiktok,False,ios
u_001935,2025-11-26 20:19:51,EU,influencer,True,ios
u_001936,2025-12-20 12:42:12,APAC,paid_search,False,ios
u_001937,2025-11-09 18:53:57,EU,tiktok,True,web
u_001938,2025-11-17 07:00:06,NA,youtube,False,web
u_001939,2025-12-31 20:25:35,LATAM,organic,False,ios
u_001940,2025-12-06 18:31:38,NA,organic,False,web
u_001941,2025-12-13 15:46:46,APAC,organic,True,web
u_001942,2025-12-10 19:27:36,EU,organic,False,ios
u_001943,2025-12-22 15:43:38,NA,organic,True,android
u_001944,2025-12-18 01:43:03,NA,organic,False,web
u_001945,2025-12-02 22:31:41,APAC,paid_search,False,web
u_001946,2025-12-19 17:07:22,NA,youtube,False,android
u_001947,2025-11-20 12:47:43,EU,tiktok,False,android
u_001948,2025-11-23 13:14:28,EU,paid_search,False,ios
u_001949,2025-11-22 05:20:43,APAC,organic,False,web
u_001950,2026-01-03 03:27:29,EU,tiktok,False,ios
u_001951,2025-11-10 14:43:42,NA,youtube,False,android
u_001952,2025-12-01 06:25:05,NA,organic,False,web
u_001953,2025-11-24 07:26:41,APAC,youtube,False,ios
u_001954,2025-12-02 08:50:51,EU,organic,True,ios
u_001955,2025-12-05 12:39:50,NA,organic,False,ios
u_001956,2025-11-06 20:34:31,LATAM,organic,False,ios
u_001957,2025-11-10 19:44:54,APAC,paid_search,True,ios
u_001958,2025-12-22 20:25:03,NA,youtube,True,ios
u_001959,2025-12-22 20:20:49,LATAM,youtube,False,ios
u_001960,2025-12-18 09:11:40,APAC,tiktok,False,web
u_001961,2025-12-03 18:17:25,NA,organic,False,ios
u_001962,2025-12-03 20:43:29,NA,youtube,False,ios
u_001963,2025-12-01 03:54:37,APAC,tiktok,False,android
u_001964,2025-11-06 16:35:59,APAC,organic,False,ios
u_001965,2025-11-27 03:32:08,NA,youtube,False,web
u_001966,2025-11-20 06:57:41,NA,organic,False,android
u_001967,2025-11-14 06:21:28,NA,organic,True,ios
u_001968,2025-12-06 13:59:24,EU,influencer,False,android
u_001969,2025-11-17 06:15:27,NA,youtube,False,web
u_001970,2025-12-06 21:45:16,NA,youtube,False,web
u_001971,2025-11-12 22:02:07,APAC,tiktok,False,web
u_001972,2025-11-22 05:14:03,APAC,organic,True,android
u_001973,2025-11-08 12:01:30,EU,youtube,False,android
u_001974,2025-12-20 02:28:44,NA,youtube,False,ios
u_001975,2025-11-09 22:20:25,NA,tiktok,False,web
u_001976,2025-11-21 20:36:16,NA,paid_search,False,web
u_001977,2025-11-18 14:33:36,LATAM,paid_search,False,ios
u_001978,2025-11-08 16:42:15,APAC,tiktok,False,ios
u_001979,2025-12-25 18:23:35,NA,influencer,False,ios
u_001980,2025-12-06 03:00:26,NA,tiktok,False,web
u_001981,2025-12-11 04:40:07,EU,tiktok,False,ios
u_001982,2025-11-27 02:38:42,EU,organic,False,web
u_001983,2025-12-15 15:32:26,EU,tiktok,True,ios
u_001984,2025-12-31 01:49:30,APAC,paid_search,False,ios
u_001985,2026-01-03 19:12:22,APAC,youtube,False,android
u_001986,2025-12-06 08:30:38,EU,youtube,False,ios
u_001987,2025-11-16 17:48:46,APAC,organic,False,ios
u_001988,2026-01-02 01:23:24,APAC,organic,False,web
u_001989,2025-11-20 21:31:11,APAC,organic,True,android
u_001990,2025-12-22 01:34:17,LATAM,organic,False,web
u_001991,2025-11-10 10:40:46,NA,tiktok,False,web
u_001992,2025-12-05 16:56:39,NA,organic,False,android
u_001993,2025-11-15 18:22:38,APAC,tiktok,False,ios
u_001994,2025-12-31 17:49:33,APAC,tiktok,False,ios
u_001995,2025-12-17 12:58:02,LATAM,organic,False,web
u_001996,2025-11-29 04:31:50,NA,organic,True,android
u_001997,2025-12-11 07:42:06,EU,paid_search,False,web
u_001998,2025-11-17 18:46:07,NA,organic,True,web
u_001999,2026-01-04 02:25:52,EU,organic,False,web
u_002000,2025-11-13 09:49:17,NA,influencer,False,web
u_002001,2025-11-20 00:57:08,NA,paid_search,False,android
u_002002,2025-12-21 05:46:05,NA,youtube,False,ios
u_002003,2025-12-27 01:21:36,EU,organic,False,ios
u_002004,2025-12-20 15:50:18,NA,organic,False,android
u_002005,2025-11-16 21:41:13,NA,paid_search,False,web
u_002006,2025-11-08 14:39:01,NA,influencer,False,web
u_002007,2025-12-11 16:16:29,NA,tiktok,False,ios
u_002008,2025-12-31 18:37:48,LATAM,organic,True,ios
u_002009,2025-12-24 07:56:33,NA,organic,False,ios
u_002010,2025-11-06 22:52:52,NA,organic,False,web
u_002011,2025-11-07 17:25:24,APAC,tiktok,False,ios
u_002012,2025-11-28 15:02:43,EU,organic,False,web
u_002013,2025-11-29 11:52:10,APAC,paid_search,True,web
u_002014,2025-11-22 19:43:18,EU,organic,True,web
u_002015,2025-11-06 10:54:39,LATAM,youtube,False,web
u_002016,2025-12-29 22:57:49,NA,organic,False,ios
u_002017,2025-11-27 08:48:16,LATAM,tiktok,False,web
u_002018,2025-11-10 10:58:46,APAC,organic,False,android
u_002019,2025-11-19 13:31:44,EU,youtube,False,android
u_002020,2025-12-12 05:30:33,EU,tiktok,False,ios
u_002021,2025-12-24 22:16:31,EU,organic,False,android
u_002022,2025-12-22 19:28:15,NA,influencer,True,android
u_002023,2025-12-02 06:09:37,NA,tiktok,True,ios
u_002024,2025-12-11 06:33:43,LATAM,paid_search,False,ios
u_002025,2025-12-28 12:23:05,EU,paid_search,False,android
u_002026,2025-11-13 12:22:27,NA,paid_search,False,ios
u_002027,2026-01-01 04:13:46,APAC,organic,False,web
u_002028,2025-11-07 01:38:07,EU,organic,False,ios
u_002029,2025-12-27 12:59:43,NA,paid_search,True,web
u_002030,2025-12-16 00:48:04,APAC,tiktok,False,web
u_002031,2025-12-07 01:32:21,APAC,organic,True,web
u_002032,2025-11-12 05:37:40,NA,youtube,True,web
u_002033,2025-11-13 10:49:39,LATAM,organic,False,web
u_002034,2025-11-15 02:25:09,NA,youtube,True,android
u_002035,2025-11-21 02:32:02,EU,influencer,False,web
u_002036,2025-11-19 18:46:43,NA,youtube,True,web
u_002037,2025-12-25 12:52:19,EU,organic,True,web
u_002038,2025-11-22 14:15:08,NA,tiktok,False,ios
u_002039,2025-12-02 04:56:34,NA,tiktok,False,android
u_002040,2025-11-09 08:55:28,APAC,tiktok,True,web
u_002041,2025-12-09 19:26:31,NA,organic,True,web
u_002042,2025-11-25 04:21:14,APAC,tiktok,False,ios
u_002043,2025-11-17 07:26:54,EU,tiktok,False,ios
u_002044,2025-11-08 04:32:22,LATAM,tiktok,False,web
u_002045,2026-01-02 05:32:47,EU,influencer,False,web
u_002046,2025-11-09 15:10:23,NA,tiktok,False,ios
u_002047,2025-12-30 08:18:43,NA,organic,False,web
u_002048,2025-12-31 00:12:36,APAC,youtube,False,android
u_002049,2025-12-31 05:22:33,APAC,youtube,False,web
u_002050,2025-11-12 07:57:17,NA,organic,True,web
u_002051,2025-11-18 21:18:03,EU,youtube,False,android
u_002052,2025-12-12 16:41:13,EU,organic,True,android
u_002053,2025-11-17 01:20:58,LATAM,organic,True,web
u_002054,2025-12-26 13:53:38,LATAM,paid_search,True,android
u_002055,2025-12-01 05:14:27,LATAM,paid_search,True,ios
u_002056,2025-12-16 02:41:03,APAC,tiktok,False,web
u_002057,2025-11-08 03:12:10,LATAM,youtube,False,ios
u_002058,2025-11-16 18:19:13,NA,influencer,True,web
u_002059,2025-11-06 23:18:36,APAC,paid_search,False,web
u_002060,2025-11-23 16:46:17,APAC,tiktok,False,web
u_002061,2025-11-30 17:21:06,LATAM,tiktok,False,ios
u_002062,2025-11-15 21:44:34,EU,tiktok,False,android
u_002063,2025-12-18 04:50:57,NA,organic,True,ios
u_002064,2025-12-18 17:41:33,EU,tiktok,False,web
u_002065,2025-12-11 15:01:14,APAC,youtube,False,ios
u_002066,2026-01-01 22:27:13,NA,influencer,False,ios
u_002067,2025-12-04 02:41:31,NA,paid_search,False,android
u_002068,2025-11-30 14:57:24,EU,organic,False,web
u_002069,2025-11-28 03:42:50,NA,tiktok,False,ios
u_002070,2025-12-22 20:58:49,NA,organic,False,ios
u_002071,2025-11-09 14:54:18,NA,organic,False,ios
u_002072,2025-11-19 04:16:32,LATAM,paid_search,True,web
u_002073,2025-12-11 10:51:14,APAC,tiktok,False,web
u_002074,2025-12-27 10:31:28,NA,youtube,False,ios
u_002075,2026-01-01 02:26:17,APAC,organic,False,android
u_002076,2025-12-21 13:52:24,APAC,tiktok,False,ios
u_002077,2025-11-28 14:00:28,NA,youtube,False,android
u_002078,2025-12-01 21:54:17,NA,organic,False,web
u_002079,2025-12-25 04:15:42,EU,organic,False,ios
u_002080,2025-11-25 11:17:09,EU,organic,False,ios
u_002081,2025-11-10 11:20:29,APAC,youtube,False,ios
u_002082,2026-01-02 07:43:53,NA,paid_search,False,android
u_002083,2025-11-07 02:26:52,NA,influencer,False,android
u_002084,2025-12-07 12:37:26,LATAM,paid_search,False,ios
u_002085,2025-12-06 18:53:46,NA,influencer,False,ios
u_002086,2025-12-26 15:06:41,APAC,influencer,True,android
u_002087,2026-01-01 18:35:58,NA,tiktok,False,ios
u_002088,2025-12-10 13:14:37,NA,tiktok,False,android
u_002089,2025-12-02 10:14:39,NA,tiktok,False,android
u_002090,2025-12-24 01:12:53,NA,influencer,False,ios
u_002091,2025-11-24 05:17:26,NA,organic,True,ios
u_002092,2025-12-26 19:14:23,NA,organic,False,ios
u_002093,2025-12-21 04:06:24,EU,paid_search,False,web
u_002094,2025-11-26 04:26:29,EU,organic,False,ios
u_002095,2025-12-10 21:16:44,NA,paid_search,True,web
u_002096,2025-12-31 11:13:15,APAC,youtube,False,ios
u_002097,2025-12-24 16:06:45,NA,organic,False,android
u_002098,2025-11-07 03:27:01,NA,youtube,True,web
u_002099,2025-12-01 19:31:48,EU,influencer,True,web
u_002100,2025-12-11 15:02:40,EU,organic,False,ios
u_002101,2025-11-06 07:50:55,EU,youtube,False,web
u_002102,2025-12-20 12:09:04,NA,influencer,False,ios
u_002103,2025-11-27 23:59:41,APAC,organic,True,ios
u_002104,2025-12-27 21:14:53,EU,organic,False,web
u_002105,2025-11-07 02:51:12,NA,organic,False,web
u_002106,2025-12-31 03:57:50,NA,organic,False,android
u_002107,2025-11-18 00:50:36,APAC,organic,False,web
u_002108,2025-12-09 19:11:36,EU,youtube,False,ios
u_002109,2025-12-18 01:06:25,NA,organic,False,android
u_002110,2025-12-30 05:07:35,NA,paid_search,True,android
u_002111,2025-11-28 22:21:05,NA,organic,False,web
u_002112,2025-11-06 04:59:05,EU,tiktok,True,ios
u_002113,2025-11-17 14:56:31,APAC,youtube,False,ios
u_002114,2025-12-23 00:04:26,NA,influencer,False,ios
u_002115,2025-12-07 23:08:30,NA,tiktok,False,android
u_002116,2025-12-31 06:17:38,LATAM,organic,False,ios
u_002117,2025-12-23 08:08:45,EU,influencer,True,web
u_002118,2025-12-19 05:38:32,EU,organic,True,ios
u_002119,2025-11-16 01:04:28,NA,organic,False,ios
u_002120,2025-11-26 05:48:54,EU,tiktok,False,ios
u_002121,2025-11-20 13:21:19,EU,youtube,False,web
u_002122,2025-12-03 20:34:21,NA,organic,False,web
u_002123,2025-12-07 03:19:27,LATAM,tiktok,True,android
u_002124,2025-11-14 23:47:06,APAC,tiktok,False,web
u_002125,2025-11-07 13:24:36,APAC,paid_search,True,web
u_002126,2026-01-01 12:16:44,EU,organic,False,android
u_002127,2025-11-10 10:47:30,EU,organic,False,ios
u_002128,2025-11-25 18:32:01,NA,tiktok,False,web
u_002129,2025-12-01 21:29:21,NA,organic,False,ios
u_002130,2025-11-25 21:27:41,APAC,youtube,True,ios
u_002131,2025-12-09 02:48:24,EU,youtube,False,ios
u_002132,2025-12-23 03:37:53,APAC,youtube,False,android
u_002133,2025-11-20 20:46:34,NA,influencer,True,web
u_002134,2025-12-02 23:05:40,EU,paid_search,False,ios
u_002135,2025-12-29 23:29:24,EU,tiktok,False,web
u_002136,2025-12-11 20:02:18,EU,paid_search,False,ios
u_002137,2025-12-16 14:55:48,APAC,organic,False,ios
u_002138,2025-12-20 01:35:10,LATAM,youtube,False,web
u_002139,2025-11-26 09:13:22,NA,tiktok,True,ios
u_002140,2025-12-08 05:22:29,NA,influencer,False,web
u_002141,2025-12-03 09:15:22,NA,tiktok,False,web
u_002142,2025-11-07 07:05:11,APAC,youtube,True,ios
u_002143,2025-11-06 14:52:44,NA,paid_search,False,ios
u_002144,2025-11-17 16:33:28,APAC,youtube,True,web
u_002145,2025-11-24 22:43:19,NA,youtube,True,android
u_002146,2025-12-23 00:12:15,EU,organic,True,web
u_002147,2025-11-22 20:52:38,APAC,organic,False,web
u_002148,2025-11-21 02:11:02,EU,paid_search,False,web
u_002149,2025-12-10 18:40:45,EU,youtube,False,web
u_002150,2025-11-12 19:44:42,NA,tiktok,False,web
u_002151,2025-11-23 12:04:53,NA,organic,False,android
u_002152,2025-11-30 06:22:08,EU,organic,False,ios
u_002153,2025-12-09 03:24:35,EU,organic,False,ios
u_002154,2025-11-28 00:00:49,LATAM,tiktok,False,android
u_002155,2025-11-05 13:43:46,LATAM,organic,False,ios
u_002156,2025-12-29 03:21:19,APAC,organic,True,web
u_002157,2025-12-30 20:48:29,NA,tiktok,False,web
u_002158,2025-11-23 05:42:46,APAC,tiktok,False,web
u_002159,2025-11-21 06:02:17,NA,organic,False,ios
u_002160,2025-11-08 01:08:26,NA,tiktok,False,web
u_002161,2025-11-09 10:22:05,NA,paid_search,False,ios
u_002162,2025-11-14 14:03:56,NA,tiktok,False,ios
u_002163,2025-12-04 18:44:53,NA,influencer,True,android
u_002164,2025-12-12 16:38:30,EU,paid_search,True,ios
u_002165,2025-11-24 01:50:05,LATAM,organic,False,web
u_002166,2025-12-26 00:07:33,NA,organic,False,web
u_002167,2025-12-04 06:01:41,LATAM,tiktok,False,ios
u_002168,2025-11-23 07:37:52,NA,tiktok,False,web
u_002169,2025-11-12 20:06:15,NA,tiktok,False,web
u_002170,2025-12-05 14:52:02,EU,organic,False,ios
u_002171,2025-11-26 16:09:47,APAC,youtube,True,web
u_002172,2025-12-05 05:23:11,NA,organic,False,android
u_002173,2025-12-18 10:49:07,NA,paid_search,False,web
u_002174,2025-11-30 04:27:30,EU,organic,False,android
u_002175,2026-01-02 14:16:27,NA,paid_search,False,android
u_002176,2025-12-21 18:53:03,APAC,organic,False,web
u_002177,2025-12-22 19:06:38,EU,organic,False,ios
u_002178,2025-12-06 22:04:54,NA,organic,False,ios
u_002179,2025-12-23 14:35:58,APAC,paid_search,False,ios
u_002180,2025-11-27 06:40:27,NA,organic,False,ios
u_002181,2026-01-02 19:16:17,APAC,youtube,False,ios
u_002182,2025-12-03 19:01:51,APAC,influencer,False,ios
u_002183,2025-12-23 09:40:43,LATAM,youtube,False,web
u_002184,2025-11-19 23:16:34,EU,organic,True,android
u_002185,2025-12-08 19:24:38,EU,paid_search,False,web
u_002186,2025-11-17 02:49:23,NA,paid_search,True,web
u_002187,2025-11-25 06:01:20,APAC,tiktok,False,web
u_002188,2025-12-18 21:26:25,EU,tiktok,False,android
u_002189,2025-11-26 07:43:21,NA,paid_search,False,ios
u_002190,2025-12-05 04:06:49,APAC,paid_search,False,android
u_002191,2025-12-01 15:20:42,NA,tiktok,True,android
u_002192,2025-11-06 09:42:08,APAC,influencer,False,android
u_002193,2025-12-11 17:41:14,APAC,organic,False,ios
u_002194,2025-11-21 06:44:53,EU,organic,False,web
u_002195,2025-11-30 20:42:09,EU,organic,True,web
u_002196,2025-11-17 20:17:22,NA,organic,False,ios
u_002197,2025-12-29 19:11:49,LATAM,youtube,False,ios
u_002198,2025-12-16 23:50:54,NA,tiktok,True,ios
u_002199,2025-12-05 22:06:00,EU,organic,False,ios
u_002200,2025-12-28 19:24:40,APAC,tiktok,True,ios
u_002201,2025-12-26 07:08:37,LATAM,organic,False,web
u_002202,2025-11-24 13:35:54,APAC,paid_search,True,web
u_002203,2025-12-04 02:43:32,EU,influencer,False,ios
u_002204,2025-12-02 05:27:54,NA,organic,False,web
u_002205,2025-12-07 12:49:52,NA,paid_search,False,ios
u_002206,2025-11-06 00:25:57,NA,organic,False,ios
u_002207,2025-12-21 08:32:04,APAC,youtube,False,android
u_002208,2025-12-05 23:37:42,APAC,paid_search,True,android
u_002209,2025-11-29 02:23:22,APAC,organic,False,ios
u_002210,2025-12-06 12:44:28,EU,youtube,False,ios
u_002211,2025-12-14 00:26:54,EU,organic,False,web
u_002212,2026-01-01 01:29:32,NA,organic,True,ios
u_002213,2025-12-15 23:29:59,NA,tiktok,True,ios
u_002214,2025-12-04 05:45:04,NA,paid_search,False,ios
u_002215,2025-11-30 01:26:22,APAC,tiktok,False,ios
u_002216,2025-11-16 08:49:32,NA,paid_search,False,web
u_002217,2026-01-01 10:44:22,APAC,paid_search,False,android
u_002218,2025-12-08 23:23:44,APAC,organic,False,web
u_002219,2025-12-18 15:16:01,EU,tiktok,False,android
u_002220,2025-12-23 17:53:23,NA,youtube,False,ios
u_002221,2025-12-14 04:47:24,NA,tiktok,False,ios
u_002222,2025-12-19 10:19:50,NA,organic,True,web
u_002223,2025-12-25 12:54:35,APAC,paid_search,True,web
u_002224,2025-11-12 05:03:22,NA,youtube,True,android
u_002225,2026-01-03 17:54:18,APAC,tiktok,False,android
u_002226,2025-12-14 01:21:59,APAC,tiktok,False,ios
u_002227,2025-12-09 17:56:03,NA,organic,True,ios
u_002228,2025-11-10 06:11:04,APAC,tiktok,False,ios
u_002229,2025-11-07 07:32:31,EU,paid_search,True,ios
u_002230,2025-12-18 05:51:36,APAC,paid_search,True,ios
u_002231,2025-11-16 11:59:10,NA,organic,True,web
u_002232,2025-12-22 06:42:51,NA,tiktok,True,android
u_002233,2025-11-19 01:28:00,NA,youtube,False,ios
u_002234,2025-12-06 23:23:41,NA,organic,False,web
u_002235,2025-12-24 11:08:58,APAC,organic,False,android
u_002236,2025-11-29 18:19:47,APAC,tiktok,False,ios
u_002237,2025-11-06 19:05:15,LATAM,tiktok,False,web
u_002238,2025-12-01 08:23:35,NA,organic,False,web
u_002239,2025-11-13 15:43:39,NA,organic,True,ios
u_002240,2025-12-24 10:05:39,APAC,organic,True,android
u_002241,2025-12-29 07:56:25,NA,organic,False,android
u_002242,2025-12-07 06:08:40,NA,tiktok,True,ios
u_002243,2025-12-24 23:06:24,EU,organic,True,web
u_002244,2025-12-02 13:35:35,NA,organic,False,web
u_002245,2025-12-29 13:21:41,EU,influencer,False,web
u_002246,2025-11-19 11:46:05,NA,organic,True,android
u_002247,2025-12-21 08:43:40,EU,tiktok,True,android
u_002248,2025-12-03 22:44:15,APAC,paid_search,False,web
u_002249,2025-11-14 20:04:41,NA,youtube,False,android
u_002250,2025-12-25 04:36:58,LATAM,youtube,True,ios
u_002251,2025-11-07 17:27:59,EU,tiktok,False,web
u_002252,2025-12-12 21:38:01,LATAM,organic,False,ios
u_002253,2025-12-10 02:42:39,NA,youtube,False,android
u_002254,2025-12-01 22:11:34,EU,youtube,False,web
u_002255,2025-11-19 23:27:56,NA,organic,True,android
u_002256,2025-12-01 23:33:04,APAC,tiktok,False,web
u_002257,2025-12-06 22:36:58,EU,paid_search,False,web
u_002258,2025-12-31 21:09:12,EU,organic,True,web
u_002259,2025-12-19 09:12:47,LATAM,tiktok,False,android
u_002260,2025-12-01 00:32:17,NA,tiktok,True,ios
u_002261,2025-12-23 01:43:21,NA,influencer,True,android
u_002262,2025-11-24 19:39:04,EU,influencer,False,ios
u_002263,2025-11-26 13:40:50,EU,youtube,False,ios
u_002264,2025-12-21 10:50:51,NA,organic,False,android
u_002265,2025-11-11 01:00:55,EU,organic,False,ios
u_002266,2025-12-07 08:36:49,LATAM,organic,False,android
u_002267,2025-12-07 01:05:38,APAC,youtube,False,web
u_002268,2025-12-24 23:23:55,NA,youtube,False,ios
u_002269,2025-11-14 11:54:11,NA,paid_search,True,ios
u_002270,2025-12-03 14:19:37,LATAM,tiktok,False,android
u_002271,2026-01-02 21:34:53,APAC,youtube,False,web
u_002272,2025-11-18 17:36:13,LATAM,tiktok,True,ios
u_002273,2025-12-22 06:54:07,NA,organic,True,ios
u_002274,2025-12-16 09:19:00,APAC,tiktok,True,ios
u_002275,2025-12-13 22:24:03,APAC,tiktok,False,web
u_002276,2025-12-25 00:22:50,NA,paid_search,False,web
u_002277,2025-12-09 00:18:11,EU,organic,False,android
u_002278,2026-01-02 05:53:50,EU,paid_search,False,ios
u_002279,2025-12-19 08:08:30,EU,tiktok,False,ios
u_002280,2025-11-22 11:47:43,APAC,organic,False,android
u_002281,2025-11-10 03:02:05,APAC,organic,False,web
u_002282,2025-12-07 12:51:30,APAC,organic,False,ios
u_002283,2025-12-06 13:19:51,APAC,tiktok,False,android
u_002284,2025-12-15 10:22:46,EU,organic,False,android
u_002285,2025-11-19 09:17:30,NA,tiktok,False,ios
u_002286,2025-12-20 06:57:05,APAC,paid_search,False,ios
u_002287,2025-11-29 01:45:16,EU,youtube,False,ios
u_002288,2025-11-06 16:32:51,NA,youtube,False,android
u_002289,2025-12-16 06:13:04,EU,organic,False,ios
u_002290,2025-12-29 18:10:54,NA,tiktok,False,android
u_002291,2025-12-16 21:42:43,APAC,organic,False,web
u_002292,2025-11-08 16:19:37,NA,paid_search,False,ios
u_002293,2025-12-31 10:20:41,NA,organic,True,ios
u_002294,2026-01-02 10:17:35,LATAM,tiktok,True,ios
u_002295,2025-11-07 05:22:31,APAC,tiktok,False,ios
u_002296,2026-01-04 02:55:50,APAC,tiktok,False,android
u_002297,2025-11-08 11:26:05,EU,influencer,False,android
u_002298,2025-11-06 11:41:59,APAC,organic,False,web
u_002299,2025-11-27 15:40:38,APAC,organic,False,android
u_002300,2025-12-20 15:36:57,EU,youtube,True,web
u_002301,2025-12-02 00:38:41,LATAM,tiktok,True,ios
u_002302,2025-11-30 18:59:31,NA,tiktok,False,android
u_002303,2025-11-17 11:36:47,LATAM,organic,True,web
u_002304,2025-12-11 08:55:50,NA,youtube,False,android
u_002305,2025-12-11 12:00:30,EU,paid_search,False,android
u_002306,2025-12-23 13:47:45,NA,youtube,False,ios
u_002307,2025-12-17 12:47:37,EU,influencer,False,web
u_002308,2025-12-20 14:34:59,EU,tiktok,False,ios
u_002309,2025-11-21 20:22:15,LATAM,organic,False,android
u_002310,2025-12-20 11:11:50,LATAM,organic,False,web
u_002311,2025-12-08 17:25:18,LATAM,youtube,False,ios
u_002312,2025-12-28 07:43:03,NA,tiktok,True,web
u_002313,2025-11-05 14:21:19,LATAM,youtube,True,web
u_002314,2025-11-20 01:57:09,EU,youtube,True,android
u_002315,2025-12-11 02:01:19,APAC,paid_search,False,web
u_002316,2025-12-18 22:48:14,NA,tiktok,False,android
u_002317,2025-12-07 02:30:29,EU,tiktok,False,ios
u_002318,2025-11-13 02:28:35,LATAM,organic,False,ios
u_002319,2025-12-27 17:59:05,LATAM,tiktok,False,web
u_002320,2025-12-21 02:58:44,APAC,influencer,False,android
u_002321,2025-12-08 12:21:54,APAC,organic,False,web
u_002322,2025-11-19 16:33:52,NA,paid_search,False,ios
u_002323,2025-11-15 14:26:15,APAC,paid_search,False,ios
u_002324,2025-11-13 19:59:52,EU,tiktok,False,ios
u_002325,2025-12-28 16:07:42,NA,organic,False,ios
u_002326,2026-01-02 08:00:21,NA,organic,False,ios
u_002327,2025-12-06 23:56:52,NA,organic,True,web
u_002328,2025-11-22 03:38:43,APAC,organic,False,ios
u_002329,2025-11-13 00:18:18,NA,tiktok,False,android
u_002330,2025-12-12 05:51:55,EU,organic,False,ios
u_002331,2025-11-05 17:12:14,NA,youtube,False,web
u_002332,2025-11-08 05:44:56,EU,organic,False,web
u_002333,2026-01-01 20:59:10,APAC,organic,True,web
u_002334,2025-12-16 07:21:42,APAC,tiktok,False,web
u_002335,2025-11-19 14:23:44,EU,paid_search,True,ios
u_002336,2025-12-20 14:52:28,EU,youtube,False,ios
u_002337,2025-12-11 10:30:14,NA,tiktok,True,web
u_002338,2025-12-05 16:00:43,APAC,youtube,False,ios
u_002339,2025-12-22 01:03:51,NA,youtube,False,android
u_002340,2025-12-28 12:04:57,NA,paid_search,True,android
u_002341,2025-12-19 07:56:48,APAC,organic,True,android
u_002342,2025-11-21 23:42:02,NA,influencer,False,web
u_002343,2025-12-15 12:58:13,APAC,organic,False,web
u_002344,2025-11-30 11:02:42,NA,paid_search,False,android
u_002345,2025-12-27 03:32:26,APAC,organic,False,web
u_002346,2025-11-28 05:51:00,NA,paid_search,False,web
u_002347,2025-11-18 02:39:52,NA,paid_search,True,ios
u_002348,2025-11-08 21:45:26,NA,organic,False,web
u_002349,2025-11-06 07:19:03,APAC,paid_search,True,android
u_002350,2025-12-13 14:19:38,LATAM,organic,False,android
u_002351,2025-11-12 05:04:38,EU,organic,False,android
u_002352,2025-11-13 00:35:34,APAC,tiktok,False,android
u_002353,2025-11-13 03:54:06,APAC,paid_search,True,web
u_002354,2026-01-03 10:51:01,LATAM,tiktok,False,ios
u_002355,2025-12-11 19:27:10,APAC,tiktok,True,ios
u_002356,2025-12-28 06:23:30,NA,youtube,True,ios
u_002357,2025-12-25 10:19:32,APAC,paid_search,True,web
u_002358,2025-12-22 22:24:25,EU,youtube,False,ios
u_002359,2025-12-18 15:45:53,NA,organic,False,android
u_002360,2025-12-28 08:12:40,NA,organic,False,web
u_002361,2025-12-15 08:44:39,LATAM,organic,True,web
u_002362,2025-12-18 00:44:10,LATAM,youtube,False,web
u_002363,2025-12-06 04:22:19,APAC,organic,False,ios
u_002364,2025-12-18 07:31:43,LATAM,organic,True,web
u_002365,2025-11-20 02:18:22,APAC,paid_search,True,android
u_002366,2025-11-18 18:59:22,NA,organic,False,ios
u_002367,2025-12-04 15:59:46,NA,tiktok,False,ios
u_002368,2025-11-28 08:00:41,NA,organic,False,ios
u_002369,2025-12-04 02:37:20,NA,organic,False,ios
u_002370,2025-12-25 10:00:15,NA,organic,True,ios
u_002371,2025-11-20 20:27:27,EU,tiktok,True,android
u_002372,2025-12-11 05:50:07,APAC,paid_search,False,android
u_002373,2025-12-02 16:59:48,APAC,organic,False,web
u_002374,2025-11-06 11:55:45,EU,organic,False,web
u_002375,2025-11-27 21:11:33,LATAM,youtube,False,web
u_002376,2025-11-24 13:12:16,EU,youtube,False,ios
u_002377,2025-12-28 01:43:12,APAC,youtube,True,web
u_002378,2025-12-25 10:47:47,EU,paid_search,False,ios
u_002379,2025-12-14 01:32:19,NA,youtube,False,android
u_002380,2025-11-15 09:01:30,LATAM,tiktok,True,web
u_002381,2025-12-11 19:13:52,NA,influencer,False,ios
u_002382,2025-11-25 02:52:40,EU,tiktok,False,ios
u_002383,2025-12-18 23:01:11,NA,organic,True,ios
u_002384,2025-12-24 07:54:31,EU,organic,False,ios
u_002385,2025-11-08 19:49:41,LATAM,organic,False,android
u_002386,2025-11-19 20:51:59,NA,organic,True,web
u_002387,2025-12-04 07:59:57,APAC,organic,False,web
u_002388,2025-12-21 08:06:03,NA,organic,False,ios
u_002389,2025-12-20 09:51:39,NA,paid_search,False,ios
u_002390,2025-11-11 13:48:51,NA,paid_search,False,web
u_002391,2025-12-14 10:17:51,APAC,tiktok,True,web
u_002392,2025-12-07 14:54:11,NA,influencer,True,ios
u_002393,2025-12-16 10:30:59,EU,organic,False,web
u_002394,2025-12-03 02:44:49,NA,paid_search,True,android
u_002395,2025-12-26 11:07:53,NA,tiktok,True,ios
u_002396,2025-11-25 20:10:48,APAC,organic,True,web
u_002397,2025-12-03 21:07:17,NA,organic,False,ios
u_002398,2025-11-16 04:50:15,NA,organic,False,web
u_002399,2025-11-06 07:10:42,NA,organic,False,ios
u_002400,2025-12-02 21:22:02,EU,organic,True,ios
u_002401,2026-01-03 01:07:18,EU,organic,False,ios
u_002402,2025-12-02 16:40:40,NA,organic,True,android
u_002403,2025-12-02 18:03:11,NA,organic,False,web
u_002404,2025-11-25 02:26:35,NA,paid_search,True,android
u_002405,2025-12-23 03:14:10,NA,organic,False,android
u_002406,2025-12-06 02:05:57,APAC,organic,False,web
u_002407,2025-12-03 06:46:57,APAC,youtube,False,web
u_002408,2025-12-22 21:12:22,EU,influencer,True,web
u_002409,2025-11-13 19:41:10,NA,organic,False,web
u_002410,2025-12-09 19:54:32,APAC,influencer,False,ios
u_002411,2025-12-14 01:44:31,APAC,organic,True,web
u_002412,2025-11-27 04:49:54,EU,organic,False,android
u_002413,2026-01-02 12:38:36,APAC,organic,False,web
u_002414,2025-11-27 17:29:35,APAC,tiktok,False,web
u_002415,2025-11-27 02:19:25,EU,organic,False,web
u_002416,2025-12-09 13:13:48,NA,youtube,False,web
u_002417,2025-11-20 10:58:45,APAC,organic,False,android
u_002418,2025-11-08 03:32:48,NA,youtube,False,ios
u_002419,2025-11-16 09:19:48,APAC,organic,False,web
u_002420,2025-12-20 15:28:07,APAC,tiktok,False,android
u_002421,2025-12-02 10:52:02,APAC,tiktok,False,android
u_002422,2025-11-24 03:12:59,EU,youtube,False,android
u_002423,2025-11-11 06:28:07,NA,organic,True,android
u_002424,2025-11-22 04:02:33,NA,influencer,False,ios
u_002425,2025-11-17 07:20:00,APAC,youtube,False,ios
u_002426,2025-11-26 03:50:06,APAC,organic,False,ios
u_002427,2025-12-25 08:25:51,EU,paid_search,True,web
u_002428,2026-01-01 21:49:47,NA,youtube,False,ios
u_002429,2025-11-07 06:48:16,LATAM,tiktok,True,android
u_002430,2025-12-29 19:44:26,LATAM,organic,False,ios
u_002431,2025-12-27 10:49:20,NA,tiktok,False,android
u_002432,2025-12-30 09:31:43,EU,organic,False,ios
u_002433,2025-12-26 16:13:47,APAC,tiktok,False,ios
u_002434,2025-11-27 10:11:07,APAC,tiktok,False,ios
u_002435,2025-12-05 04:18:03,LATAM,youtube,False,ios
u_002436,2025-12-03 18:30:36,NA,organic,False,ios
u_002437,2025-11-24 17:52:33,EU,influencer,False,web
u_002438,2025-11-16 04:29:58,APAC,organic,False,web
u_002439,2025-12-24 09:16:39,APAC,tiktok,False,android
u_002440,2025-12-27 19:24:44,APAC,youtube,False,web
u_002441,2025-12-27 22:09:52,LATAM,youtube,False,ios
u_002442,2025-11-15 15:48:24,EU,organic,False,ios
u_002443,2025-12-08 01:40:26,APAC,organic,True,ios
u_002444,2025-12-15 15:13:15,NA,organic,False,android
u_002445,2025-11-19 01:08:53,NA,tiktok,False,ios
u_002446,2025-11-07 08:33:17,NA,organic,False,android
u_002447,2025-12-29 04:22:14,APAC,youtube,True,ios
u_002448,2025-12-25 00:12:13,LATAM,tiktok,False,ios
u_002449,2025-12-15 15:08:41,NA,organic,False,android
u_002450,2025-12-20 08:49:48,NA,organic,False,android
u_002451,2026-01-01 03:56:49,APAC,organic,True,android
u_002452,2025-12-30 03:47:13,EU,organic,False,ios
u_002453,2025-11-08 06:18:48,LATAM,tiktok,True,web
u_002454,2025-12-14 05:32:03,NA,tiktok,False,web
u_002455,2025-12-09 17:36:42,NA,youtube,True,android
u_002456,2026-01-01 19:47:48,EU,organic,False,android
u_002457,2025-11-24 15:58:51,NA,paid_search,False,ios
u_002458,2025-11-05 14:47:03,NA,organic,False,web
u_002459,2025-11-24 03:27:47,NA,organic,False,ios
u_002460,2025-12-21 20:40:46,NA,youtube,False,web
u_002461,2025-12-25 11:43:37,NA,influencer,True,ios
u_002462,2025-12-17 23:01:14,LATAM,organic,True,ios
u_002463,2025-11-11 20:44:59,NA,youtube,True,android
u_002464,2025-12-23 19:28:18,NA,paid_search,False,web
u_002465,2025-12-13 04:08:58,APAC,youtube,False,ios
u_002466,2025-12-24 00:40:45,APAC,organic,False,ios
u_002467,2025-12-22 22:44:02,EU,influencer,True,ios
u_002468,2025-12-10 15:11:18,APAC,youtube,False,ios
u_002469,2025-11-20 19:09:07,APAC,youtube,True,android
u_002470,2025-11-15 11:30:02,APAC,youtube,True,web
u_002471,2025-11-08 00:45:43,EU,paid_search,False,web
u_002472,2025-12-16 13:46:31,APAC,tiktok,False,android
u_002473,2025-11-11 11:15:46,EU,organic,True,ios
u_002474,2025-11-20 05:45:09,NA,tiktok,False,web
u_002475,2025-11-30 02:14:23,APAC,organic,False,ios
u_002476,2025-11-20 22:04:04,EU,organic,False,ios
u_002477,2025-12-27 14:16:50,LATAM,tiktok,False,web
u_002478,2025-12-06 16:06:37,NA,organic,False,web
u_002479,2025-11-10 17:58:39,NA,youtube,False,android
u_002480,2025-11-12 16:27:53,LATAM,influencer,False,ios
u_002481,2025-11-10 22:51:27,NA,tiktok,False,web
u_002482,2025-12-03 13:55:06,LATAM,paid_search,True,web
u_002483,2025-11-15 04:44:07,LATAM,organic,False,ios
u_002484,2025-11-21 20:15:09,APAC,influencer,False,web
u_002485,2025-12-17 21:59:39,EU,influencer,True,android
u_002486,2025-12-30 09:22:07,EU,organic,False,ios
u_002487,2025-12-17 22:24:43,APAC,organic,True,ios
u_002488,2025-12-16 21:19:43,APAC,organic,False,android
u_002489,2025-12-14 09:50:12,EU,influencer,False,ios
u_002490,2025-11-29 05:14:00,LATAM,influencer,False,web
u_002491,2025-12-04 01:11:56,APAC,organic,True,ios
u_002492,2025-11-10 05:41:04,LATAM,tiktok,True,ios
u_002493,2025-11-24 12:31:46,NA,organic,False,web
u_002494,2025-11-07 09:13:24,NA,tiktok,False,web
u_002495,2026-01-01 13:48:31,EU,paid_search,True,ios
u_002496,2025-12-07 16:23:58,NA,organic,False,web
u_002497,2025-12-26 03:02:20,APAC,paid_search,False,ios
u_002498,2025-11-15 05:34:59,NA,influencer,True,ios
u_002499,2025-11-30 13:37:02,LATAM,paid_search,False,ios
u_002500,2025-12-06 15:44:52,NA,organic,False,ios
u_002501,2025-11-11 23:32:34,NA,organic,False,ios
u_002502,2025-12-20 17:08:44,NA,organic,False,web
u_002503,2025-12-03 06:25:00,EU,youtube,False,web
u_002504,2025-12-28 18:09:52,NA,youtube,False,web
u_002505,2025-12-23 23:20:06,NA,organic,False,web
u_002506,2025-11-16 23:45:18,APAC,youtube,False,ios
u_002507,2025-12-06 00:14:57,NA,organic,False,android
u_002508,2025-12-15 11:36:25,NA,organic,False,ios
u_002509,2025-12-04 17:19:51,APAC,tiktok,False,android
u_002510,2025-11-08 08:40:20,NA,organic,False,android
u_002511,2025-12-11 23:16:50,NA,organic,False,android
u_002512,2025-12-16 00:42:31,NA,organic,False,android
u_002513,2025-11-29 00:12:24,NA,influencer,False,ios
u_002514,2025-12-31 16:35:49,APAC,youtube,False,ios
u_002515,2025-12-07 15:35:50,NA,tiktok,False,web
u_002516,2025-11-22 03:10:36,APAC,youtube,False,ios
u_002517,2025-12-16 09:08:29,LATAM,tiktok,True,ios
u_002518,2025-11-05 19:47:00,NA,organic,False,ios
u_002519,2025-12-11 19:35:02,LATAM,youtube,False,ios
u_002520,2025-11-16 04:55:56,NA,youtube,False,ios
u_002521,2025-11-17 03:25:42,NA,tiktok,False,ios
u_002522,2025-11-14 13:51:07,NA,tiktok,False,ios
u_002523,2025-12-03 18:44:28,NA,youtube,False,ios
u_002524,2025-11-25 10:46:15,EU,organic,False,android
u_002525,2025-11-30 11:34:03,NA,influencer,True,android
u_002526,2025-11-07 20:45:35,APAC,organic,False,android
u_002527,2025-11-12 21:16:45,APAC,paid_search,False,web
u_002528,2025-12-01 22:31:37,NA,organic,False,android
u_002529,2025-11-29 21:05:46,APAC,organic,True,web
u_002530,2026-01-02 17:52:27,LATAM,tiktok,True,android
u_002531,2025-12-21 10:33:51,NA,organic,False,web
u_002532,2025-12-02 09:37:12,NA,influencer,False,ios
u_002533,2025-11-30 04:32:38,EU,tiktok,False,ios
u_002534,2025-12-30 08:46:08,EU,youtube,False,ios
u_002535,2025-11-27 02:32:00,EU,organic,False,ios
u_002536,2025-11-24 08:28:28,NA,organic,False,ios
u_002537,2025-11-14 19:34:44,EU,organic,False,ios
u_002538,2025-11-15 05:37:29,EU,tiktok,False,web
u_002539,2025-11-07 16:45:48,EU,youtube,True,ios
u_002540,2025-11-12 10:00:42,NA,tiktok,False,web
u_002541,2025-12-23 12:15:37,EU,paid_search,True,ios
u_002542,2026-01-02 01:01:39,NA,youtube,False,web
u_002543,2025-11-20 21:50:20,EU,paid_search,False,ios
u_002544,2025-12-18 03:08:33,LATAM,organic,False,ios
u_002545,2025-11-26 11:43:30,EU,organic,False,web
u_002546,2025-12-15 00:50:24,NA,organic,False,ios
u_002547,2025-12-20 18:13:23,NA,organic,False,ios
u_002548,2025-12-03 05:11:55,APAC,tiktok,False,android
u_002549,2025-12-01 04:48:08,APAC,tiktok,True,android
u_002550,2025-12-09 22:16:06,EU,tiktok,False,ios
u_002551,2025-12-28 02:06:41,NA,youtube,True,ios
u_002552,2025-11-29 21:29:54,EU,paid_search,False,ios
u_002553,2025-11-18 03:50:51,EU,influencer,True,web
u_002554,2025-12-05 20:21:33,LATAM,organic,False,ios
u_002555,2025-12-13 07:05:58,EU,organic,False,android
u_002556,2025-11-23 18:17:46,APAC,organic,False,ios
u_002557,2025-11-21 15:08:24,EU,organic,False,ios
u_002558,2025-12-21 12:48:57,NA,tiktok,False,web
u_002559,2025-12-21 21:51:22,APAC,tiktok,False,web
u_002560,2026-01-03 02:32:38,EU,organic,False,web
u_002561,2025-11-10 23:20:17,LATAM,youtube,False,ios
u_002562,2025-11-28 14:36:10,EU,youtube,True,ios
u_002563,2025-12-31 11:44:39,NA,organic,True,ios
u_002564,2025-11-27 19:03:11,APAC,organic,True,ios
u_002565,2025-11-21 01:42:54,NA,paid_search,True,android
u_002566,2025-11-24 18:34:53,NA,tiktok,False,android
u_002567,2025-11-12 06:30:22,NA,organic,True,android
u_002568,2025-11-05 13:28:39,APAC,organic,True,ios
u_002569,2025-11-19 02:17:04,EU,organic,True,ios
u_002570,2025-12-21 23:51:30,NA,organic,False,android
u_002571,2025-11-10 05:51:48,EU,influencer,False,web
u_002572,2025-11-27 09:25:28,NA,organic,False,web
u_002573,2025-12-10 15:29:09,LATAM,organic,False,ios
u_002574,2025-12-16 10:28:04,EU,organic,True,ios
u_002575,2026-01-03 09:45:05,APAC,youtube,False,web
u_002576,2025-11-27 06:15:40,NA,organic,False,ios
u_002577,2025-12-30 11:28:09,APAC,organic,True,ios
u_002578,2025-12-18 17:27:33,APAC,tiktok,False,ios
u_002579,2025-11-06 15:06:27,LATAM,tiktok,False,ios
u_002580,2025-12-10 21:46:42,NA,organic,False,ios
u_002581,2025-11-09 01:45:55,NA,organic,False,web
u_002582,2025-12-07 16:51:24,APAC,youtube,True,web
u_002583,2026-01-02 16:26:23,NA,paid_search,False,web
u_002584,2025-11-30 18:32:06,NA,organic,True,ios
u_002585,2025-11-28 17:51:29,LATAM,organic,True,ios
u_002586,2025-12-30 15:04:02,NA,organic,True,ios
u_002587,2026-01-04 06:46:33,LATAM,youtube,False,ios
u_002588,2025-11-25 12:47:18,NA,tiktok,True,ios
u_002589,2025-12-24 00:09:42,APAC,youtube,False,web
u_002590,2025-11-09 15:33:03,EU,youtube,False,web
u_002591,2025-11-29 17:36:35,EU,paid_search,False,android
u_002592,2025-11-20 23:32:15,LATAM,paid_search,False,ios
u_002593,2025-12-12 12:42:17,NA,youtube,False,ios
u_002594,2025-11-19 08:18:32,APAC,tiktok,False,ios
u_002595,2025-12-04 19:56:17,APAC,organic,False,android
u_002596,2025-12-24 23:01:32,NA,tiktok,False,ios
u_002597,2025-12-26 08:50:36,LATAM,tiktok,False,web
u_002598,2026-01-02 09:13:59,NA,tiktok,True,android
u_002599,2025-11-11 19:54:35,APAC,organic,False,web
u_002600,2025-12-22 04:25:34,NA,youtube,False,web
u_002601,2025-12-19 18:07:00,APAC,tiktok,False,web
u_002602,2025-12-25 20:21:58,EU,youtube,False,ios
u_002603,2025-12-06 13:56:20,NA,organic,False,ios
u_002604,2025-12-26 07:09:46,EU,tiktok,False,ios
u_002605,2025-12-24 04:22:11,NA,organic,True,android
u_002606,2025-12-05 17:04:14,NA,influencer,False,web
u_002607,2025-11-25 05:50:23,NA,tiktok,False,ios
u_002608,2026-01-03 22:11:20,NA,organic,False,ios
u_002609,2025-12-30 17:30:56,NA,organic,False,android
u_002610,2025-12-15 13:29:54,EU,youtube,False,web
u_002611,2025-12-27 17:29:09,EU,organic,False,android
u_002612,2025-11-23 05:36:27,EU,paid_search,True,web
u_002613,2025-12-23 13:12:16,NA,tiktok,False,android
u_002614,2026-01-04 04:54:23,APAC,organic,False,ios
u_002615,2025-11-09 03:24:34,APAC,youtube,False,android
u_002616,2025-11-12 01:55:04,NA,organic,False,web
u_002617,2025-12-15 19:08:54,APAC,influencer,True,web
u_002618,2025-12-07 21:03:46,EU,organic,False,web
u_002619,2025-11-08 22:47:50,APAC,paid_search,False,ios
u_002620,2025-11-22 23:34:39,NA,tiktok,True,ios
u_002621,2025-11-28 12:31:52,NA,influencer,True,android
u_002622,2025-11-19 02:56:12,APAC,organic,True,ios
u_002623,2025-11-28 22:04:43,APAC,organic,False,web
u_002624,2025-12-24 01:44:28,NA,youtube,False,web
u_002625,2025-11-29 05:00:51,NA,youtube,False,web
u_002626,2025-11-17 03:01:30,EU,organic,False,android
u_002627,2025-11-17 09:06:06,EU,organic,False,android
u_002628,2025-11-09 22:02:36,APAC,organic,True,android
u_002629,2025-11-21 21:58:37,NA,tiktok,False,ios
u_002630,2025-11-09 22:12:54,NA,organic,True,web
u_002631,2025-12-08 08:10:37,NA,organic,True,web
u_002632,2025-11-19 07:22:31,NA,organic,True,ios
u_002633,2025-12-21 05:45:35,NA,tiktok,False,android
u_002634,2025-12-30 11:04:57,APAC,organic,True,web
u_002635,2025-11-22 11:17:11,EU,paid_search,False,web
u_002636,2025-11-06 22:38:50,APAC,organic,False,ios
u_002637,2025-12-16 02:01:44,NA,paid_search,False,ios
u_002638,2025-11-16 08:04:14,NA,tiktok,False,web
u_002639,2025-12-21 20:39:48,NA,organic,False,android
u_002640,2026-01-03 03:49:50,NA,organic,False,web
u_002641,2025-12-27 06:59:07,APAC,youtube,False,android
u_002642,2025-11-29 06:47:39,NA,youtube,True,web
u_002643,2025-12-15 12:29:39,NA,tiktok,True,web
u_002644,2025-12-10 07:13:34,NA,organic,False,web
u_002645,2025-12-06 18:08:47,NA,paid_search,False,web
u_002646,2026-01-03 21:02:56,APAC,paid_search,False,ios
u_002647,2025-11-11 08:28:27,NA,tiktok,False,ios
u_002648,2025-12-01 05:18:13,APAC,tiktok,False,ios
u_002649,2025-12-30 02:10:44,APAC,tiktok,False,ios
u_002650,2025-11-28 15:00:48,NA,organic,False,ios
u_002651,2025-11-13 11:59:14,NA,organic,False,web
u_002652,2025-11-07 11:22:36,APAC,tiktok,False,android
u_002653,2025-12-30 23:01:33,APAC,influencer,False,android
u_002654,2025-12-03 11:23:20,NA,organic,False,web
u_002655,2025-11-16 19:12:53,NA,tiktok,False,ios
u_002656,2025-11-14 19:13:05,NA,paid_search,False,ios
u_002657,2025-12-22 11:48:56,NA,organic,True,web
u_002658,2025-12-23 12:54:36,NA,organic,False,ios
u_002659,2025-11-24 11:36:00,NA,youtube,True,ios
u_002660,2025-12-16 02:18:58,NA,organic,False,web
u_002661,2025-11-12 19:41:01,NA,organic,True,web
u_002662,2025-11-16 01:31:11,NA,organic,False,android
u_002663,2025-12-12 10:51:05,APAC,organic,False,web
u_002664,2025-11-06 19:00:15,EU,influencer,False,web
u_002665,2025-11-23 08:43:12,LATAM,tiktok,True,ios
u_002666,2025-12-02 00:00:41,NA,tiktok,False,ios
u_002667,2025-12-10 18:57:18,APAC,tiktok,False,web
u_002668,2025-11-15 18:56:44,NA,paid_search,False,android
u_002669,2025-12-06 18:23:15,EU,organic,True,ios
u_002670,2025-11-09 02:45:28,NA,organic,True,web
u_002671,2025-11-26 20:49:06,NA,paid_search,True,ios
u_002672,2025-12-04 16:22:37,LATAM,paid_search,False,ios
u_002673,2025-11-09 14:44:31,EU,organic,False,web
u_002674,2025-11-19 10:59:37,LATAM,organic,False,ios
u_002675,2025-11-22 12:51:39,NA,tiktok,True,ios
u_002676,2025-11-16 00:43:36,NA,organic,False,ios
u_002677,2025-12-12 21:30:10,NA,youtube,False,ios
u_002678,2025-11-21 14:50:03,APAC,organic,False,ios
u_002679,2025-11-28 00:14:30,EU,organic,False,web
u_002680,2025-12-16 03:01:16,LATAM,tiktok,False,ios
u_002681,2025-12-13 09:07:15,NA,paid_search,True,ios
u_002682,2025-11-20 15:50:45,APAC,tiktok,True,android
u_002683,2025-11-14 05:56:34,NA,organic,True,ios
u_002684,2025-12-19 16:05:36,NA,paid_search,False,ios
u_002685,2025-11-16 01:12:41,EU,tiktok,True,android
u_002686,2025-11-24 08:06:07,EU,organic,True,web
u_002687,2025-11-05 13:43:16,NA,organic,False,web
u_002688,2025-11-11 01:30:26,NA,organic,True,web
u_002689,2025-12-28 03:22:39,NA,tiktok,True,web
u_002690,2025-11-15 15:17:13,NA,tiktok,False,ios
u_002691,2025-12-14 17:33:24,NA,organic,True,web
u_002692,2026-01-03 22:11:26,NA,organic,False,web
u_002693,2025-11-11 08:44:45,NA,organic,False,web
u_002694,2025-12-27 15:34:04,LATAM,tiktok,False,ios
u_002695,2025-12-07 08:41:03,LATAM,organic,False,android
u_002696,2025-12-03 19:15:35,EU,organic,True,android
u_002697,2025-11-27 14:05:03,LATAM,paid_search,False,web
u_002698,2025-12-30 12:33:00,APAC,tiktok,False,ios
u_002699,2025-11-19 00:24:18,NA,organic,False,web
u_002700,2025-12-14 07:58:44,NA,youtube,False,web
u_002701,2025-11-19 04:22:40,LATAM,organic,False,android
u_002702,2025-12-02 03:47:50,EU,youtube,False,ios
u_002703,2026-01-03 20:44:02,APAC,youtube,False,web
u_002704,2025-11-11 10:18:17,APAC,youtube,False,ios
u_002705,2025-11-11 04:17:19,NA,youtube,False,web
u_002706,2025-12-09 23:03:44,NA,organic,False,ios
u_002707,2025-11-23 05:36:58,NA,youtube,False,ios
u_002708,2025-12-25 16:47:42,NA,organic,False,web
u_002709,2025-12-06 05:51:42,NA,organic,False,android
u_002710,2025-11-15 23:06:21,NA,paid_search,False,ios
u_002711,2025-12-17 14:42:38,NA,tiktok,True,android
u_002712,2025-12-19 10:10:11,NA,paid_search,False,android
u_002713,2025-12-10 01:29:28,NA,organic,True,ios
u_002714,2025-12-27 22:44:50,NA,tiktok,False,ios
u_002715,2025-11-19 11:53:30,EU,organic,False,web
u_002716,2025-11-25 20:14:14,NA,youtube,True,ios
u_002717,2025-11-16 22:32:08,EU,organic,False,ios
u_002718,2025-12-24 01:44:42,LATAM,organic,False,web
u_002719,2025-12-08 19:01:35,NA,organic,True,ios
u_002720,2025-12-28 06:17:12,NA,youtube,False,ios
u_002721,2025-12-11 03:10:44,APAC,organic,False,android
u_002722,2025-11-20 00:37:07,EU,influencer,True,ios
u_002723,2025-12-31 14:55:18,APAC,organic,False,ios
u_002724,2025-12-03 08:01:25,NA,organic,False,android
u_002725,2026-01-04 09:02:37,APAC,organic,True,web
u_002726,2025-12-16 13:03:44,LATAM,paid_search,True,web
u_002727,2025-12-05 05:34:57,EU,organic,False,web
u_002728,2025-12-19 13:15:49,NA,organic,False,android
u_002729,2025-12-22 11:39:42,APAC,youtube,False,web
u_002730,2025-11-12 15:08:43,APAC,organic,True,web
u_002731,2025-11-18 01:08:58,APAC,youtube,False,ios
u_002732,2025-12-30 19:16:29,NA,organic,False,android
u_002733,2025-11-25 02:20:46,APAC,tiktok,False,android
u_002734,2025-12-10 07:56:03,NA,organic,False,ios
u_002735,2025-12-07 15:08:10,NA,tiktok,False,android
u_002736,2026-01-02 15:56:46,EU,youtube,False,web
u_002737,2025-11-15 19:16:58,NA,youtube,False,web
u_002738,2025-12-30 02:13:19,EU,tiktok,False,android
u_002739,2025-12-26 12:37:43,EU,paid_search,False,ios
u_002740,2025-12-03 11:25:08,NA,organic,False,web
u_002741,2025-11-25 00:59:58,EU,organic,False,ios
u_002742,2025-12-11 09:23:42,LATAM,tiktok,False,android
u_002743,2025-11-18 11:24:32,NA,youtube,False,android
u_002744,2025-12-23 08:11:47,EU,organic,False,android
u_002745,2025-12-26 18:33:28,NA,tiktok,False,ios
u_002746,2025-11-12 14:12:58,EU,organic,False,android
u_002747,2025-12-22 13:39:20,NA,youtube,False,ios
u_002748,2025-12-04 13:56:40,NA,influencer,False,ios
u_002749,2025-11-25 07:17:30,NA,tiktok,True,android
u_002750,2025-12-24 15:34:20,LATAM,organic,False,ios
u_002751,2026-01-01 09:22:37,EU,youtube,True,web
u_002752,2025-12-02 01:19:32,EU,youtube,False,ios
u_002753,2025-11-27 21:05:01,NA,organic,False,ios
u_002754,2025-11-20 09:59:09,EU,tiktok,True,web
u_002755,2025-12-31 14:41:15,NA,paid_search,False,web
u_002756,2025-11-27 19:38:47,NA,organic,False,web
u_002757,2025-12-16 19:03:02,EU,organic,False,web
u_002758,2025-12-29 22:16:45,NA,organic,False,ios
u_002759,2025-12-02 11:47:23,NA,tiktok,True,web
u_002760,2025-12-17 19:48:06,EU,paid_search,False,web
u_002761,2025-12-22 17:22:22,APAC,tiktok,True,ios
u_002762,2025-11-25 11:27:32,NA,organic,False,android
u_002763,2025-12-13 07:54:30,NA,youtube,False,web
u_002764,2025-12-16 20:29:36,NA,youtube,False,web
u_002765,2025-11-20 20:14:28,LATAM,tiktok,False,android
u_002766,2025-12-24 23:08:51,APAC,organic,False,ios
u_002767,2026-01-03 12:50:20,EU,youtube,False,android
u_002768,2025-12-11 23:57:02,LATAM,tiktok,False,web
u_002769,2025-11-11 18:08:27,NA,organic,True,web
u_002770,2025-12-28 19:32:42,LATAM,tiktok,False,web
u_002771,2025-12-10 13:15:29,NA,paid_search,False,web
u_002772,2025-12-14 23:27:27,NA,organic,True,android
u_002773,2025-12-21 11:04:56,EU,paid_search,False,android
u_002774,2026-01-03 12:57:01,NA,organic,False,android
u_002775,2025-12-24 05:36:39,EU,youtube,False,android
u_002776,2025-11-07 23:37:31,NA,organic,False,android
u_002777,2025-12-28 18:28:05,EU,organic,False,ios
u_002778,2025-12-20 15:53:28,NA,tiktok,False,android
u_002779,2025-12-15 07:11:33,NA,tiktok,True,web
u_002780,2025-12-17 04:45:09,LATAM,youtube,False,ios
u_002781,2025-11-06 08:26:56,APAC,tiktok,False,ios
u_002782,2025-12-07 11:03:56,LATAM,tiktok,False,android
u_002783,2025-12-11 06:26:03,APAC,paid_search,False,ios
u_002784,2025-12-03 11:56:22,APAC,tiktok,False,android
u_002785,2025-11-16 14:34:28,EU,organic,False,ios
u_002786,2025-12-04 11:52:41,NA,organic,False,ios
u_002787,2025-11-16 20:39:16,NA,organic,False,android
u_002788,2025-11-30 13:04:35,NA,youtube,False,web
u_002789,2025-11-21 13:42:30,APAC,organic,False,android
u_002790,2025-11-27 16:18:49,NA,organic,True,ios
u_002791,2025-12-10 11:18:52,LATAM,organic,True,ios
u_002792,2025-12-25 09:00:10,EU,tiktok,False,android
u_002793,2025-12-01 03:18:10,APAC,organic,False,ios
u_002794,2025-12-27 20:36:11,NA,organic,False,ios
u_002795,2025-11-19 22:57:27,NA,tiktok,True,ios
u_002796,2025-12-22 11:10:37,LATAM,youtube,False,web
u_002797,2025-12-26 03:47:59,NA,organic,False,ios
u_002798,2026-01-03 05:12:40,NA,tiktok,False,web
u_002799,2025-11-19 17:35:14,NA,organic,False,android
u_002800,2025-12-26 14:49:28,NA,paid_search,False,web
u_002801,2026-01-01 15:21:41,NA,organic,True,ios
u_002802,2025-12-15 04:18:24,EU,paid_search,True,android
u_002803,2025-12-10 03:35:36,EU,paid_search,True,android
u_002804,2025-12-28 11:58:42,EU,youtube,False,ios
u_002805,2025-11-17 22:40:19,NA,organic,True,ios
u_002806,2026-01-03 03:18:32,APAC,tiktok,False,web
u_002807,2025-12-30 06:43:01,APAC,organic,False,ios
u_002808,2025-12-08 06:56:31,NA,paid_search,False,web
u_002809,2025-11-12 16:57:38,NA,youtube,False,android
u_002810,2025-12-06 17:42:35,NA,paid_search,True,web
u_002811,2025-12-09 12:24:53,APAC,tiktok,False,ios
u_002812,2025-12-10 19:29:24,APAC,tiktok,False,ios
u_002813,2025-12-23 23:03:28,LATAM,tiktok,True,ios
u_002814,2025-12-30 23:56:39,NA,organic,False,ios
u_002815,2025-12-01 12:14:26,EU,tiktok,False,android
u_002816,2025-11-18 07:28:54,NA,youtube,False,web
u_002817,2025-11-29 11:29:06,NA,paid_search,False,ios
u_002818,2025-12-21 00:49:37,EU,tiktok,False,web
u_002819,2025-11-22 04:28:04,NA,influencer,False,web
u_002820,2025-11-30 06:00:39,APAC,influencer,True,ios
u_002821,2025-12-21 10:41:09,EU,tiktok,False,web
u_002822,2025-11-22 16:04:47,APAC,organic,True,web
u_002823,2025-11-18 11:50:45,NA,youtube,False,android
u_002824,2025-12-13 08:33:33,LATAM,tiktok,False,ios
u_002825,2025-12-30 01:44:02,LATAM,organic,False,web
u_002826,2025-11-19 16:27:13,LATAM,organic,False,web
u_002827,2025-11-15 17:39:39,APAC,paid_search,False,web
u_002828,2025-11-22 03:51:52,APAC,organic,False,ios
u_002829,2025-11-06 19:16:04,EU,youtube,False,ios
u_002830,2025-11-22 23:52:45,NA,influencer,False,ios
u_002831,2025-11-20 18:01:28,APAC,youtube,False,web
u_002832,2025-12-15 11:48:55,APAC,tiktok,False,ios
u_002833,2025-12-13 03:05:56,LATAM,youtube,True,ios
u_002834,2025-11-22 20:42:12,EU,tiktok,False,ios
u_002835,2025-11-10 18:59:42,NA,organic,False,android
u_002836,2025-12-19 14:52:58,APAC,paid_search,True,web
u_002837,2025-11-19 07:05:21,LATAM,tiktok,True,web
u_002838,2025-11-12 17:42:11,NA,youtube,True,android
u_002839,2025-11-05 15:29:28,NA,tiktok,False,web
u_002840,2025-12-20 21:42:04,EU,organic,False,web
u_002841,2025-12-11 05:44:45,NA,paid_search,False,ios
u_002842,2025-11-29 21:22:20,NA,youtube,False,ios
u_002843,2025-12-25 05:46:18,NA,organic,False,android
u_002844,2025-11-14 15:12:36,APAC,paid_search,False,web
u_002845,2025-12-21 06:38:02,NA,youtube,False,ios
u_002846,2025-12-31 20:08:32,NA,tiktok,False,web
u_002847,2025-12-14 20:48:44,APAC,tiktok,False,ios
u_002848,2025-12-23 07:33:36,LATAM,organic,False,web
u_002849,2025-12-13 23:52:05,LATAM,tiktok,False,ios
u_002850,2025-12-17 07:48:20,NA,organic,False,web
u_002851,2025-12-02 09:25:28,LATAM,tiktok,True,web
u_002852,2025-12-21 14:10:05,NA,tiktok,True,ios
u_002853,2026-01-01 00:51:20,APAC,influencer,False,android
u_002854,2025-11-17 18:10:32,EU,youtube,False,android
u_002855,2025-11-13 05:33:25,NA,organic,False,android
u_002856,2025-11-13 23:43:05,EU,paid_search,False,ios
u_002857,2025-11-20 10:14:58,NA,tiktok,True,web
u_002858,2025-12-09 07:46:58,APAC,tiktok,True,web
u_002859,2025-12-06 13:21:31,NA,organic,True,ios
u_002860,2025-11-18 18:15:38,EU,influencer,True,web
u_002861,2025-12-07 14:50:36,NA,paid_search,False,web
u_002862,2025-11-30 23:44:20,NA,youtube,False,web
u_002863,2025-12-28 10:05:24,LATAM,paid_search,False,ios
u_002864,2025-12-19 14:43:38,APAC,organic,False,web
u_002865,2025-11-23 14:24:12,LATAM,influencer,False,web
u_002866,2025-11-30 03:08:59,NA,tiktok,False,ios
u_002867,2025-12-05 12:10:08,NA,organic,False,ios
u_002868,2025-12-17 14:17:48,EU,youtube,False,ios
u_002869,2026-01-03 04:02:00,EU,youtube,True,ios
u_002870,2025-11-16 19:48:57,NA,organic,True,web
u_002871,2025-12-22 15:47:30,APAC,organic,True,android
u_002872,2026-01-01 03:01:54,NA,organic,True,web
u_002873,2025-12-09 13:36:56,NA,organic,False,ios
u_002874,2025-12-11 07:43:31,NA,organic,True,ios
u_002875,2025-12-06 03:54:36,EU,organic,False,android
u_002876,2025-12-24 17:44:40,APAC,organic,False,ios
u_002877,2025-12-29 10:50:45,EU,paid_search,False,web
u_002878,2025-12-05 07:45:48,EU,youtube,False,ios
u_002879,2025-11-21 23:28:16,NA,organic,False,ios
u_002880,2025-12-25 21:14:53,LATAM,paid_search,False,ios
u_002881,2025-11-27 01:42:05,LATAM,youtube,True,web
u_002882,2025-12-23 08:34:51,APAC,tiktok,False,ios
u_002883,2025-12-05 11:31:56,NA,tiktok,False,web
u_002884,2025-12-28 23:59:38,EU,tiktok,False,ios
u_002885,2025-11-10 04:57:58,EU,organic,False,ios
u_002886,2025-11-17 05:24:26,LATAM,organic,False,web
u_002887,2025-11-23 21:20:58,LATAM,tiktok,True,android
u_002888,2025-11-24 05:42:50,APAC,tiktok,True,ios
u_002889,2025-11-10 01:11:01,NA,youtube,False,web
u_002890,2025-11-30 06:21:00,LATAM,organic,False,web
u_002891,2025-12-16 02:32:04,EU,youtube,False,ios
u_002892,2025-12-31 17:57:25,APAC,tiktok,True,ios
u_002893,2025-11-12 01:45:28,NA,paid_search,False,android
u_002894,2025-12-29 03:17:10,NA,organic,False,web
u_002895,2025-11-11 23:34:45,EU,paid_search,False,web
u_002896,2026-01-04 08:27:41,NA,influencer,False,android
u_002897,2025-11-21 23:27:56,NA,youtube,False,android
u_002898,2025-11-10 07:46:34,APAC,youtube,False,web
u_002899,2025-11-20 13:46:21,NA,organic,False,ios
u_002900,2025-11-24 08:21:09,NA,paid_search,True,web
u_002901,2025-11-18 17:13:07,NA,organic,True,ios
u_002902,2025-11-07 08:30:42,NA,tiktok,False,android
u_002903,2025-12-23 03:07:48,LATAM,organic,False,web
u_002904,2025-11-10 22:05:01,NA,tiktok,False,web
u_002905,2025-12-13 22:06:51,NA,tiktok,False,web
u_002906,2025-11-11 20:29:24,LATAM,paid_search,False,web
u_002907,2025-12-14 13:33:55,APAC,tiktok,True,web
u_002908,2025-12-14 10:15:48,NA,paid_search,False,android
u_002909,2025-12-07 17:10:01,APAC,tiktok,True,web
u_002910,2025-12-26 17:59:21,EU,organic,False,ios
u_002911,2025-12-09 14:12:32,APAC,organic,False,android
u_002912,2025-12-27 10:20:23,EU,youtube,False,ios
u_002913,2025-12-20 20:05:50,LATAM,organic,False,ios
u_002914,2025-12-25 19:05:10,NA,tiktok,True,web
u_002915,2025-12-12 01:00:53,NA,organic,False,ios
u_002916,2025-11-07 14:56:50,NA,tiktok,True,web
u_002917,2025-11-09 04:51:35,NA,youtube,True,android
u_002918,2025-11-24 10:44:30,LATAM,tiktok,True,web
u_002919,2025-12-28 06:07:40,EU,organic,False,ios
u_002920,2025-12-11 17:32:53,NA,organic,False,ios
u_002921,2025-12-19 22:36:13,NA,organic,False,ios
u_002922,2025-11-17 00:23:05,NA,organic,False,web
u_002923,2025-12-09 12:09:29,LATAM,tiktok,False,web
u_002924,2025-12-08 18:19:59,EU,tiktok,False,android
u_002925,2025-11-28 16:16:59,EU,organic,False,web
u_002926,2026-01-01 02:59:25,APAC,tiktok,False,web
u_002927,2025-11-16 00:51:25,APAC,tiktok,False,ios
u_002928,2025-12-12 03:32:23,EU,organic,True,android
u_002929,2025-12-17 11:18:15,NA,tiktok,False,ios
u_002930,2025-11-29 14:35:43,APAC,organic,False,ios
u_002931,2025-11-06 06:42:09,APAC,tiktok,True,ios
u_002932,2025-11-26 20:45:13,APAC,youtube,False,web
u_002933,2025-12-26 04:47:06,LATAM,organic,True,ios
u_002934,2025-12-11 01:00:04,APAC,tiktok,True,android
u_002935,2025-12-18 05:43:11,APAC,tiktok,True,android
u_002936,2025-12-16 14:05:10,LATAM,organic,False,web
u_002937,2025-11-29 23:13:38,NA,youtube,False,ios
u_002938,2025-12-25 14:31:39,EU,tiktok,False,ios
u_002939,2025-12-03 11:31:13,EU,tiktok,True,web
u_002940,2025-11-11 07:02:26,NA,youtube,False,ios
u_002941,2025-11-15 13:50:42,APAC,influencer,False,web
u_002942,2025-12-31 07:53:15,APAC,paid_search,True,ios
u_002943,2025-11-19 09:15:48,APAC,youtube,False,web
u_002944,2025-11-17 02:58:55,LATAM,influencer,True,ios
u_002945,2025-12-01 04:24:36,NA,organic,True,ios
u_002946,2025-11-22 00:00:14,APAC,tiktok,False,ios
u_002947,2025-12-02 04:53:15,EU,organic,False,ios
u_002948,2025-12-02 13:41:15,NA,organic,True,web
u_002949,2025-11-10 14:47:40,NA,tiktok,True,ios
u_002950,2025-12-15 11:01:42,APAC,youtube,True,android
u_002951,2025-12-19 11:56:19,EU,tiktok,True,web
u_002952,2025-12-14 09:33:09,APAC,youtube,True,ios
u_002953,2025-11-18 03:25:33,EU,tiktok,False,ios
u_002954,2025-11-29 06:54:06,NA,tiktok,False,ios
u_002955,2025-12-21 00:37:28,NA,organic,False,ios
u_002956,2025-11-30 20:36:56,NA,organic,False,ios
u_002957,2025-12-08 03:18:48,LATAM,organic,False,web
u_002958,2025-12-28 21:48:56,NA,youtube,True,ios
u_002959,2025-12-04 07:29:33,LATAM,organic,True,ios
u_002960,2025-12-24 18:16:34,LATAM,organic,False,web
u_002961,2025-12-26 09:34:04,LATAM,youtube,True,ios
u_002962,2025-12-27 05:11:10,EU,tiktok,True,ios
u_002963,2025-12-21 18:27:36,LATAM,tiktok,True,android
u_002964,2025-12-22 12:29:24,NA,organic,False,web
u_002965,2025-11-09 10:27:22,NA,tiktok,False,android
u_002966,2025-12-11 01:17:29,NA,youtube,False,ios
u_002967,2026-01-02 18:43:27,LATAM,paid_search,False,ios
u_002968,2025-12-01 05:53:19,NA,youtube,False,web
u_002969,2025-12-28 14:07:26,EU,organic,False,ios
u_002970,2025-12-15 00:25:50,NA,youtube,False,android
u_002971,2025-12-18 00:03:57,NA,organic,True,ios
u_002972,2026-01-01 20:28:41,NA,organic,True,ios
u_002973,2025-11-23 18:29:57,APAC,organic,True,ios
u_002974,2025-11-11 14:22:08,EU,youtube,True,ios
u_002975,2025-11-26 21:59:58,LATAM,youtube,True,web
u_002976,2025-11-25 07:38:44,APAC,tiktok,False,ios
u_002977,2025-11-16 22:19:26,LATAM,youtube,False,ios
u_002978,2025-12-24 23:25:18,EU,organic,False,web
u_002979,2025-11-27 10:04:14,EU,tiktok,False,ios
u_002980,2025-12-11 23:09:07,EU,youtube,False,android
u_002981,2025-11-05 20:42:54,EU,youtube,False,ios
u_002982,2025-11-19 23:24:20,APAC,youtube,False,web
u_002983,2025-12-17 02:19:54,EU,organic,True,android
u_002984,2025-12-31 21:00:21,APAC,youtube,True,web
u_002985,2025-12-09 17:17:24,APAC,tiktok,False,web
u_002986,2025-11-28 10:18:13,NA,youtube,False,web
u_002987,2025-11-23 13:47:21,EU,tiktok,True,web
u_002988,2025-12-04 03:17:18,NA,paid_search,True,web
u_002989,2025-11-26 13:02:30,EU,organic,False,ios
u_002990,2025-11-20 20:18:05,APAC,youtube,True,ios
u_002991,2025-11-20 00:03:55,LATAM,tiktok,False,ios
u_002992,2025-11-30 00:50:11,NA,organic,True,ios
u_002993,2025-11-25 18:56:52,NA,organic,False,android
u_002994,2025-11-29 05:10:53,NA,youtube,False,web
u_002995,2025-12-03 01:53:20,NA,organic,False,ios
u_002996,2025-11-30 04:57:44,APAC,organic,True,ios
u_002997,2026-01-02 10:45:15,APAC,paid_search,False,android
u_002998,2025-12-26 18:12:09,APAC,youtube,False,web
u_002999,2025-12-27 14:56:04,APAC,organic,False,web
u_003000,2025-12-02 16:54:23,NA,tiktok,False,ios
u_003001,2025-11-07 01:34:44,NA,tiktok,False,ios
u_003002,2025-12-29 12:32:26,NA,influencer,False,web
u_003003,2025-11-24 23:06:26,APAC,youtube,False,ios
u_003004,2025-11-26 20:45:18,APAC,influencer,False,web
u_003005,2025-12-31 18:13:24,APAC,organic,False,android
u_003006,2025-12-22 20:12:12,NA,youtube,True,web
u_003007,2025-11-17 03:33:06,NA,organic,False,web
u_003008,2025-11-06 09:08:16,LATAM,organic,False,web
u_003009,2026-01-02 14:25:33,NA,youtube,False,ios
u_003010,2025-11-06 05:22:52,APAC,organic,False,web
u_003011,2025-12-31 00:45:40,NA,tiktok,False,ios
u_003012,2025-11-21 16:25:19,NA,influencer,False,android
u_003013,2025-12-09 11:09:42,APAC,organic,False,web
u_003014,2025-12-03 13:37:48,NA,organic,False,ios
u_003015,2025-12-15 00:59:10,APAC,youtube,False,web
u_003016,2025-12-27 12:44:36,APAC,paid_search,False,ios
u_003017,2025-11-27 13:37:33,EU,youtube,False,web
u_003018,2025-12-27 21:44:18,APAC,tiktok,False,web
u_003019,2025-11-15 12:22:50,EU,organic,False,ios
u_003020,2026-01-02 09:46:00,NA,organic,False,web
u_003021,2025-11-12 05:59:12,APAC,youtube,True,android
u_003022,2025-11-22 03:31:35,EU,organic,False,ios
u_003023,2025-11-07 13:15:18,NA,influencer,False,ios
u_003024,2026-01-01 16:22:28,LATAM,tiktok,False,android
u_003025,2025-12-14 05:48:30,EU,tiktok,True,android
u_003026,2025-12-29 14:40:06,APAC,youtube,False,ios
u_003027,2026-01-02 17:43:25,APAC,youtube,False,ios
u_003028,2025-12-13 09:59:11,NA,youtube,False,web
u_003029,2025-11-21 15:13:21,EU,paid_search,False,ios
u_003030,2026-01-03 11:40:47,NA,paid_search,False,ios
u_003031,2025-11-28 08:55:38,NA,paid_search,False,android
u_003032,2025-12-18 23:00:05,APAC,influencer,True,web
u_003033,2025-11-30 21:54:28,APAC,youtube,False,web
u_003034,2025-12-01 13:41:48,NA,youtube,True,web
u_003035,2025-12-13 06:45:45,EU,organic,False,android
u_003036,2025-12-05 12:37:13,LATAM,organic,False,web
u_003037,2025-11-14 02:06:20,EU,organic,False,ios
u_003038,2025-12-28 03:11:44,APAC,organic,False,ios
u_003039,2025-12-13 19:04:17,APAC,tiktok,True,web
u_003040,2025-11-21 23:30:17,NA,organic,False,ios
u_003041,2025-11-07 22:50:06,NA,paid_search,True,ios
u_003042,2025-11-29 17:31:59,APAC,influencer,True,web
u_003043,2025-12-31 08:41:54,EU,organic,False,ios
u_003044,2025-12-22 21:13:05,EU,organic,True,android
u_003045,2025-12-07 06:57:23,APAC,influencer,False,android
u_003046,2025-12-04 20:58:30,APAC,influencer,False,ios
u_003047,2025-11-19 05:30:18,NA,paid_search,True,ios
u_003048,2025-11-09 05:24:32,NA,paid_search,True,web
u_003049,2025-11-10 12:08:22,NA,paid_search,False,android
u_003050,2025-12-20 08:31:17,EU,tiktok,False,web
u_003051,2025-11-24 07:05:32,NA,organic,False,ios
u_003052,2025-12-05 17:34:24,EU,youtube,False,web
u_003053,2025-11-08 17:07:31,NA,organic,False,web
u_003054,2025-11-11 09:01:03,EU,influencer,False,web
u_003055,2025-12-20 01:53:12,NA,tiktok,True,ios
u_003056,2025-12-24 03:07:20,EU,youtube,False,ios
u_003057,2025-12-19 02:47:46,NA,organic,False,ios
u_003058,2025-12-19 14:55:32,NA,tiktok,False,web
u_003059,2025-12-24 09:33:34,LATAM,tiktok,False,android
u_003060,2025-12-28 04:28:41,NA,paid_search,False,web
u_003061,2025-12-16 02:47:32,APAC,organic,True,web
u_003062,2026-01-02 09:06:53,LATAM,paid_search,False,ios
u_003063,2025-12-20 03:30:39,EU,influencer,False,android
u_003064,2025-12-05 15:48:50,APAC,youtube,False,web
u_003065,2025-11-21 10:10:20,NA,youtube,True,ios
u_003066,2025-12-13 10:26:58,EU,tiktok,False,ios
u_003067,2025-12-07 20:09:57,EU,organic,False,android
u_003068,2025-11-14 13:03:11,NA,organic,False,web
u_003069,2025-11-25 16:35:31,NA,influencer,True,ios
u_003070,2025-11-11 18:18:50,NA,youtube,False,web
u_003071,2025-12-30 19:34:05,EU,organic,True,web
u_003072,2025-12-15 13:04:09,LATAM,tiktok,False,web
u_003073,2025-11-25 20:40:16,NA,tiktok,False,android
u_003074,2025-11-10 10:36:30,NA,organic,True,web
u_003075,2025-11-22 10:03:47,NA,tiktok,False,android
u_003076,2026-01-04 08:11:48,EU,organic,False,web
u_003077,2025-11-09 08:25:17,APAC,organic,False,android
u_003078,2025-12-05 14:05:53,NA,tiktok,False,ios
u_003079,2025-12-15 10:54:30,NA,tiktok,False,web
u_003080,2025-12-15 14:50:17,APAC,organic,False,ios
u_003081,2025-12-29 15:18:51,APAC,tiktok,False,web
u_003082,2025-12-13 13:57:29,EU,organic,False,ios
u_003083,2025-12-17 16:50:32,EU,organic,False,ios
u_003084,2025-12-28 03:08:10,NA,organic,True,ios
u_003085,2025-11-26 22:26:24,NA,organic,False,ios
u_003086,2025-12-03 16:52:54,NA,organic,False,android
u_003087,2025-12-03 06:49:17,NA,influencer,False,web
u_003088,2025-11-12 18:09:19,LATAM,tiktok,False,android
u_003089,2025-12-19 15:14:58,EU,organic,False,android
u_003090,2025-12-23 18:36:14,NA,organic,False,web
u_003091,2025-11-28 06:50:34,NA,organic,False,web
u_003092,2025-11-14 00:53:44,NA,youtube,False,ios
u_003093,2025-12-02 11:02:11,EU,organic,True,ios
u_003094,2025-12-21 21:09:01,NA,organic,False,web
u_003095,2025-11-30 11:23:14,NA,tiktok,False,web
u_003096,2025-12-03 09:59:53,EU,tiktok,False,ios
u_003097,2025-12-13 00:01:07,NA,organic,False,ios
u_003098,2025-11-15 17:35:04,NA,youtube,True,web
u_003099,2025-11-21 00:47:33,NA,organic,True,android
u_003100,2026-01-03 11:09:55,NA,organic,False,ios
u_003101,2025-11-25 04:56:56,NA,youtube,False,ios
u_003102,2025-12-14 14:32:22,NA,youtube,False,ios
u_003103,2026-01-02 13:56:09,APAC,youtube,False,web
u_003104,2025-12-09 08:13:02,APAC,organic,True,ios
u_003105,2025-11-08 15:23:05,EU,tiktok,True,web
u_003106,2025-12-27 03:58:02,APAC,organic,False,web
u_003107,2026-01-04 05:11:45,NA,youtube,False,web
u_003108,2025-12-24 19:40:03,APAC,tiktok,False,web
u_003109,2026-01-01 13:26:50,NA,organic,False,ios
u_003110,2025-11-14 10:27:35,NA,youtube,False,ios
u_003111,2025-12-13 10:37:20,NA,youtube,True,web
u_003112,2025-12-09 14:02:27,NA,organic,False,web
u_003113,2025-12-31 21:50:46,LATAM,influencer,False,android
u_003114,2025-12-18 02:31:04,NA,influencer,True,web
u_003115,2025-11-10 13:01:44,NA,organic,False,web
u_003116,2025-12-30 03:10:25,NA,paid_search,False,ios
u_003117,2025-12-01 03:44:25,NA,tiktok,False,android
u_003118,2025-12-13 20:09:28,NA,youtube,False,android
u_003119,2025-11-22 13:29:55,NA,influencer,False,ios
u_003120,2025-12-21 02:44:57,NA,tiktok,False,web
u_003121,2025-12-13 14:38:48,APAC,organic,True,ios
u_003122,2025-11-05 20:08:32,NA,paid_search,True,web
u_003123,2025-11-29 06:34:50,NA,organic,False,web
u_003124,2025-11-13 12:31:58,EU,organic,True,ios
u_003125,2025-11-23 16:50:01,LATAM,organic,False,ios
u_003126,2025-12-24 11:08:18,NA,influencer,True,web
u_003127,2025-11-19 00:46:36,NA,paid_search,False,web
u_003128,2025-11-17 04:17:57,LATAM,organic,True,android
u_003129,2025-11-24 05:50:10,NA,influencer,False,android
u_003130,2025-11-28 08:58:35,EU,organic,True,ios
u_003131,2025-12-17 15:10:47,NA,paid_search,False,ios
u_003132,2025-11-20 20:06:18,LATAM,tiktok,False,android
u_003133,2025-12-01 02:43:15,LATAM,organic,False,ios
u_003134,2025-12-05 14:56:42,APAC,organic,True,ios
u_003135,2025-12-12 10:21:52,NA,organic,True,web
u_003136,2025-11-23 17:44:07,NA,organic,False,web
u_003137,2025-12-05 20:42:38,NA,youtube,False,ios
u_003138,2025-12-21 15:39:50,APAC,organic,False,web
u_003139,2025-12-30 05:19:57,LATAM,paid_search,False,web
u_003140,2026-01-01 23:01:35,NA,youtube,False,ios
u_003141,2025-12-20 08:09:27,EU,youtube,False,web
u_003142,2025-12-29 03:48:59,NA,organic,False,android
u_003143,2025-11-14 06:55:56,NA,paid_search,False,web
u_003144,2025-12-21 16:38:56,EU,youtube,True,ios
u_003145,2025-12-27 08:51:32,NA,influencer,False,ios
u_003146,2025-12-20 14:33:51,NA,paid_search,True,ios
u_003147,2025-12-14 20:18:19,NA,organic,False,ios
u_003148,2025-11-30 17:50:55,APAC,organic,False,ios
u_003149,2026-01-02 19:55:03,APAC,influencer,False,android
u_003150,2025-12-09 06:01:05,LATAM,influencer,False,android
u_003151,2026-01-02 21:35:02,APAC,tiktok,False,ios
u_003152,2025-11-30 17:10:57,EU,organic,False,android
u_003153,2025-12-18 04:01:13,NA,youtube,False,web
u_003154,2025-12-21 12:09:09,LATAM,organic,True,android
u_003155,2025-12-16 09:50:27,EU,organic,True,android
u_003156,2025-12-18 08:54:18,APAC,tiktok,False,ios
u_003157,2025-12-25 22:44:02,APAC,organic,True,android
u_003158,2025-12-10 15:41:27,APAC,tiktok,False,ios
u_003159,2026-01-02 19:19:44,NA,paid_search,False,web
u_003160,2025-12-10 21:30:22,NA,influencer,False,android
u_003161,2025-11-11 14:05:30,EU,paid_search,False,ios
u_003162,2025-12-02 17:25:32,APAC,influencer,False,ios
u_003163,2025-11-30 11:56:33,APAC,organic,False,ios
u_003164,2025-12-04 18:34:21,NA,influencer,False,android
u_003165,2025-12-21 17:05:06,NA,paid_search,True,ios
u_003166,2026-01-04 06:59:53,APAC,paid_search,False,web
u_003167,2025-11-20 11:09:18,APAC,youtube,False,ios
u_003168,2025-12-19 15:36:36,EU,organic,False,android
u_003169,2025-11-11 21:05:04,NA,organic,False,ios
u_003170,2025-11-20 01:41:32,LATAM,organic,False,android
u_003171,2025-11-13 15:50:05,EU,paid_search,False,android
u_003172,2026-01-02 00:27:05,APAC,tiktok,False,ios
u_003173,2025-12-01 05:43:03,NA,influencer,False,web
u_003174,2025-11-25 02:29:01,NA,tiktok,True,web
u_003175,2025-12-30 06:43:11,APAC,youtube,False,ios
u_003176,2025-12-11 07:42:35,NA,organic,False,ios
u_003177,2025-12-22 19:06:45,EU,organic,True,android
u_003178,2025-11-13 04:36:48,EU,tiktok,False,android
u_003179,2025-12-01 12:44:50,APAC,youtube,True,web
u_003180,2025-12-28 06:01:26,NA,organic,False,ios
u_003181,2025-12-15 11:42:24,NA,youtube,False,ios
u_003182,2025-12-01 23:50:24,LATAM,organic,False,web
u_003183,2025-12-31 22:44:00,EU,influencer,False,ios
u_003184,2025-12-11 10:21:51,NA,organic,True,android
u_003185,2025-12-20 16:53:05,NA,youtube,False,ios
u_003186,2025-12-31 20:23:32,LATAM,organic,False,web
u_003187,2025-11-21 00:43:13,NA,youtube,False,ios
u_003188,2025-11-05 16:34:13,EU,tiktok,False,web
u_003189,2025-12-23 17:02:14,NA,youtube,False,ios
u_003190,2025-12-04 00:39:19,APAC,paid_search,False,web
u_003191,2025-12-03 14:26:54,APAC,organic,False,android
u_003192,2025-12-07 23:25:46,EU,organic,False,web
u_003193,2025-12-23 11:34:26,NA,youtube,True,ios
u_003194,2025-12-05 02:01:02,APAC,youtube,False,web
u_003195,2025-12-21 21:38:02,NA,organic,False,android
u_003196,2025-12-16 06:08:46,LATAM,tiktok,False,ios
u_003197,2025-12-17 12:39:54,EU,organic,False,android
u_003198,2025-12-06 15:01:56,APAC,organic,False,android
u_003199,2025-11-06 08:38:43,NA,tiktok,False,ios
u_003200,2025-12-30 09:43:11,APAC,influencer,False,android
u_003201,2025-12-03 18:04:37,NA,tiktok,True,web
u_003202,2025-12-07 10:47:07,NA,tiktok,False,ios
u_003203,2025-11-22 21:55:58,NA,influencer,True,web
u_003204,2026-01-03 07:23:24,NA,organic,False,android
u_003205,2025-11-06 09:25:09,NA,youtube,False,android
u_003206,2025-12-12 13:00:33,NA,influencer,False,android
u_003207,2025-12-16 18:02:09,APAC,organic,True,web
u_003208,2025-12-05 08:27:35,NA,organic,False,ios
u_003209,2025-11-14 20:20:44,APAC,paid_search,False,ios
u_003210,2025-12-31 04:53:04,NA,paid_search,False,web
u_003211,2025-12-17 04:07:05,EU,organic,False,web
u_003212,2025-12-02 00:12:30,EU,organic,True,ios
u_003213,2025-12-26 00:41:51,LATAM,organic,False,android
u_003214,2025-12-11 05:48:41,APAC,organic,False,ios
u_003215,2026-01-03 07:12:20,EU,tiktok,False,ios
u_003216,2025-12-25 05:08:07,APAC,tiktok,False,ios
u_003217,2025-11-15 22:49:54,NA,paid_search,False,ios
u_003218,2025-12-05 02:31:52,EU,organic,False,android
u_003219,2025-11-10 08:12:51,NA,influencer,False,ios
u_003220,2025-12-20 17:04:30,NA,organic,True,web
u_003221,2025-12-26 19:51:16,NA,organic,True,ios
u_003222,2025-12-13 11:26:16,APAC,tiktok,False,android
u_003223,2025-12-16 12:51:54,EU,organic,True,ios
u_003224,2025-12-26 20:41:22,APAC,organic,False,ios
u_003225,2025-12-01 06:10:10,EU,paid_search,False,web
u_003226,2025-12-15 01:48:03,NA,organic,False,web
u_003227,2025-12-27 02:47:49,APAC,youtube,False,android
u_003228,2025-12-07 15:50:41,APAC,organic,False,web
u_003229,2025-11-19 18:24:33,LATAM,organic,True,web
u_003230,2025-11-14 12:55:24,EU,tiktok,False,ios
u_003231,2025-12-29 00:02:26,APAC,influencer,True,android
u_003232,2025-12-20 04:06:59,APAC,tiktok,False,web
u_003233,2025-12-19 18:19:16,NA,tiktok,False,android
u_003234,2025-11-06 05:18:52,NA,paid_search,False,web
u_003235,2025-12-02 14:13:56,NA,youtube,False,android
u_003236,2026-01-01 00:59:17,NA,organic,False,android
u_003237,2025-12-31 14:22:10,EU,youtube,False,web
u_003238,2025-11-26 17:44:30,LATAM,tiktok,False,web
u_003239,2025-11-25 17:57:38,NA,youtube,False,web
u_003240,2025-12-19 02:01:43,APAC,tiktok,False,android
u_003241,2025-11-28 23:02:43,APAC,organic,False,web
u_003242,2025-11-27 09:02:01,NA,tiktok,True,web
u_003243,2025-11-05 13:57:06,NA,tiktok,False,web
u_003244,2025-11-14 00:33:09,EU,tiktok,True,ios
u_003245,2025-12-07 05:35:37,APAC,influencer,False,web
u_003246,2025-11-14 04:51:15,LATAM,paid_search,False,android
u_003247,2025-11-30 07:30:08,NA,tiktok,False,android
u_003248,2025-11-05 17:07:45,APAC,tiktok,False,ios
u_003249,2025-11-27 12:16:40,NA,tiktok,False,ios
u_003250,2025-11-27 08:20:22,APAC,tiktok,False,ios
u_003251,2025-11-15 21:54:56,EU,paid_search,False,ios
u_003252,2025-11-28 22:07:16,NA,youtube,False,ios
u_003253,2025-11-14 02:10:57,NA,organic,False,ios
u_003254,2025-12-01 04:36:50,NA,tiktok,False,ios
u_003255,2025-12-28 19:10:40,NA,youtube,False,ios
u_003256,2025-12-09 01:12:17,APAC,youtube,False,web
u_003257,2025-12-07 23:33:45,NA,tiktok,False,web
u_003258,2025-12-13 13:34:08,EU,organic,False,web
u_003259,2025-12-22 11:29:13,NA,organic,False,ios
u_003260,2025-12-28 21:54:17,APAC,organic,False,ios
u_003261,2025-11-29 04:53:27,APAC,tiktok,False,ios
u_003262,2025-12-14 00:07:47,APAC,organic,False,ios
u_003263,2025-12-30 20:17:09,EU,influencer,False,android
u_003264,2025-11-11 03:50:44,NA,organic,False,web
u_003265,2026-01-03 00:54:42,APAC,paid_search,False,ios
u_003266,2025-12-09 01:19:08,NA,organic,False,ios
u_003267,2025-12-15 06:01:36,NA,organic,False,ios
u_003268,2025-11-11 12:35:45,NA,tiktok,False,ios
u_003269,2025-11-27 16:44:55,APAC,organic,False,android
u_003270,2025-12-21 07:39:57,APAC,paid_search,False,web
u_003271,2025-12-15 10:32:23,EU,organic,True,android
u_003272,2025-12-26 03:32:44,NA,tiktok,False,android
u_003273,2025-12-12 22:53:39,NA,paid_search,False,ios
u_003274,2025-11-07 17:59:32,LATAM,organic,True,android
u_003275,2025-11-09 16:29:31,EU,organic,False,ios
u_003276,2025-11-26 21:42:26,NA,organic,False,ios
u_003277,2025-12-30 18:30:27,EU,tiktok,True,android
u_003278,2026-01-04 02:49:34,NA,organic,False,web
u_003279,2025-12-22 12:25:22,NA,tiktok,False,web
u_003280,2025-12-15 04:09:43,NA,influencer,False,web
u_003281,2025-12-09 23:15:37,NA,influencer,False,ios
u_003282,2025-11-15 17:37:49,NA,organic,False,web
u_003283,2025-11-20 19:30:30,APAC,organic,False,android
u_003284,2025-12-14 14:16:33,EU,organic,False,ios
u_003285,2025-11-12 23:35:17,EU,tiktok,False,android
u_003286,2025-12-17 17:14:54,APAC,organic,False,web
u_003287,2025-11-28 23:54:37,LATAM,influencer,False,web
u_003288,2025-11-20 17:41:25,NA,youtube,False,web
u_003289,2025-12-03 17:51:13,APAC,organic,False,web
u_003290,2025-11-30 08:22:21,EU,youtube,False,ios
u_003291,2025-12-18 12:12:56,NA,organic,False,android
u_003292,2025-11-30 15:06:19,NA,organic,True,ios
u_003293,2025-11-16 13:15:35,EU,organic,False,ios
u_003294,2025-11-05 22:21:32,APAC,organic,False,ios
u_003295,2025-12-24 16:54:54,NA,tiktok,False,web
u_003296,2025-12-15 07:07:43,EU,tiktok,False,ios
u_003297,2025-11-13 13:16:23,APAC,organic,False,web
u_003298,2025-11-11 11:56:10,NA,paid_search,False,android
u_003299,2025-11-13 00:13:26,APAC,tiktok,False,android
u_003300,2025-12-09 13:33:01,APAC,organic,True,ios
u_003301,2025-12-31 16:00:53,EU,organic,False,ios
u_003302,2025-12-02 01:44:20,LATAM,tiktok,False,web
u_003303,2025-11-14 09:28:56,NA,paid_search,False,ios
u_003304,2025-11-17 16:46:01,NA,tiktok,False,android
u_003305,2025-11-05 21:54:02,NA,paid_search,False,android
u_003306,2025-12-18 08:20:10,EU,tiktok,True,web
u_003307,2025-11-26 07:47:29,EU,tiktok,False,web
u_003308,2025-11-30 20:59:48,EU,tiktok,True,ios
u_003309,2025-11-24 14:49:08,NA,youtube,False,android
u_003310,2025-12-07 04:35:21,NA,organic,False,android
u_003311,2025-11-13 12:32:47,APAC,influencer,False,ios
u_003312,2025-12-06 23:57:25,APAC,organic,False,android
u_003313,2025-11-27 16:13:46,APAC,tiktok,False,android
u_003314,2025-11-23 15:15:20,EU,tiktok,True,web
u_003315,2025-12-15 02:16:15,EU,tiktok,False,android
u_003316,2025-11-24 11:14:47,NA,organic,True,web
u_003317,2025-12-23 04:12:47,NA,tiktok,True,web
u_003318,2025-11-17 11:44:43,APAC,tiktok,True,web
u_003319,2025-11-25 05:45:37,EU,youtube,False,ios
u_003320,2025-12-18 19:09:06,NA,youtube,False,android
u_003321,2025-11-09 23:51:05,LATAM,youtube,False,ios
u_003322,2025-12-26 12:45:04,APAC,organic,False,web
u_003323,2025-11-25 09:36:28,NA,paid_search,True,web
u_003324,2026-01-03 20:52:32,EU,influencer,False,ios
u_003325,2026-01-02 13:15:30,LATAM,organic,True,ios
u_003326,2025-11-06 04:11:07,NA,organic,False,ios
u_003327,2025-11-17 13:46:02,EU,organic,True,web
u_003328,2025-12-06 15:30:08,EU,tiktok,False,android
u_003329,2025-12-03 05:33:14,NA,influencer,False,android
u_003330,2025-12-25 20:09:55,APAC,youtube,False,ios
u_003331,2025-11-15 13:27:17,NA,influencer,False,ios
u_003332,2025-11-07 18:44:49,NA,organic,False,android
u_003333,2025-11-05 16:15:21,NA,tiktok,True,ios
u_003334,2025-11-25 14:27:03,NA,organic,False,ios
u_003335,2025-12-14 15:21:14,NA,organic,False,ios
u_003336,2025-12-07 14:15:48,APAC,youtube,True,web
u_003337,2025-12-25 03:36:46,NA,organic,False,ios
u_003338,2025-11-11 08:47:34,EU,youtube,True,android
u_003339,2025-12-02 00:23:54,APAC,youtube,False,web
u_003340,2025-12-28 04:23:20,NA,influencer,True,android
u_003341,2025-11-06 22:02:49,EU,organic,False,ios
u_003342,2025-12-14 08:08:21,APAC,youtube,False,ios
u_003343,2025-12-27 19:20:08,EU,paid_search,True,ios
u_003344,2025-11-17 11:08:27,NA,influencer,False,ios
u_003345,2025-12-21 08:36:40,EU,youtube,False,android
u_003346,2025-12-19 11:54:00,LATAM,youtube,False,ios
u_003347,2025-11-06 03:57:17,NA,tiktok,False,android
u_003348,2025-12-12 17:45:30,NA,youtube,False,ios
u_003349,2025-12-11 14:44:51,EU,youtube,False,ios
u_003350,2025-11-20 14:31:02,NA,youtube,False,android
u_003351,2025-12-17 06:31:44,EU,youtube,True,web
u_003352,2025-12-30 15:00:39,NA,tiktok,False,ios
u_003353,2025-12-03 12:43:40,NA,organic,True,web
u_003354,2025-11-21 17:10:50,EU,tiktok,False,android
u_003355,2026-01-03 12:53:19,NA,organic,False,ios
u_003356,2025-12-13 05:55:17,NA,organic,False,android
u_003357,2025-11-28 20:03:40,NA,organic,True,android
u_003358,2025-12-27 18:25:41,NA,organic,False,web
u_003359,2025-12-22 21:55:48,APAC,influencer,False,web
u_003360,2025-12-27 17:48:06,LATAM,tiktok,True,ios
u_003361,2025-11-08 15:23:55,NA,organic,False,ios
u_003362,2025-12-13 05:34:19,EU,tiktok,False,web
u_003363,2025-11-22 20:52:52,NA,organic,True,web
u_003364,2026-01-04 08:39:30,EU,tiktok,False,ios
u_003365,2025-11-20 15:20:36,NA,tiktok,False,web
u_003366,2025-11-15 05:45:08,NA,paid_search,False,android
u_003367,2025-12-12 09:11:18,APAC,organic,False,android
u_003368,2025-12-01 03:23:04,NA,youtube,False,android
u_003369,2025-12-12 02:13:33,NA,influencer,False,web
u_003370,2025-12-18 22:56:08,APAC,paid_search,False,web
u_003371,2025-12-30 16:26:49,EU,organic,False,ios
u_003372,2025-12-16 11:36:41,EU,tiktok,False,android
u_003373,2025-12-15 07:22:31,EU,organic,True,web
u_003374,2025-11-25 12:17:21,EU,tiktok,True,web
u_003375,2025-11-08 05:24:23,NA,organic,False,web
u_003376,2025-12-04 20:08:46,NA,influencer,False,ios
u_003377,2025-11-19 22:37:49,EU,organic,True,ios
u_003378,2025-11-30 00:12:46,EU,tiktok,True,web
u_003379,2025-12-24 23:17:12,APAC,tiktok,False,ios
u_003380,2025-11-13 15:45:47,APAC,paid_search,False,ios
u_003381,2025-12-21 02:16:45,NA,youtube,False,ios
u_003382,2025-12-16 21:18:57,NA,organic,False,ios
u_003383,2025-12-28 13:31:20,NA,organic,False,android
u_003384,2025-11-14 15:08:52,EU,organic,False,ios
u_003385,2025-12-07 15:03:05,EU,youtube,False,ios
u_003386,2025-11-14 16:17:18,APAC,youtube,True,android
u_003387,2025-11-23 05:07:19,APAC,tiktok,False,android
u_003388,2025-11-08 08:55:56,APAC,organic,False,ios
u_003389,2025-12-31 01:19:33,APAC,youtube,False,web
u_003390,2025-12-30 20:19:07,LATAM,youtube,True,android
u_003391,2025-12-06 08:58:15,EU,paid_search,False,web
u_003392,2025-11-12 09:10:40,LATAM,tiktok,True,android
u_003393,2025-12-04 06:17:08,NA,organic,True,web
u_003394,2025-12-27 18:16:56,NA,organic,False,android
u_003395,2025-12-26 03:40:33,EU,organic,False,ios
u_003396,2025-11-27 18:41:58,LATAM,youtube,False,android
u_003397,2025-11-19 03:24:30,NA,youtube,False,ios
u_003398,2025-12-03 19:43:06,NA,organic,False,android
u_003399,2025-11-17 13:26:20,EU,organic,False,web
u_003400,2025-12-08 03:55:46,EU,organic,False,web
u_003401,2025-12-18 21:57:42,NA,paid_search,True,web
u_003402,2025-12-05 09:22:57,APAC,organic,False,android
u_003403,2025-12-27 12:29:16,LATAM,organic,False,ios
u_003404,2025-11-25 23:01:50,APAC,organic,True,ios
u_003405,2025-12-11 07:59:52,NA,tiktok,False,ios
u_003406,2025-12-26 19:07:00,NA,youtube,False,android
u_003407,2026-01-03 09:13:35,NA,influencer,False,ios
u_003408,2025-12-20 15:29:35,NA,organic,False,ios
u_003409,2025-11-15 13:30:51,NA,youtube,False,ios
u_003410,2026-01-02 04:16:36,APAC,organic,True,android
u_003411,2025-11-16 14:45:02,NA,paid_search,True,web
u_003412,2025-11-30 03:04:04,APAC,organic,False,web
u_003413,2026-01-01 02:40:20,LATAM,organic,False,web
u_003414,2025-12-21 21:37:08,NA,tiktok,False,ios
u_003415,2025-11-24 15:59:59,LATAM,organic,False,ios
u_003416,2025-11-24 17:46:53,APAC,organic,False,ios
u_003417,2025-12-11 06:48:35,EU,youtube,False,android
u_003418,2025-11-07 21:14:08,NA,youtube,False,web
u_003419,2025-11-11 11:00:18,EU,tiktok,True,android
u_003420,2025-11-16 09:09:43,NA,youtube,False,ios
u_003421,2025-12-25 16:00:27,EU,tiktok,False,web
u_003422,2025-12-15 05:52:42,NA,youtube,False,ios
u_003423,2025-11-29 14:13:19,EU,tiktok,False,android
u_003424,2025-12-23 14:31:28,NA,youtube,False,web
u_003425,2025-12-09 06:15:15,NA,organic,False,ios
u_003426,2025-11-26 09:17:58,EU,organic,False,web
u_003427,2026-01-02 17:50:34,EU,tiktok,False,web
u_003428,2025-11-11 21:49:14,NA,tiktok,False,ios
u_003429,2025-12-22 12:47:29,NA,youtube,False,android
u_003430,2025-11-13 07:56:48,APAC,organic,True,ios
u_003431,2025-12-04 03:03:12,EU,organic,False,ios
u_003432,2025-12-05 10:04:24,NA,organic,False,android
u_003433,2025-12-19 20:54:00,EU,organic,False,web
u_003434,2025-12-04 00:39:50,EU,youtube,False,android
u_003435,2025-12-04 00:09:03,NA,tiktok,False,ios
u_003436,2025-11-06 00:16:47,EU,youtube,True,android
u_003437,2025-12-02 10:26:36,APAC,tiktok,False,android
u_003438,2025-12-25 08:08:06,APAC,paid_search,False,android
u_003439,2025-12-25 20:50:16,NA,paid_search,True,web
u_003440,2025-12-21 10:25:42,APAC,youtube,False,ios
u_003441,2025-12-19 06:41:02,NA,influencer,False,ios
u_003442,2025-11-25 15:08:10,LATAM,tiktok,False,ios
u_003443,2025-12-18 04:46:51,NA,paid_search,False,ios
u_003444,2025-11-11 09:22:32,EU,influencer,False,web
u_003445,2025-12-26 21:37:38,EU,paid_search,True,web
u_003446,2025-12-10 18:14:42,NA,youtube,True,web
u_003447,2025-11-26 02:13:57,APAC,youtube,False,android
u_003448,2025-11-06 13:58:58,EU,tiktok,False,android
u_003449,2025-12-22 05:05:45,NA,organic,False,web
u_003450,2025-11-06 02:41:33,EU,organic,False,android
u_003451,2025-11-07 19:32:42,EU,paid_search,False,web
u_003452,2025-12-11 07:37:41,NA,organic,False,ios
u_003453,2025-11-15 23:47:18,LATAM,tiktok,False,web
u_003454,2025-12-14 01:12:46,APAC,organic,False,android
u_003455,2025-11-13 19:06:11,NA,organic,True,ios
u_003456,2025-12-05 17:56:39,EU,paid_search,False,ios
u_003457,2025-12-15 14:05:24,NA,influencer,False,ios
u_003458,2025-12-15 05:26:28,APAC,tiktok,False,web
u_003459,2025-11-22 00:18:21,LATAM,organic,False,ios
u_003460,2025-12-04 11:48:59,NA,tiktok,True,ios
u_003461,2025-11-15 02:38:44,APAC,tiktok,False,web
u_003462,2025-11-20 09:53:17,EU,organic,False,android
u_003463,2025-11-17 04:40:49,NA,organic,True,ios
u_003464,2025-11-10 09:43:33,LATAM,tiktok,False,web
u_003465,2025-12-15 03:50:39,EU,organic,False,web
u_003466,2025-12-01 06:03:28,EU,youtube,False,web
u_003467,2025-11-07 14:16:24,APAC,organic,True,web
u_003468,2025-12-03 23:33:46,NA,tiktok,False,ios
u_003469,2025-12-05 14:30:18,NA,organic,False,web
u_003470,2025-11-11 04:23:27,LATAM,paid_search,False,ios
u_003471,2025-11-27 00:00:27,APAC,tiktok,False,ios
u_003472,2025-11-16 20:07:26,APAC,organic,False,web
u_003473,2025-12-24 02:41:53,NA,tiktok,False,android
u_003474,2025-11-25 05:27:17,EU,influencer,False,web
u_003475,2025-11-19 07:12:36,LATAM,youtube,False,ios
u_003476,2025-12-18 08:43:37,NA,youtube,False,ios
u_003477,2025-12-14 15:58:30,NA,organic,False,web
u_003478,2025-12-23 00:27:31,EU,youtube,False,web
u_003479,2025-12-15 00:16:49,NA,youtube,False,web
u_003480,2025-12-27 17:03:12,NA,tiktok,True,android
u_003481,2025-11-19 16:36:37,APAC,paid_search,False,android
u_003482,2025-11-26 01:47:34,LATAM,organic,True,ios
u_003483,2025-11-20 04:50:53,EU,organic,False,ios
u_003484,2025-12-28 16:52:52,APAC,influencer,True,ios
u_003485,2025-12-13 05:46:33,APAC,youtube,False,web
u_003486,2025-11-22 10:03:18,APAC,organic,False,web
u_003487,2025-12-04 04:47:40,NA,organic,False,web
u_003488,2025-12-24 21:32:26,NA,influencer,False,ios
u_003489,2025-12-13 13:14:46,NA,organic,False,web
u_003490,2025-12-14 10:09:49,NA,organic,False,web
u_003491,2025-11-22 16:24:58,NA,organic,False,web
u_003492,2025-12-11 07:57:04,NA,paid_search,False,ios
u_003493,2025-12-13 21:41:59,NA,paid_search,False,ios
u_003494,2025-12-08 00:23:07,NA,tiktok,False,web
u_003495,2025-12-06 19:46:33,EU,tiktok,True,web
u_003496,2025-12-22 14:50:58,NA,organic,False,web
u_003497,2025-12-18 08:22:05,APAC,organic,False,web
u_003498,2026-01-02 14:12:22,NA,influencer,False,web
u_003499,2025-12-06 21:30:40,APAC,organic,False,web
u_003500,2025-12-14 16:34:18,LATAM,tiktok,False,ios
u_003501,2025-12-20 14:40:00,APAC,youtube,False,ios
u_003502,2025-11-14 07:47:40,APAC,organic,False,web
u_003503,2025-12-08 22:51:44,LATAM,tiktok,False,web
u_003504,2025-11-15 21:39:30,NA,tiktok,True,web
u_003505,2025-12-05 05:01:07,LATAM,youtube,False,web
u_003506,2025-12-20 14:48:06,APAC,organic,False,android
u_003507,2025-11-15 06:07:45,APAC,organic,True,android
u_003508,2025-12-13 07:51:15,NA,tiktok,False,web
u_003509,2025-12-12 04:46:17,EU,paid_search,False,ios
u_003510,2025-11-22 02:30:09,EU,organic,True,web
u_003511,2025-12-22 16:34:08,EU,paid_search,False,web
u_003512,2025-12-13 23:31:42,APAC,youtube,True,ios
u_003513,2025-11-22 21:52:38,NA,influencer,False,web
u_003514,2025-11-28 15:18:26,NA,organic,False,ios
u_003515,2025-12-02 15:25:29,NA,organic,False,ios
u_003516,2025-11-10 07:44:44,NA,organic,False,ios
u_003517,2026-01-02 06:02:29,NA,organic,False,android
u_003518,2025-11-11 16:40:13,NA,paid_search,True,android
u_003519,2025-12-16 12:58:41,NA,organic,False,android
u_003520,2025-12-12 21:43:00,EU,tiktok,False,ios
u_003521,2025-12-06 17:16:21,NA,organic,True,web
u_003522,2025-12-06 06:16:22,LATAM,youtube,False,ios
u_003523,2025-11-26 18:06:15,APAC,organic,True,android
u_003524,2025-11-22 04:36:41,APAC,organic,False,ios
u_003525,2025-11-18 14:46:56,NA,organic,False,android
u_003526,2025-12-11 03:20:27,EU,youtube,False,web
u_003527,2025-11-28 20:15:54,EU,organic,False,web
u_003528,2025-11-18 20:53:34,LATAM,organic,False,web
u_003529,2025-12-27 22:46:17,APAC,organic,True,ios
u_003530,2025-11-24 11:27:17,EU,paid_search,False,android
u_003531,2025-11-07 16:07:14,APAC,tiktok,False,web
u_003532,2025-12-20 08:53:29,NA,youtube,False,android
u_003533,2025-12-27 20:57:22,NA,youtube,False,ios
u_003534,2026-01-03 12:38:55,APAC,organic,True,ios
u_003535,2025-11-21 20:36:21,NA,tiktok,False,android
u_003536,2025-12-30 13:06:23,NA,organic,True,web
u_003537,2026-01-02 02:44:50,APAC,tiktok,True,android
u_003538,2026-01-03 23:54:37,NA,tiktok,False,web
u_003539,2026-01-01 11:07:10,EU,tiktok,True,web
u_003540,2025-11-26 00:04:34,LATAM,organic,True,ios
u_003541,2025-12-01 06:42:16,NA,organic,False,android
u_003542,2025-12-04 05:05:48,NA,youtube,True,ios
u_003543,2025-11-23 15:20:31,NA,youtube,True,ios
u_003544,2025-12-01 15:11:20,NA,organic,True,android
u_003545,2025-11-22 16:47:27,NA,organic,True,web
u_003546,2025-12-11 08:30:36,NA,paid_search,False,android
u_003547,2025-12-26 10:24:43,NA,youtube,False,ios
u_003548,2025-12-15 07:41:19,NA,paid_search,False,web
u_003549,2025-11-19 18:03:29,APAC,organic,False,ios
u_003550,2025-11-26 15:50:24,APAC,tiktok,True,web
u_003551,2025-12-08 19:38:48,APAC,organic,True,web
u_003552,2025-12-08 13:43:52,EU,youtube,False,web
u_003553,2026-01-02 12:16:47,NA,organic,False,web
u_003554,2025-11-24 22:52:06,APAC,organic,False,ios
u_003555,2025-11-18 07:41:33,NA,organic,False,ios
u_003556,2025-12-22 22:19:31,NA,youtube,False,ios
u_003557,2025-12-27 05:01:03,APAC,tiktok,True,web
u_003558,2025-11-14 04:14:07,NA,tiktok,False,android
u_003559,2025-11-29 22:49:47,NA,influencer,False,web
u_003560,2025-12-13 15:52:58,APAC,youtube,False,ios
u_003561,2025-11-23 13:42:26,LATAM,tiktok,False,web
u_003562,2025-12-09 23:48:14,NA,paid_search,False,ios
u_003563,2025-11-07 18:55:22,NA,tiktok,False,web
u_003564,2025-11-12 01:02:02,EU,organic,False,android
u_003565,2025-12-24 01:01:14,APAC,paid_search,False,android
u_003566,2025-12-19 02:13:30,NA,organic,False,ios
u_003567,2025-12-21 23:46:12,EU,tiktok,False,web
u_003568,2025-12-21 23:18:36,LATAM,organic,False,web
u_003569,2025-11-09 11:27:46,NA,tiktok,False,android
u_003570,2025-12-01 20:16:03,LATAM,tiktok,True,ios
u_003571,2025-11-12 12:22:55,LATAM,organic,False,android
u_003572,2025-11-09 00:35:46,NA,tiktok,True,ios
u_003573,2025-12-16 08:04:57,APAC,youtube,False,android
u_003574,2025-12-25 10:33:30,NA,organic,False,android
u_003575,2025-12-19 12:28:17,APAC,organic,False,ios
u_003576,2025-11-15 05:08:52,APAC,organic,True,web
u_003577,2025-12-05 03:52:47,NA,influencer,False,ios
u_003578,2025-11-11 11:37:40,APAC,youtube,False,android
u_003579,2025-12-29 13:48:04,APAC,influencer,False,android
u_003580,2025-11-10 10:47:02,NA,organic,False,web
u_003581,2025-12-17 08:40:11,NA,organic,False,ios
u_003582,2025-11-28 17:12:02,NA,organic,False,android
u_003583,2025-11-07 22:30:32,EU,organic,True,ios
u_003584,2026-01-01 04:48:20,LATAM,tiktok,True,android
u_003585,2025-11-19 06:34:11,APAC,paid_search,False,android
u_003586,2026-01-01 10:05:21,NA,organic,True,android
u_003587,2025-12-15 12:46:55,EU,paid_search,False,web
u_003588,2025-12-26 02:20:30,NA,organic,True,web
u_003589,2025-12-11 19:35:29,NA,paid_search,False,web
u_003590,2025-11-12 00:11:48,EU,organic,False,android
u_003591,2025-11-30 17:16:13,EU,paid_search,False,ios
u_003592,2025-12-10 07:35:45,EU,organic,False,web
u_003593,2025-11-29 06:17:12,LATAM,paid_search,True,web
u_003594,2025-11-27 13:46:55,EU,organic,False,ios
u_003595,2025-12-14 13:00:18,EU,organic,False,android
u_003596,2025-11-12 00:47:25,NA,tiktok,False,ios
u_003597,2025-11-26 05:26:55,LATAM,organic,False,ios
u_003598,2025-11-27 06:10:09,APAC,youtube,False,web
u_003599,2025-12-15 04:52:53,APAC,paid_search,False,android
u_003600,2025-12-26 04:27:27,NA,tiktok,False,web
u_003601,2025-11-28 00:45:25,EU,youtube,False,ios
u_003602,2025-11-20 09:14:39,EU,organic,False,web
u_003603,2025-12-31 13:20:16,NA,youtube,False,web
u_003604,2025-11-05 13:09:39,APAC,tiktok,False,web
u_003605,2025-11-09 07:29:48,LATAM,paid_search,True,ios
u_003606,2025-11-20 16:27:45,NA,organic,False,ios
u_003607,2025-12-15 13:36:27,NA,youtube,False,web
u_003608,2025-12-19 05:22:24,APAC,organic,False,web
u_003609,2025-11-11 08:26:19,NA,organic,False,android
u_003610,2025-12-28 14:55:11,EU,organic,False,web
u_003611,2026-01-01 02:37:07,APAC,organic,False,web
u_003612,2025-12-06 21:29:02,NA,organic,False,ios
u_003613,2025-12-22 03:17:03,APAC,organic,False,android
u_003614,2026-01-01 15:35:36,EU,influencer,True,web
u_003615,2025-12-11 19:39:52,APAC,organic,True,android
u_003616,2025-11-28 13:12:23,APAC,paid_search,True,ios
u_003617,2025-12-19 14:17:38,APAC,organic,False,ios
u_003618,2025-11-07 19:56:32,NA,organic,False,web
u_003619,2025-11-10 21:59:07,NA,tiktok,True,ios
u_003620,2025-11-13 16:27:20,NA,tiktok,False,web
u_003621,2026-01-01 00:24:01,NA,tiktok,False,ios
u_003622,2025-11-09 14:47:54,APAC,tiktok,False,web
u_003623,2025-12-12 04:32:16,EU,organic,False,ios
u_003624,2025-12-02 01:51:36,APAC,youtube,False,android
u_003625,2025-12-05 12:44:51,NA,tiktok,False,ios
u_003626,2025-12-18 01:29:49,NA,organic,False,web
u_003627,2025-12-16 22:09:17,APAC,influencer,False,ios
u_003628,2025-12-04 18:07:44,NA,youtube,False,ios
u_003629,2025-11-06 09:59:32,APAC,organic,False,web
u_003630,2025-11-05 17:56:38,NA,influencer,False,ios
u_003631,2025-12-16 20:48:08,LATAM,paid_search,False,web
u_003632,2025-11-16 15:15:44,EU,tiktok,False,ios
u_003633,2025-11-20 04:47:09,APAC,organic,False,android
u_003634,2025-12-17 07:10:46,NA,paid_search,True,web
u_003635,2025-12-14 00:11:04,EU,organic,False,web
u_003636,2025-12-11 21:26:55,LATAM,organic,False,web
u_003637,2025-11-20 19:12:12,APAC,organic,False,android
u_003638,2025-12-23 16:51:02,NA,youtube,True,ios
u_003639,2025-12-06 07:37:28,NA,paid_search,True,web
u_003640,2025-11-08 06:04:47,NA,youtube,False,ios
u_003641,2025-11-27 19:03:42,NA,paid_search,False,web
u_003642,2025-11-13 11:59:48,APAC,organic,False,ios
u_003643,2025-12-04 22:33:55,NA,organic,False,ios
u_003644,2025-11-30 06:27:31,NA,tiktok,False,android
u_003645,2025-12-16 22:25:38,EU,paid_search,True,web
u_003646,2025-11-18 02:09:42,EU,tiktok,True,ios
u_003647,2025-11-20 17:32:38,APAC,organic,True,ios
u_003648,2025-11-30 08:40:42,LATAM,organic,False,android
u_003649,2025-12-06 02:33:04,NA,organic,False,ios
u_003650,2025-11-11 10:56:05,APAC,organic,False,ios
u_003651,2025-11-17 06:53:13,NA,organic,True,web
u_003652,2025-11-11 05:10:09,NA,paid_search,True,ios
u_003653,2025-12-02 14:41:52,NA,tiktok,True,android
u_003654,2025-12-17 16:18:16,NA,youtube,False,android
u_003655,2025-11-13 18:44:07,NA,organic,False,ios
u_003656,2025-11-16 19:38:48,NA,organic,False,ios
u_003657,2025-11-07 00:51:00,APAC,tiktok,False,android
u_003658,2025-12-08 04:39:39,APAC,paid_search,False,web
u_003659,2025-11-06 18:58:13,LATAM,tiktok,False,web
u_003660,2025-11-19 00:51:58,EU,influencer,True,ios
u_003661,2025-12-24 14:34:40,NA,influencer,False,web
u_003662,2025-11-09 08:34:27,NA,organic,False,android
u_003663,2025-11-06 04:50:13,NA,organic,False,ios
u_003664,2025-11-11 13:17:11,NA,youtube,True,ios
u_003665,2025-11-20 14:46:21,APAC,tiktok,False,ios
u_003666,2025-12-02 13:45:44,EU,organic,True,android
u_003667,2025-12-18 15:42:29,NA,tiktok,False,ios
u_003668,2025-12-30 06:37:15,NA,tiktok,False,web
u_003669,2025-12-31 13:25:22,NA,paid_search,False,android
u_003670,2025-12-15 21:07:37,NA,organic,False,web
u_003671,2025-11-17 20:44:21,NA,organic,False,web
u_003672,2025-11-19 05:54:59,APAC,tiktok,False,ios
u_003673,2025-12-08 14:47:17,NA,youtube,False,web
u_003674,2025-12-20 21:01:52,APAC,youtube,True,android
u_003675,2025-12-30 10:43:34,NA,paid_search,False,ios
u_003676,2025-11-19 07:17:39,NA,youtube,False,android
u_003677,2025-12-21 17:36:54,APAC,tiktok,False,web
u_003678,2025-11-06 10:12:49,EU,organic,False,android
u_003679,2025-12-24 13:45:28,NA,tiktok,False,web
u_003680,2025-11-26 23:37:23,APAC,youtube,False,web
u_003681,2025-12-26 23:10:26,NA,influencer,False,web
u_003682,2025-12-10 11:13:03,NA,paid_search,False,ios
u_003683,2025-12-19 23:55:04,APAC,tiktok,True,web
u_003684,2025-12-30 23:06:56,APAC,tiktok,True,ios
u_003685,2025-11-08 17:39:37,NA,organic,False,web
u_003686,2025-11-13 18:39:07,NA,organic,False,web
u_003687,2025-12-26 02:36:21,APAC,organic,False,ios
u_003688,2025-11-15 21:39:36,NA,organic,True,web
u_003689,2026-01-01 16:00:04,NA,tiktok,False,android
u_003690,2025-12-22 13:38:57,EU,organic,False,ios
u_003691,2025-11-23 10:04:55,LATAM,youtube,False,android
u_003692,2025-11-17 09:21:19,NA,tiktok,False,ios
u_003693,2025-12-05 13:54:45,APAC,tiktok,False,android
u_003694,2025-11-12 10:36:44,EU,tiktok,True,ios
u_003695,2025-11-20 23:59:55,NA,organic,False,android
u_003696,2025-12-30 07:03:16,APAC,paid_search,False,web
u_003697,2025-12-18 13:10:32,LATAM,organic,False,ios
u_003698,2025-11-07 00:21:14,NA,paid_search,True,android
u_003699,2025-11-21 09:13:00,NA,organic,False,web
u_003700,2025-11-14 20:36:17,LATAM,tiktok,True,ios
u_003701,2025-11-12 17:01:53,EU,organic,False,android
u_003702,2025-12-16 13:16:14,NA,organic,True,ios
u_003703,2025-11-24 10:30:31,EU,tiktok,True,web
u_003704,2025-11-30 19:21:16,APAC,youtube,True,ios
u_003705,2025-11-20 11:22:48,APAC,organic,True,web
u_003706,2025-12-10 01:50:13,LATAM,tiktok,True,android
u_003707,2025-11-14 12:05:41,NA,organic,False,web
u_003708,2025-12-30 19:43:57,NA,organic,True,web
u_003709,2025-12-07 07:00:38,EU,paid_search,False,web
u_003710,2025-11-28 22:08:51,NA,influencer,True,ios
u_003711,2025-12-15 22:32:28,EU,tiktok,False,android
u_003712,2025-11-17 01:34:06,NA,organic,False,web
u_003713,2025-12-14 18:12:32,NA,organic,True,web
u_003714,2025-12-25 18:20:01,EU,paid_search,False,ios
u_003715,2025-12-31 02:02:19,APAC,organic,True,android
u_003716,2025-11-30 07:50:11,APAC,influencer,False,ios
u_003717,2025-12-29 15:36:23,EU,organic,False,web
u_003718,2025-12-10 09:20:30,NA,paid_search,True,ios
u_003719,2026-01-01 03:23:59,NA,organic,False,web
u_003720,2025-11-27 10:21:12,APAC,organic,True,ios
u_003721,2025-11-27 02:16:27,NA,youtube,False,web
u_003722,2025-11-16 02:40:28,APAC,paid_search,False,android
u_003723,2025-12-01 08:15:17,EU,paid_search,False,android
u_003724,2026-01-04 01:18:14,NA,youtube,False,android
u_003725,2025-12-12 07:35:12,APAC,youtube,True,ios
u_003726,2025-11-09 07:26:52,NA,tiktok,True,ios
u_003727,2025-11-30 06:42:47,EU,youtube,True,web
u_003728,2025-12-29 17:46:21,NA,influencer,False,ios
u_003729,2025-11-24 19:00:26,NA,tiktok,True,ios
u_003730,2025-11-12 02:43:02,EU,tiktok,False,android
u_003731,2025-11-20 01:53:00,EU,tiktok,False,web
u_003732,2025-11-05 23:07:25,APAC,tiktok,True,android
u_003733,2025-11-22 05:14:56,APAC,paid_search,False,ios
u_003734,2025-11-05 12:32:18,APAC,organic,False,web
u_003735,2025-11-08 19:23:41,NA,organic,False,ios
u_003736,2025-12-05 09:23:35,EU,tiktok,False,android
u_003737,2025-12-15 21:09:13,EU,organic,False,android
u_003738,2025-12-12 04:47:13,NA,tiktok,False,ios
u_003739,2025-12-11 09:59:52,EU,paid_search,False,web
u_003740,2025-11-30 03:06:35,LATAM,tiktok,False,android
u_003741,2025-12-14 19:04:27,NA,influencer,True,ios
u_003742,2025-12-06 03:04:10,LATAM,organic,False,web
u_003743,2025-12-11 23:55:20,NA,paid_search,True,web
u_003744,2025-11-21 23:59:36,NA,tiktok,True,web
u_003745,2025-11-23 21:56:25,NA,organic,False,web
u_003746,2025-12-05 16:50:33,EU,youtube,False,android
u_003747,2025-12-14 06:33:05,NA,paid_search,False,web
u_003748,2025-12-08 00:08:13,APAC,organic,True,web
u_003749,2025-12-29 09:14:28,APAC,tiktok,False,ios
u_003750,2025-12-01 02:29:46,EU,paid_search,False,ios
u_003751,2025-11-11 05:24:47,EU,organic,True,web
u_003752,2025-12-07 12:12:47,LATAM,youtube,False,web
u_003753,2025-12-22 09:11:08,APAC,tiktok,False,web
u_003754,2025-11-09 22:10:58,EU,organic,False,ios
u_003755,2025-12-25 14:41:26,APAC,youtube,True,web
u_003756,2025-12-20 00:06:56,EU,organic,True,ios
u_003757,2025-12-20 02:19:28,EU,youtube,False,web
u_003758,2025-11-11 23:25:10,NA,organic,False,web
u_003759,2025-12-05 01:12:23,EU,organic,False,ios
u_003760,2025-11-23 12:25:42,NA,tiktok,True,web
u_003761,2025-12-11 06:20:07,NA,organic,False,web
u_003762,2025-12-22 23:16:19,APAC,organic,False,web
u_003763,2025-12-30 09:56:28,LATAM,influencer,True,web
u_003764,2025-11-21 23:04:25,LATAM,paid_search,False,ios
u_003765,2025-12-26 14:17:42,EU,influencer,False,web
u_003766,2025-11-21 01:48:50,EU,tiktok,True,android
u_003767,2025-11-30 06:48:34,NA,paid_search,False,android
u_003768,2025-11-10 03:35:19,APAC,paid_search,False,android
u_003769,2025-11-23 09:57:41,NA,tiktok,False,web
u_003770,2025-12-15 13:12:58,NA,organic,False,android
u_003771,2025-12-18 02:36:18,EU,organic,False,web
u_003772,2025-11-08 04:54:41,NA,tiktok,False,web
u_003773,2025-11-23 01:28:01,NA,paid_search,False,web
u_003774,2025-11-08 15:16:13,APAC,tiktok,False,android
u_003775,2025-12-14 18:47:39,NA,youtube,True,web
u_003776,2026-01-01 09:13:39,NA,organic,False,android
u_003777,2025-11-15 15:14:43,NA,organic,True,web
u_003778,2025-12-02 22:23:40,NA,tiktok,True,android
u_003779,2025-12-08 22:35:34,NA,paid_search,False,android
u_003780,2025-12-29 04:00:01,APAC,organic,False,android
u_003781,2025-12-29 13:29:14,NA,influencer,False,ios
u_003782,2025-12-20 21:30:10,APAC,organic,False,android
u_003783,2025-12-17 16:22:42,NA,tiktok,False,android
u_003784,2025-12-04 04:22:09,EU,tiktok,False,web
u_003785,2025-11-09 13:31:46,APAC,influencer,False,ios
u_003786,2025-12-25 09:50:46,EU,organic,False,ios
u_003787,2025-12-15 12:44:44,EU,organic,False,web
u_003788,2025-12-11 17:49:13,LATAM,organic,False,android
u_003789,2025-12-21 07:55:03,NA,paid_search,False,web
u_003790,2025-11-17 22:10:35,EU,organic,False,ios
u_003791,2025-12-29 04:55:54,APAC,organic,True,web
u_003792,2025-12-14 20:05:47,NA,tiktok,False,web
u_003793,2025-11-24 07:04:20,NA,tiktok,False,web
u_003794,2025-12-10 08:24:13,NA,influencer,False,android
u_003795,2025-11-21 12:43:14,EU,paid_search,True,web
u_003796,2025-11-10 08:54:45,NA,tiktok,False,android
u_003797,2025-12-22 08:22:24,NA,paid_search,False,android
u_003798,2025-11-08 20:03:13,EU,youtube,True,ios
u_003799,2025-11-29 02:19:25,EU,organic,False,web
u_003800,2025-11-07 22:56:17,NA,paid_search,False,web
u_003801,2025-12-14 12:18:25,NA,youtube,False,ios
u_003802,2025-12-17 18:15:48,EU,tiktok,False,web
u_003803,2025-12-30 22:42:28,LATAM,youtube,False,ios
u_003804,2026-01-01 15:44:46,APAC,tiktok,False,android
u_003805,2025-12-12 14:03:56,APAC,organic,False,web
u_003806,2025-12-10 06:22:58,NA,youtube,False,ios
u_003807,2025-11-28 20:48:25,NA,influencer,True,android
u_003808,2025-12-12 11:24:28,EU,youtube,True,android
u_003809,2025-11-16 15:33:34,APAC,organic,True,android
u_003810,2025-12-17 04:04:24,EU,paid_search,False,android
u_003811,2025-11-15 10:48:39,APAC,organic,False,web
u_003812,2025-12-10 19:53:18,LATAM,organic,True,android
u_003813,2025-12-15 08:23:23,NA,organic,True,android
u_003814,2025-12-24 01:59:36,NA,organic,False,ios
u_003815,2025-11-09 02:08:37,NA,tiktok,False,ios
u_003816,2025-11-24 15:17:05,NA,youtube,False,ios
u_003817,2025-12-02 19:52:02,NA,paid_search,False,web
u_003818,2025-11-15 23:33:09,APAC,paid_search,False,web
u_003819,2025-11-12 18:33:39,NA,influencer,False,ios
u_003820,2025-12-31 20:58:56,NA,tiktok,False,ios
u_003821,2025-11-23 18:57:34,NA,youtube,True,ios
u_003822,2025-11-08 14:43:45,LATAM,influencer,True,web
u_003823,2025-12-29 06:09:54,EU,tiktok,True,android
u_003824,2025-12-13 18:46:23,LATAM,youtube,False,web
u_003825,2025-11-11 04:45:14,LATAM,tiktok,False,web
u_003826,2025-12-02 21:12:28,EU,organic,True,ios
u_003827,2025-12-19 01:33:32,NA,tiktok,False,ios
u_003828,2025-12-12 07:55:32,NA,youtube,False,web
u_003829,2025-12-01 15:54:59,NA,youtube,False,ios
u_003830,2025-12-08 06:14:18,APAC,organic,True,android
u_003831,2025-11-08 08:04:32,NA,tiktok,False,ios
u_003832,2025-11-23 03:04:58,NA,paid_search,False,ios
u_003833,2025-11-24 20:17:34,EU,paid_search,True,web
u_003834,2025-11-27 08:29:00,EU,organic,False,ios
u_003835,2025-12-13 15:06:45,EU,organic,True,android
u_003836,2025-11-16 17:12:50,NA,youtube,True,ios
u_003837,2025-12-19 04:06:00,APAC,tiktok,False,android
u_003838,2025-12-01 15:02:52,EU,organic,False,ios
u_003839,2025-12-30 00:38:53,NA,organic,False,ios
u_003840,2025-11-19 19:18:34,APAC,influencer,True,android
u_003841,2025-12-30 05:41:36,LATAM,youtube,False,android
u_003842,2025-12-02 06:39:37,NA,tiktok,False,android
u_003843,2026-01-03 12:00:01,NA,tiktok,False,ios
u_003844,2025-12-25 17:10:14,EU,tiktok,False,android
u_003845,2025-12-15 10:46:08,NA,organic,True,ios
u_003846,2025-12-31 02:28:33,APAC,tiktok,False,android
u_003847,2026-01-02 20:21:21,NA,organic,False,web
u_003848,2025-12-14 02:13:21,APAC,tiktok,False,ios
u_003849,2025-11-17 23:48:53,APAC,organic,False,android
u_003850,2025-11-08 21:34:49,EU,youtube,True,web
u_003851,2026-01-03 01:09:15,NA,youtube,True,ios
u_003852,2025-12-25 18:15:25,NA,organic,False,android
u_003853,2025-12-01 19:09:34,NA,organic,False,web
u_003854,2025-12-20 03:05:22,NA,organic,False,ios
u_003855,2025-11-18 11:53:35,NA,youtube,True,ios
u_003856,2025-11-15 05:08:54,APAC,organic,False,ios
u_003857,2025-11-27 04:44:58,NA,organic,False,web
u_003858,2025-12-13 23:50:11,APAC,youtube,False,web
u_003859,2025-12-24 05:39:08,NA,youtube,True,web
u_003860,2025-12-12 07:29:38,APAC,organic,True,web
u_003861,2025-11-18 12:38:22,LATAM,tiktok,False,web
u_003862,2025-11-25 14:11:57,NA,paid_search,False,ios
u_003863,2025-11-27 12:37:13,APAC,paid_search,False,ios
u_003864,2025-11-05 17:18:58,EU,organic,False,android
u_003865,2025-11-07 09:32:44,APAC,influencer,False,web
u_003866,2025-12-26 02:11:39,EU,tiktok,True,ios
u_003867,2025-11-30 19:39:25,NA,paid_search,True,web
u_003868,2025-11-14 15:37:23,NA,tiktok,True,android
u_003869,2025-11-17 00:35:07,NA,youtube,False,ios
u_003870,2025-12-03 16:11:12,EU,youtube,False,android
u_003871,2025-12-29 02:53:32,LATAM,tiktok,False,web
u_003872,2025-12-14 20:31:48,APAC,youtube,True,ios
u_003873,2025-12-16 09:58:45,NA,organic,False,ios
u_003874,2025-12-10 06:54:16,APAC,organic,False,android
u_003875,2026-01-01 05:55:05,APAC,tiktok,False,ios
u_003876,2025-11-20 05:26:29,NA,paid_search,True,ios
u_003877,2025-11-13 19:47:31,NA,tiktok,False,web
u_003878,2025-12-13 15:00:02,NA,youtube,False,ios
u_003879,2025-12-20 15:32:13,APAC,youtube,False,web
u_003880,2025-11-09 16:26:56,APAC,organic,False,web
u_003881,2025-11-25 18:00:22,NA,organic,True,web
u_003882,2025-12-15 01:03:04,NA,youtube,False,android
u_003883,2025-12-21 01:06:44,APAC,paid_search,False,web
u_003884,2025-12-13 20:15:39,LATAM,organic,False,android
u_003885,2025-11-14 07:40:13,APAC,tiktok,False,android
u_003886,2025-12-07 14:06:13,EU,organic,True,android
u_003887,2025-12-21 20:14:55,NA,organic,True,android
u_003888,2025-12-09 10:46:13,EU,organic,False,android
u_003889,2025-11-24 13:40:48,NA,tiktok,False,web
u_003890,2025-11-25 21:16:20,APAC,organic,False,web
u_003891,2025-11-07 18:07:47,NA,organic,False,ios
u_003892,2025-12-07 16:03:25,APAC,youtube,True,ios
u_003893,2025-12-10 04:20:39,NA,paid_search,False,web
u_003894,2025-11-16 14:44:34,APAC,organic,True,ios
u_003895,2026-01-02 12:00:01,NA,youtube,False,ios
u_003896,2025-12-11 02:35:30,NA,organic,False,android
u_003897,2025-11-09 15:33:44,EU,paid_search,False,ios
u_003898,2026-01-02 11:29:11,NA,youtube,False,ios
u_003899,2025-12-28 02:34:40,LATAM,influencer,True,ios
u_003900,2025-11-22 08:59:57,EU,organic,False,ios
u_003901,2025-12-03 08:34:57,EU,tiktok,False,android
u_003902,2025-11-23 19:51:31,APAC,tiktok,False,web
u_003903,2025-11-13 17:15:57,APAC,organic,False,ios
u_003904,2025-12-01 07:15:38,EU,organic,False,ios
u_003905,2025-12-29 20:38:24,LATAM,tiktok,False,ios
u_003906,2025-11-27 04:12:28,NA,youtube,False,web
u_003907,2025-11-13 13:00:23,NA,organic,False,web
u_003908,2025-12-13 01:44:56,EU,tiktok,True,web
u_003909,2025-12-10 20:53:10,NA,organic,False,web
u_003910,2025-11-07 11:51:43,EU,organic,True,android
u_003911,2025-11-15 23:02:14,NA,youtube,True,ios
u_003912,2025-11-23 09:36:33,NA,organic,True,web
u_003913,2025-12-17 02:51:48,APAC,tiktok,False,ios
u_003914,2025-12-30 20:25:07,EU,organic,False,web
u_003915,2025-11-14 13:13:44,LATAM,youtube,False,android
u_003916,2025-12-24 22:53:09,APAC,tiktok,False,ios
u_003917,2025-11-09 20:07:21,NA,paid_search,False,android
u_003918,2025-12-24 08:40:37,NA,organic,False,web
u_003919,2025-12-25 21:55:16,NA,youtube,False,android
u_003920,2025-12-28 06:32:02,APAC,organic,False,web
u_003921,2025-12-12 07:11:22,NA,tiktok,False,web
u_003922,2025-11-06 06:58:18,NA,tiktok,False,web
u_003923,2025-12-08 05:06:40,LATAM,organic,False,ios
u_003924,2025-11-25 04:23:02,EU,tiktok,False,web
u_003925,2025-11-29 18:06:13,NA,organic,False,ios
u_003926,2025-11-28 22:48:44,NA,organic,False,android
u_003927,2025-12-15 07:14:23,APAC,organic,False,web
u_003928,2025-12-27 21:53:47,APAC,youtube,False,web
u_003929,2025-11-10 18:59:23,NA,youtube,False,android
u_003930,2025-12-27 09:23:17,NA,organic,False,ios
u_003931,2025-11-19 01:47:13,APAC,tiktok,False,android
u_003932,2025-12-20 18:43:44,APAC,organic,False,ios
u_003933,2025-11-18 01:40:51,APAC,organic,False,ios
u_003934,2025-11-19 20:26:44,EU,youtube,False,web
u_003935,2025-11-25 14:08:19,LATAM,tiktok,False,android
u_003936,2025-12-17 23:16:14,NA,organic,False,android
u_003937,2025-11-24 05:33:07,NA,organic,False,android
u_003938,2025-11-05 15:34:33,APAC,influencer,False,ios
u_003939,2025-12-15 23:48:17,EU,organic,True,android
u_003940,2025-12-30 10:23:04,APAC,organic,False,ios
u_003941,2025-12-24 10:37:03,NA,youtube,False,ios
u_003942,2026-01-02 16:15:32,APAC,tiktok,False,android
u_003943,2025-12-29 09:49:13,NA,tiktok,False,web
u_003944,2025-12-20 11:09:50,EU,paid_search,True,web
u_003945,2026-01-02 03:46:52,NA,organic,False,web
u_003946,2025-11-21 05:12:58,EU,youtube,False,android
u_003947,2026-01-01 17:24:29,APAC,organic,True,ios
u_003948,2025-12-09 05:05:33,NA,tiktok,False,ios
u_003949,2025-11-16 00:42:01,NA,influencer,False,android
u_003950,2025-11-23 07:37:06,EU,tiktok,False,ios
u_003951,2025-11-25 14:34:19,APAC,youtube,True,web
u_003952,2025-11-28 00:20:42,NA,influencer,False,ios
u_003953,2025-12-02 21:59:58,NA,organic,False,android
u_003954,2025-12-07 18:10:31,NA,youtube,True,web
u_003955,2026-01-04 10:55:32,LATAM,paid_search,True,ios
u_003956,2025-11-11 11:18:41,NA,tiktok,True,web
u_003957,2025-12-28 02:55:11,NA,organic,False,ios
u_003958,2025-11-28 15:02:46,APAC,organic,True,web
u_003959,2025-12-03 16:52:12,APAC,organic,True,web
u_003960,2025-11-06 00:39:31,NA,organic,False,ios
u_003961,2025-11-18 00:34:28,LATAM,tiktok,False,android
u_003962,2025-11-23 08:21:00,EU,organic,False,ios
u_003963,2025-11-28 21:11:00,EU,organic,False,android
u_003964,2026-01-01 01:05:59,NA,tiktok,True,ios
u_003965,2025-12-06 11:29:17,APAC,tiktok,False,web
u_003966,2025-12-29 20:06:39,NA,tiktok,True,web
u_003967,2025-11-20 02:42:14,NA,youtube,False,android
u_003968,2025-11-11 19:30:51,NA,organic,False,ios
u_003969,2025-12-17 09:02:40,APAC,organic,True,android
u_003970,2025-12-03 20:54:58,EU,organic,False,web
u_003971,2025-12-27 03:17:40,EU,tiktok,False,web
u_003972,2025-12-23 23:42:03,NA,organic,True,ios
u_003973,2025-12-24 14:00:37,EU,youtube,False,web
u_003974,2025-11-19 14:56:39,APAC,organic,False,web
u_003975,2025-11-10 12:20:16,NA,paid_search,False,ios
u_003976,2025-12-20 02:58:21,APAC,tiktok,False,ios
u_003977,2026-01-04 06:12:43,NA,tiktok,False,web
u_003978,2025-11-20 19:22:16,APAC,youtube,True,web
u_003979,2025-11-10 13:14:31,NA,youtube,False,ios
u_003980,2025-11-12 15:50:05,EU,tiktok,False,ios
u_003981,2025-12-15 01:47:49,LATAM,paid_search,True,ios
u_003982,2025-12-06 03:56:22,LATAM,tiktok,False,ios
u_003983,2025-12-22 12:06:27,NA,influencer,False,android
u_003984,2025-12-02 05:19:56,NA,organic,False,ios
u_003985,2025-12-31 21:10:57,NA,influencer,True,android
u_003986,2025-12-07 17:08:03,APAC,organic,False,ios
u_003987,2025-11-28 05:02:53,EU,organic,False,web
u_003988,2025-11-07 19:15:37,NA,youtube,False,ios
u_003989,2025-12-04 15:32:06,NA,organic,False,ios
u_003990,2025-11-07 01:34:00,LATAM,organic,True,ios
u_003991,2025-11-11 10:43:24,EU,organic,False,ios
u_003992,2025-12-09 06:34:04,NA,youtube,True,web
u_003993,2025-12-30 12:21:01,NA,paid_search,False,ios
u_003994,2025-12-10 15:30:14,NA,youtube,False,android
u_003995,2026-01-01 17:12:04,EU,influencer,False,ios
u_003996,2025-12-02 23:23:58,LATAM,tiktok,False,ios
u_003997,2026-01-01 09:41:47,APAC,organic,False,android
u_003998,2025-12-10 20:38:44,EU,organic,False,ios
u_003999,2025-12-16 08:15:21,APAC,tiktok,False,web
u_004000,2025-12-01 17:23:59,NA,organic,False,android
u_004001,2025-12-09 21:58:50,NA,organic,False,web
u_004002,2025-12-30 23:37:51,LATAM,tiktok,False,ios
u_004003,2025-12-01 09:55:58,NA,youtube,True,web
u_004004,2025-12-08 06:47:19,NA,organic,True,web
u_004005,2025-12-06 17:20:11,LATAM,influencer,True,web
u_004006,2025-12-27 09:36:37,NA,youtube,False,ios
u_004007,2025-11-13 19:20:51,APAC,youtube,True,web
u_004008,2025-11-28 10:16:38,LATAM,paid_search,False,web
u_004009,2025-11-16 06:58:40,EU,organic,False,android
u_004010,2025-12-29 13:04:26,NA,youtube,True,android
u_004011,2025-12-16 19:31:54,NA,influencer,False,android
u_004012,2025-11-05 15:23:38,NA,tiktok,True,android
u_004013,2025-11-22 11:52:49,NA,youtube,False,ios
u_004014,2025-11-08 22:12:51,APAC,tiktok,False,android
u_004015,2025-12-24 21:07:37,NA,tiktok,False,ios
u_004016,2026-01-02 21:18:08,NA,organic,True,ios
u_004017,2025-11-19 05:02:58,EU,paid_search,False,ios
u_004018,2025-11-22 10:54:40,EU,influencer,False,web
u_004019,2025-11-22 03:50:25,APAC,influencer,False,android
u_004020,2025-12-27 09:19:37,NA,youtube,False,ios
u_004021,2025-12-14 14:11:47,APAC,organic,True,web
u_004022,2025-12-12 02:15:17,EU,organic,False,web
u_004023,2025-12-02 11:00:39,NA,influencer,False,web
u_004024,2025-12-13 17:41:55,NA,organic,True,android
u_004025,2026-01-01 23:41:48,NA,organic,False,android
u_004026,2025-12-23 14:39:25,EU,tiktok,False,ios
u_004027,2025-12-07 12:58:14,NA,tiktok,False,web
u_004028,2025-12-06 00:30:34,LATAM,youtube,True,web
u_004029,2025-12-10 05:40:11,EU,tiktok,False,android
u_004030,2025-11-17 13:47:44,LATAM,youtube,False,web
u_004031,2025-12-15 08:03:47,NA,influencer,False,android
u_004032,2025-12-07 16:00:48,NA,organic,True,ios
u_004033,2025-11-10 09:34:35,NA,organic,False,android
u_004034,2025-12-09 18:28:47,NA,tiktok,False,ios
u_004035,2025-12-02 21:58:00,APAC,paid_search,False,ios
u_004036,2025-12-14 12:11:26,NA,organic,False,ios
u_004037,2025-11-30 22:57:48,NA,organic,False,android
u_004038,2025-11-13 21:10:47,NA,youtube,False,android
u_004039,2025-12-01 15:34:58,NA,tiktok,False,ios
u_004040,2025-11-24 17:20:57,APAC,paid_search,False,ios
u_004041,2025-11-15 08:09:18,EU,paid_search,False,android
u_004042,2025-11-19 11:20:14,APAC,tiktok,False,android
u_004043,2025-12-18 11:53:08,NA,youtube,True,ios
u_004044,2025-11-07 16:08:05,LATAM,organic,False,web
u_004045,2025-12-25 01:33:47,APAC,youtube,True,web
u_004046,2025-11-08 14:44:15,NA,youtube,False,android
u_004047,2025-12-13 00:11:15,NA,organic,False,web
u_004048,2025-11-18 02:36:15,LATAM,organic,False,web
u_004049,2025-12-13 18:38:52,EU,paid_search,False,web
u_004050,2025-12-18 19:22:21,APAC,tiktok,False,ios
u_004051,2025-12-30 23:10:24,NA,youtube,False,ios
u_004052,2025-11-22 06:39:10,NA,organic,False,web
u_004053,2025-12-25 08:53:25,APAC,tiktok,False,web
u_004054,2025-12-06 01:16:47,EU,influencer,False,android
u_004055,2025-12-20 23:31:51,EU,organic,False,android
u_004056,2025-12-08 18:12:56,EU,tiktok,False,web
u_004057,2025-12-01 04:14:56,NA,organic,False,web
u_004058,2025-12-02 12:20:04,APAC,tiktok,True,ios
u_004059,2025-12-16 06:44:01,LATAM,paid_search,False,android
u_004060,2025-12-20 08:48:50,APAC,tiktok,False,android
u_004061,2025-12-02 09:16:24,NA,paid_search,False,ios
u_004062,2026-01-03 06:41:43,NA,paid_search,False,android
u_004063,2025-11-30 20:37:18,APAC,paid_search,False,web
u_004064,2025-11-26 07:51:58,EU,paid_search,True,web
u_004065,2025-11-10 04:22:57,EU,organic,False,ios
u_004066,2025-12-08 00:16:30,LATAM,paid_search,False,android
u_004067,2025-11-18 15:44:19,EU,organic,False,ios
u_004068,2025-11-26 14:46:48,EU,organic,False,android
u_004069,2025-12-30 03:53:49,NA,organic,True,android
u_004070,2025-12-27 07:10:57,NA,organic,False,ios
u_004071,2025-12-16 10:25:03,NA,youtube,False,web
u_004072,2025-11-06 00:57:57,LATAM,tiktok,False,web
u_004073,2026-01-04 06:48:42,NA,organic,False,android
u_004074,2025-12-28 02:59:44,EU,tiktok,False,web
u_004075,2025-11-10 20:51:04,APAC,tiktok,False,web
u_004076,2025-12-12 15:51:02,EU,youtube,False,android
u_004077,2026-01-01 13:51:49,EU,organic,True,android
u_004078,2025-12-31 13:19:46,NA,organic,False,web
u_004079,2025-11-08 10:49:50,APAC,organic,True,android
u_004080,2025-12-11 04:05:29,NA,organic,False,web
u_004081,2025-11-19 06:07:41,NA,tiktok,True,web
u_004082,2025-11-28 05:25:53,NA,tiktok,False,ios
u_004083,2025-12-20 18:11:18,NA,organic,True,android
u_004084,2025-12-15 10:03:08,NA,organic,False,web
u_004085,2025-11-30 12:41:54,APAC,organic,False,web
u_004086,2025-11-08 18:20:47,NA,paid_search,False,web
u_004087,2025-11-13 05:00:08,APAC,organic,False,android
u_004088,2025-11-13 08:43:24,NA,influencer,False,ios
u_004089,2025-11-20 00:51:03,NA,youtube,False,ios
u_004090,2025-11-13 16:15:04,EU,organic,False,web
u_004091,2025-12-21 18:40:20,LATAM,paid_search,False,ios
u_004092,2025-11-30 08:07:34,APAC,youtube,False,ios
u_004093,2025-12-24 04:29:00,LATAM,youtube,True,android
u_004094,2025-12-18 19:03:52,EU,tiktok,False,web
u_004095,2025-11-26 16:15:29,APAC,tiktok,False,android
u_004096,2025-12-27 10:28:16,EU,organic,True,ios
u_004097,2025-12-01 03:30:41,EU,organic,False,web
u_004098,2025-11-06 06:01:00,NA,influencer,False,web
u_004099,2025-12-23 07:25:25,EU,paid_search,True,ios
u_004100,2025-12-21 11:46:52,NA,organic,False,android
u_004101,2025-12-17 12:56:11,NA,youtube,False,ios
u_004102,2025-11-14 22:35:57,EU,youtube,True,ios
u_004103,2025-12-03 02:25:06,NA,organic,False,web
u_004104,2025-12-30 05:18:48,NA,tiktok,False,web
u_004105,2025-11-07 08:10:18,NA,tiktok,False,ios
u_004106,2025-12-09 08:04:47,LATAM,youtube,False,ios
u_004107,2025-12-12 18:52:29,NA,influencer,False,android
u_004108,2025-11-07 02:23:38,NA,organic,False,web
u_004109,2025-12-09 05:48:36,APAC,tiktok,False,web
u_004110,2025-12-02 09:34:57,EU,youtube,False,ios
u_004111,2025-11-10 02:24:46,NA,youtube,False,android
u_004112,2025-11-20 02:39:07,NA,organic,True,ios
u_004113,2025-11-27 20:13:42,NA,tiktok,False,web
u_004114,2025-12-21 16:09:43,NA,influencer,False,web
u_004115,2025-11-30 00:03:45,NA,organic,True,web
u_004116,2025-11-13 11:12:59,NA,tiktok,False,ios
u_004117,2025-12-27 12:45:22,APAC,influencer,True,android
u_004118,2025-12-01 11:55:19,EU,organic,False,android
u_004119,2025-12-16 14:07:25,EU,influencer,False,ios
u_004120,2025-12-05 22:48:00,NA,organic,False,web
u_004121,2025-12-21 20:05:20,NA,organic,True,ios
u_004122,2025-11-06 14:28:45,APAC,organic,False,android
u_004123,2025-12-15 17:45:03,NA,organic,True,web
u_004124,2025-11-16 22:08:19,APAC,organic,False,android
u_004125,2025-12-10 15:48:01,EU,youtube,False,android
u_004126,2025-11-26 11:07:44,APAC,organic,False,ios
u_004127,2025-12-12 03:05:10,NA,paid_search,False,ios
u_004128,2025-12-21 18:32:54,NA,tiktok,False,ios
u_004129,2025-12-10 03:38:35,APAC,tiktok,True,ios
u_004130,2025-11-27 15:48:54,APAC,tiktok,False,web
u_004131,2025-12-12 22:13:46,NA,youtube,False,web
u_004132,2025-12-14 06:39:47,LATAM,tiktok,False,web
u_004133,2025-11-18 10:52:16,NA,organic,True,android
u_004134,2025-11-08 13:54:24,NA,paid_search,False,ios
u_004135,2025-12-17 07:03:28,EU,tiktok,False,ios
u_004136,2025-11-20 03:54:09,APAC,organic,False,android
u_004137,2025-11-15 05:19:24,LATAM,tiktok,False,web
u_004138,2026-01-01 22:23:53,NA,youtube,False,ios
u_004139,2025-11-24 05:47:48,NA,organic,True,ios
u_004140,2025-12-17 04:17:33,EU,influencer,True,ios
u_004141,2025-12-26 18:03:42,NA,youtube,False,web
u_004142,2025-12-08 06:28:39,NA,youtube,False,android
u_004143,2025-12-16 10:00:48,EU,tiktok,False,android
u_004144,2025-11-20 13:35:33,NA,paid_search,False,web
u_004145,2025-12-29 01:27:37,EU,organic,False,android
u_004146,2025-12-22 10:30:44,NA,tiktok,False,android
u_004147,2025-12-27 04:26:23,APAC,organic,False,web
u_004148,2025-11-06 14:55:13,EU,youtube,False,web
u_004149,2025-11-06 04:09:45,NA,organic,False,web
u_004150,2025-11-10 23:34:30,NA,organic,False,ios
u_004151,2025-11-08 16:21:13,NA,influencer,True,ios
u_004152,2025-11-05 13:12:49,NA,tiktok,False,web
u_004153,2025-12-16 22:04:43,EU,organic,False,ios
u_004154,2025-11-18 18:44:09,LATAM,tiktok,False,web
u_004155,2025-11-13 20:47:03,EU,youtube,False,web
u_004156,2025-12-22 03:34:33,EU,organic,False,ios
u_004157,2025-11-10 03:47:25,NA,organic,True,web
u_004158,2025-11-28 03:13:47,NA,paid_search,True,ios
u_004159,2025-11-12 17:48:08,LATAM,tiktok,False,android
u_004160,2025-11-30 06:57:03,LATAM,organic,False,web
u_004161,2025-11-25 14:08:45,EU,influencer,False,web
u_004162,2025-12-18 16:28:05,NA,tiktok,True,web
u_004163,2025-12-05 13:43:45,APAC,organic,False,ios
u_004164,2025-12-27 06:52:42,NA,organic,False,ios
u_004165,2025-12-03 10:46:39,APAC,organic,False,ios
u_004166,2025-11-10 00:43:01,APAC,influencer,False,ios
u_004167,2025-11-13 21:10:13,NA,organic,True,ios
u_004168,2025-12-10 23:39:12,LATAM,organic,False,web
u_004169,2025-12-22 04:27:04,LATAM,paid_search,False,ios
u_004170,2025-12-25 09:44:33,LATAM,organic,False,ios
u_004171,2025-11-13 10:14:00,EU,youtube,False,web
u_004172,2025-12-01 03:12:30,NA,organic,True,android
u_004173,2025-11-25 08:16:28,EU,tiktok,False,ios
u_004174,2025-11-07 11:21:43,NA,organic,False,web
u_004175,2025-12-21 13:00:38,NA,organic,True,ios
u_004176,2025-12-05 21:34:31,NA,tiktok,False,android
u_004177,2025-11-24 23:44:22,EU,youtube,False,web
u_004178,2025-12-31 20:15:47,NA,youtube,False,web
u_004179,2025-11-06 19:48:32,NA,youtube,False,ios
u_004180,2025-12-31 12:36:09,NA,tiktok,False,ios
u_004181,2025-12-07 23:04:41,APAC,tiktok,False,web
u_004182,2025-12-27 21:04:08,EU,youtube,False,android
u_004183,2026-01-03 08:06:27,NA,youtube,False,ios
u_004184,2025-11-24 18:58:04,LATAM,youtube,True,android
u_004185,2025-11-19 21:30:35,NA,tiktok,False,web
u_004186,2025-12-13 17:13:35,EU,organic,False,android
u_004187,2025-11-24 16:18:33,APAC,organic,False,ios
u_004188,2025-11-09 12:40:50,APAC,organic,False,web
u_004189,2025-11-11 02:37:24,NA,paid_search,True,android
u_004190,2025-12-20 03:08:42,LATAM,youtube,True,web
u_004191,2025-12-06 23:42:12,LATAM,tiktok,False,android
u_004192,2025-11-17 06:50:59,EU,organic,False,ios
u_004193,2025-11-17 12:22:33,EU,organic,False,android
u_004194,2025-12-05 15:15:11,NA,paid_search,True,ios
u_004195,2025-12-24 05:58:15,EU,paid_search,True,android
u_004196,2025-12-01 07:10:50,NA,organic,False,web
u_004197,2025-12-25 02:17:02,APAC,youtube,False,ios
u_004198,2025-11-20 10:45:22,NA,tiktok,False,ios
u_004199,2025-11-16 03:23:54,APAC,organic,False,android
u_004200,2025-12-14 16:26:26,NA,youtube,False,web
u_004201,2025-12-15 10:07:39,NA,tiktok,False,ios
u_004202,2025-12-30 13:41:57,NA,youtube,False,ios
u_004203,2025-11-17 12:40:22,NA,organic,True,web
u_004204,2025-12-15 14:21:44,EU,organic,False,ios
u_004205,2025-11-28 17:06:13,APAC,organic,True,android
u_004206,2026-01-02 09:28:14,EU,organic,False,web
u_004207,2025-11-21 22:13:15,EU,tiktok,True,ios
u_004208,2025-12-03 05:03:26,APAC,organic,False,android
u_004209,2025-11-12 19:18:14,NA,tiktok,False,web
u_004210,2025-12-27 06:00:44,NA,organic,True,ios
u_004211,2025-12-26 19:46:37,NA,youtube,False,ios
u_004212,2025-12-31 18:03:24,APAC,tiktok,False,android
u_004213,2025-12-01 04:21:06,NA,youtube,False,ios
u_004214,2025-12-19 08:10:24,NA,organic,False,ios
u_004215,2025-12-01 20:46:34,EU,organic,True,web
u_004216,2025-12-11 17:29:15,LATAM,organic,True,ios
u_004217,2025-12-04 03:22:44,EU,organic,False,android
u_004218,2026-01-03 17:16:57,APAC,organic,False,web
u_004219,2025-12-27 20:03:50,APAC,organic,False,web
u_004220,2025-11-20 14:56:44,EU,tiktok,False,android
u_004221,2025-12-13 04:14:02,APAC,paid_search,False,ios
u_004222,2025-11-19 10:49:30,APAC,organic,False,ios
u_004223,2025-11-26 01:04:07,NA,influencer,False,android
u_004224,2025-12-23 12:22:08,NA,organic,True,android
u_004225,2025-11-11 15:14:31,NA,youtube,False,android
u_004226,2025-12-24 02:34:34,EU,youtube,True,android
u_004227,2025-11-20 04:21:53,APAC,paid_search,False,ios
u_004228,2025-11-19 04:05:27,NA,organic,True,android
u_004229,2025-12-20 20:19:48,NA,organic,False,ios
u_004230,2025-11-24 13:48:34,APAC,organic,True,android
u_004231,2025-12-16 14:28:04,EU,tiktok,True,android
u_004232,2025-12-09 19:33:59,EU,paid_search,False,web
u_004233,2025-11-13 23:27:35,APAC,youtube,False,web
u_004234,2025-12-06 17:17:56,EU,youtube,False,web
u_004235,2025-12-14 11:40:31,APAC,tiktok,False,android
u_004236,2025-11-25 23:52:23,NA,paid_search,True,android
u_004237,2025-12-14 19:17:00,NA,tiktok,False,ios
u_004238,2025-11-15 09:14:35,NA,organic,True,ios
u_004239,2025-11-28 04:17:02,EU,influencer,False,android
u_004240,2025-12-15 22:52:26,LATAM,organic,False,web
u_004241,2025-11-09 05:32:10,LATAM,organic,True,web
u_004242,2025-12-07 08:03:45,APAC,organic,False,ios
u_004243,2025-11-14 23:40:10,NA,tiktok,False,android
u_004244,2026-01-01 07:05:24,LATAM,tiktok,False,android
u_004245,2025-11-10 16:36:25,APAC,organic,False,ios
u_004246,2025-12-29 10:02:16,NA,youtube,False,web
u_004247,2025-12-07 20:06:27,APAC,youtube,True,ios
u_004248,2025-12-07 17:43:56,NA,paid_search,False,android
u_004249,2025-12-31 18:00:06,NA,tiktok,False,ios
u_004250,2025-12-13 15:10:53,APAC,youtube,False,ios
u_004251,2025-12-23 21:15:48,EU,youtube,False,web
u_004252,2025-11-20 20:38:41,NA,organic,False,android
u_004253,2026-01-01 23:40:59,EU,organic,False,web
u_004254,2025-12-14 09:13:06,LATAM,tiktok,False,web
u_004255,2025-11-21 17:15:24,EU,organic,False,android
u_004256,2026-01-02 14:54:47,NA,organic,False,android
u_004257,2025-12-12 08:38:10,NA,tiktok,False,ios
u_004258,2025-12-01 13:21:25,NA,organic,False,ios
u_004259,2025-12-09 10:33:54,LATAM,organic,False,web
u_004260,2025-11-11 09:13:28,NA,tiktok,False,web
u_004261,2025-11-25 10:18:45,EU,youtube,False,web
u_004262,2026-01-03 21:36:46,EU,influencer,False,ios
u_004263,2025-12-27 22:06:47,APAC,tiktok,False,web
u_004264,2025-12-13 06:46:44,EU,tiktok,False,android
u_004265,2025-11-27 18:40:10,APAC,organic,False,web
u_004266,2025-12-29 19:44:21,NA,organic,False,ios
u_004267,2025-12-14 05:08:29,NA,organic,False,ios
u_004268,2025-12-11 00:51:34,LATAM,youtube,False,ios
u_004269,2025-12-17 22:08:28,LATAM,tiktok,False,web
u_004270,2025-12-19 02:43:12,LATAM,youtube,False,android
u_004271,2025-12-23 19:24:44,LATAM,youtube,True,ios
u_004272,2025-12-29 18:08:38,APAC,organic,False,ios
u_004273,2025-12-10 10:52:48,APAC,tiktok,False,ios
u_004274,2025-12-08 13:03:07,APAC,tiktok,False,web
u_004275,2025-12-27 16:38:14,EU,tiktok,False,ios
u_004276,2025-12-16 16:37:20,NA,tiktok,False,ios
u_004277,2025-11-06 09:57:27,NA,paid_search,True,android
u_004278,2025-11-24 11:14:44,LATAM,influencer,False,android
u_004279,2026-01-03 23:41:31,NA,paid_search,True,web
u_004280,2025-11-08 13:45:02,APAC,organic,False,web
u_004281,2025-12-06 22:58:22,NA,organic,False,web
u_004282,2025-11-20 19:42:55,NA,organic,False,android
u_004283,2025-11-16 15:20:33,NA,organic,False,web
u_004284,2025-12-01 10:27:45,NA,tiktok,False,ios
u_004285,2025-11-26 05:38:05,NA,youtube,False,ios
u_004286,2025-12-22 01:13:48,NA,tiktok,True,ios
u_004287,2025-11-30 12:58:47,APAC,paid_search,False,web
u_004288,2025-11-17 12:22:20,NA,paid_search,False,web
u_004289,2025-11-21 05:42:05,NA,organic,False,ios
u_004290,2025-12-16 03:05:25,NA,influencer,True,web
u_004291,2025-11-10 03:24:17,APAC,tiktok,True,web
u_004292,2025-11-17 08:03:31,EU,tiktok,True,web
u_004293,2025-12-22 12:40:15,EU,youtube,True,ios
u_004294,2025-11-27 12:29:37,NA,organic,False,ios
u_004295,2025-11-17 05:34:48,NA,paid_search,True,web
u_004296,2025-11-19 14:52:06,APAC,youtube,False,web
u_004297,2025-11-17 07:16:48,APAC,influencer,False,web
u_004298,2025-12-27 16:46:29,NA,paid_search,False,ios
u_004299,2025-11-22 18:33:05,EU,tiktok,False,web
u_004300,2025-12-15 16:56:40,NA,organic,True,ios
u_004301,2025-11-05 18:21:46,NA,organic,False,web
u_004302,2025-12-02 15:22:13,APAC,organic,False,android
u_004303,2025-12-09 16:36:53,EU,organic,True,web
u_004304,2025-11-26 15:44:01,NA,influencer,False,android
u_004305,2025-12-14 14:44:26,NA,organic,False,android
u_004306,2025-11-12 19:51:04,LATAM,paid_search,False,ios
u_004307,2025-11-17 09:08:32,APAC,youtube,False,android
u_004308,2025-11-24 05:42:49,APAC,organic,False,web
u_004309,2025-11-22 17:12:39,EU,tiktok,True,web
u_004310,2025-11-11 12:11:09,EU,tiktok,False,web
u_004311,2025-11-24 21:59:59,NA,tiktok,True,web
u_004312,2025-12-27 04:38:36,NA,tiktok,False,web
u_004313,2025-12-12 10:09:52,NA,organic,False,ios
u_004314,2025-11-29 03:47:55,EU,youtube,True,web
u_004315,2025-11-16 21:09:08,NA,tiktok,False,ios
u_004316,2025-11-24 21:10:54,APAC,youtube,False,web
u_004317,2025-12-19 01:20:23,NA,influencer,False,ios
u_004318,2025-12-12 04:58:10,NA,organic,False,android
u_004319,2025-12-14 20:21:51,NA,organic,False,ios
u_004320,2025-11-15 00:43:54,NA,youtube,False,ios
u_004321,2025-11-06 14:20:22,NA,paid_search,False,ios
u_004322,2025-11-27 08:25:10,NA,tiktok,False,android
u_004323,2025-11-10 21:24:30,NA,organic,True,web
u_004324,2025-11-25 03:47:43,EU,organic,True,android
u_004325,2025-11-26 15:13:00,EU,organic,False,ios
u_004326,2025-12-23 08:10:53,NA,organic,False,web
u_004327,2025-12-24 16:12:40,EU,tiktok,False,android
u_004328,2025-11-20 01:08:08,EU,youtube,False,android
u_004329,2025-12-16 15:39:34,NA,organic,True,ios
u_004330,2025-12-24 17:37:10,APAC,organic,True,web
u_004331,2025-12-22 18:09:18,EU,organic,False,ios
u_004332,2025-11-20 09:20:09,NA,influencer,True,web
u_004333,2025-11-20 17:18:13,LATAM,tiktok,False,ios
u_004334,2026-01-04 07:08:20,APAC,paid_search,False,web
u_004335,2025-11-26 04:49:45,LATAM,tiktok,True,ios
u_004336,2025-11-22 05:13:37,APAC,organic,False,ios
u_004337,2025-12-16 15:08:38,NA,organic,False,web
u_004338,2025-12-23 19:22:14,NA,youtube,False,android
u_004339,2025-12-28 04:53:59,EU,tiktok,False,web
u_004340,2025-12-27 23:37:32,LATAM,tiktok,False,web
u_004341,2025-11-13 06:23:41,EU,youtube,False,ios
u_004342,2025-11-21 11:31:11,APAC,youtube,False,android
u_004343,2025-12-23 21:37:19,NA,organic,True,android
u_004344,2025-11-18 09:23:05,NA,influencer,False,android
u_004345,2025-12-02 23:52:39,LATAM,tiktok,True,web
u_004346,2025-11-20 15:31:59,APAC,organic,True,android
u_004347,2025-12-10 03:11:02,LATAM,tiktok,False,android
u_004348,2025-11-26 18:16:00,APAC,tiktok,False,web
u_004349,2025-12-08 00:40:09,NA,organic,True,ios
u_004350,2025-11-07 15:23:53,EU,tiktok,False,ios
u_004351,2025-12-30 21:01:26,LATAM,organic,False,ios
u_004352,2025-12-28 06:00:16,EU,organic,True,android
u_004353,2025-12-11 00:41:43,NA,organic,False,web
u_004354,2025-12-08 12:59:36,NA,organic,True,ios
u_004355,2025-11-20 05:16:19,EU,organic,False,web
u_004356,2025-12-13 00:17:25,NA,organic,True,ios
u_004357,2025-12-05 17:54:36,APAC,paid_search,False,android
u_004358,2025-11-21 03:40:51,NA,organic,True,web
u_004359,2025-11-19 07:33:48,NA,tiktok,False,ios
u_004360,2025-12-13 03:58:11,APAC,organic,False,android
u_004361,2025-11-16 15:27:37,EU,youtube,False,android
u_004362,2025-11-18 15:16:19,APAC,organic,False,ios
u_004363,2025-12-16 10:00:52,NA,organic,True,web
u_004364,2025-12-18 10:05:05,LATAM,organic,False,ios
u_004365,2025-12-17 14:14:50,NA,paid_search,True,android
u_004366,2026-01-02 13:17:44,NA,tiktok,False,android
u_004367,2026-01-01 08:47:54,APAC,organic,True,web
u_004368,2025-12-05 20:27:16,APAC,organic,False,ios
u_004369,2025-12-03 11:49:55,NA,organic,False,web
u_004370,2025-11-29 16:25:17,LATAM,organic,False,web
u_004371,2025-12-18 07:19:35,EU,youtube,True,ios
u_004372,2025-11-29 00:30:33,LATAM,tiktok,False,web
u_004373,2025-12-17 02:41:56,EU,youtube,False,web
u_004374,2025-11-19 07:19:34,EU,organic,False,ios
u_004375,2025-12-07 16:11:19,NA,tiktok,False,ios
u_004376,2025-11-25 15:59:07,NA,organic,False,android
u_004377,2025-12-15 20:02:03,EU,organic,False,ios
u_004378,2025-11-16 21:05:44,EU,youtube,False,ios
u_004379,2025-12-02 16:35:48,NA,organic,False,web
u_004380,2025-12-24 11:35:53,NA,tiktok,False,web
u_004381,2025-11-08 07:54:38,NA,influencer,False,ios
u_004382,2025-11-14 16:30:47,APAC,organic,False,web
u_004383,2025-12-20 14:37:50,EU,paid_search,False,android
u_004384,2025-11-25 06:49:48,APAC,organic,False,ios
u_004385,2025-11-27 00:06:59,LATAM,organic,False,web
u_004386,2026-01-02 15:25:06,EU,tiktok,False,ios
u_004387,2025-12-07 08:43:33,LATAM,tiktok,False,android
u_004388,2025-11-24 14:22:54,NA,organic,False,web
u_004389,2025-12-25 21:28:50,NA,youtube,True,web
u_004390,2026-01-02 12:57:31,NA,paid_search,True,android
u_004391,2025-11-15 06:02:59,EU,organic,True,web
u_004392,2025-12-24 22:19:43,APAC,paid_search,False,web
u_004393,2025-12-22 17:16:30,EU,tiktok,False,web
u_004394,2025-12-25 23:34:17,NA,paid_search,False,ios
u_004395,2025-12-22 00:42:52,APAC,organic,False,ios
u_004396,2025-12-17 19:39:13,EU,youtube,False,ios
u_004397,2025-11-14 19:07:05,NA,organic,False,android
u_004398,2025-11-12 04:17:37,EU,paid_search,False,android
u_004399,2025-12-27 10:52:17,LATAM,youtube,False,android
u_004400,2025-11-08 15:27:38,APAC,organic,True,ios
u_004401,2025-11-26 23:06:08,EU,organic,True,web
u_004402,2025-12-07 19:46:47,NA,influencer,True,android
u_004403,2026-01-01 20:11:23,NA,tiktok,False,web
u_004404,2025-12-16 05:34:35,EU,organic,False,android
u_004405,2025-12-30 11:28:04,APAC,tiktok,True,web
u_004406,2025-12-08 21:08:40,NA,influencer,True,android
u_004407,2025-11-12 18:30:01,NA,organic,True,android
u_004408,2026-01-02 23:36:31,LATAM,organic,False,ios
u_004409,2025-12-07 10:41:14,APAC,paid_search,False,web
u_004410,2025-11-28 00:13:36,EU,organic,False,web
u_004411,2026-01-01 18:46:55,NA,organic,False,ios
u_004412,2025-12-20 00:40:38,NA,organic,False,web
u_004413,2025-12-06 06:02:31,NA,paid_search,True,ios
u_004414,2025-11-26 03:30:04,EU,organic,True,ios
u_004415,2026-01-03 08:11:27,NA,youtube,False,web
u_004416,2025-12-18 20:36:47,APAC,paid_search,False,ios
u_004417,2025-11-25 04:46:30,LATAM,organic,False,ios
u_004418,2025-12-24 10:12:57,NA,influencer,False,web
u_004419,2025-12-01 11:05:41,EU,tiktok,False,ios
u_004420,2025-11-22 22:20:36,APAC,youtube,True,android
u_004421,2026-01-04 09:55:23,LATAM,organic,False,web
u_004422,2025-11-10 14:34:21,APAC,youtube,True,web
u_004423,2025-11-21 06:22:57,NA,organic,False,android
u_004424,2025-12-21 05:30:31,NA,organic,False,web
u_004425,2025-12-09 12:41:22,APAC,paid_search,False,web
u_004426,2025-11-29 09:20:28,APAC,organic,False,ios
u_004427,2025-12-15 11:46:23,NA,influencer,False,web
u_004428,2025-11-17 02:03:33,EU,organic,False,web
u_004429,2025-12-04 22:24:23,APAC,organic,False,android
u_004430,2025-12-10 20:00:40,NA,influencer,False,web
u_004431,2025-12-13 11:54:20,APAC,organic,False,android
u_004432,2025-12-11 21:16:58,NA,influencer,False,web
u_004433,2025-11-09 01:13:26,APAC,tiktok,False,android
u_004434,2025-11-27 22:58:32,EU,organic,True,ios
u_004435,2025-12-08 08:34:10,NA,youtube,False,web
u_004436,2025-12-15 00:58:44,APAC,organic,True,ios
u_004437,2025-11-12 09:50:13,APAC,organic,True,android
u_004438,2025-11-22 14:19:18,LATAM,youtube,False,web
u_004439,2025-12-17 15:45:26,NA,organic,False,ios
u_004440,2025-11-29 20:39:40,APAC,organic,True,ios
u_004441,2025-11-30 15:00:17,EU,influencer,True,android
u_004442,2025-11-20 13:55:22,EU,influencer,False,ios
u_004443,2025-11-11 03:07:43,APAC,tiktok,False,web
u_004444,2025-12-26 15:52:17,NA,tiktok,False,web
u_004445,2025-11-12 16:26:51,NA,youtube,False,ios
u_004446,2025-11-27 17:19:04,EU,tiktok,False,android
u_004447,2025-11-07 12:20:37,NA,tiktok,True,web
u_004448,2025-12-05 12:28:05,LATAM,paid_search,True,ios
u_004449,2025-11-06 11:22:17,EU,organic,False,web
u_004450,2025-11-21 12:09:02,EU,tiktok,False,ios
u_004451,2025-12-01 19:26:50,APAC,paid_search,True,ios
u_004452,2025-12-03 18:37:01,EU,youtube,True,ios
u_004453,2026-01-01 14:17:43,EU,paid_search,True,android
u_004454,2026-01-02 04:13:20,NA,organic,False,web
u_004455,2025-12-07 21:21:41,NA,organic,False,web
u_004456,2025-11-21 23:16:00,NA,influencer,False,android
u_004457,2025-12-20 16:56:37,APAC,organic,False,web
u_004458,2025-11-25 08:24:16,EU,youtube,False,ios
u_004459,2025-12-13 10:32:35,NA,organic,False,ios
u_004460,2025-11-25 13:45:25,EU,youtube,True,ios
u_004461,2025-12-25 06:25:22,NA,tiktok,True,web
u_004462,2025-11-18 06:25:25,LATAM,organic,True,web
u_004463,2025-12-04 02:30:08,NA,tiktok,False,ios
u_004464,2025-11-08 03:22:32,APAC,youtube,False,web
u_004465,2025-11-06 16:01:18,EU,organic,False,ios
u_004466,2025-11-09 05:10:57,EU,youtube,True,ios
u_004467,2025-11-12 07:56:25,NA,tiktok,False,ios
u_004468,2025-11-29 23:44:36,LATAM,organic,False,web
u_004469,2025-11-05 22:49:32,NA,youtube,False,android
u_004470,2025-12-03 10:38:47,EU,organic,False,ios
u_004471,2025-12-11 12:36:02,LATAM,organic,True,ios
u_004472,2025-11-27 05:34:18,APAC,tiktok,False,android
u_004473,2025-12-02 08:21:45,EU,youtube,False,ios
u_004474,2025-11-10 06:01:29,LATAM,paid_search,False,android
u_004475,2025-12-08 06:26:05,APAC,organic,True,web
u_004476,2025-11-29 04:30:34,NA,organic,False,android
u_004477,2025-12-29 05:33:36,NA,organic,False,web
u_004478,2025-12-31 12:14:20,NA,youtube,False,android
u_004479,2025-11-28 21:35:39,NA,tiktok,False,android
u_004480,2025-11-09 18:48:38,APAC,youtube,False,web
u_004481,2026-01-03 17:15:22,EU,organic,False,ios
u_004482,2026-01-04 02:30:51,NA,influencer,False,ios
u_004483,2025-11-19 10:14:48,APAC,tiktok,False,web
u_004484,2025-12-15 14:31:23,NA,paid_search,False,android
u_004485,2025-12-17 03:15:52,LATAM,organic,False,web
u_004486,2025-12-06 23:23:47,LATAM,tiktok,True,android
u_004487,2025-12-26 07:51:53,LATAM,youtube,False,web
u_004488,2025-11-06 05:20:07,APAC,tiktok,False,ios
u_004489,2025-12-18 09:05:05,NA,organic,False,web
u_004490,2025-12-07 21:20:28,EU,paid_search,True,web
u_004491,2025-12-01 05:41:27,NA,organic,False,ios
u_004492,2025-11-22 22:10:14,NA,organic,True,ios
u_004493,2025-11-18 22:04:04,EU,tiktok,False,web
u_004494,2025-12-04 17:09:07,NA,tiktok,True,android
u_004495,2025-12-08 19:06:33,LATAM,youtube,False,web
u_004496,2025-12-24 17:33:13,LATAM,organic,True,android
u_004497,2025-11-16 16:03:42,NA,tiktok,False,ios
u_004498,2025-11-17 11:09:54,EU,tiktok,False,ios
u_004499,2025-11-27 13:17:56,EU,organic,False,web
u_004500,2025-12-30 19:17:05,APAC,paid_search,True,ios
u_004501,2025-12-28 04:18:49,APAC,influencer,False,ios
u_004502,2025-12-02 02:47:35,NA,tiktok,True,web
u_004503,2025-11-17 18:18:10,NA,organic,False,web
u_004504,2025-11-13 16:11:41,NA,paid_search,False,web
u_004505,2025-11-09 20:23:58,LATAM,organic,False,web
u_004506,2025-12-23 21:02:27,NA,organic,False,web
u_004507,2025-11-27 23:38:21,NA,organic,True,web
u_004508,2026-01-03 13:01:12,APAC,organic,False,ios
u_004509,2025-12-05 08:09:07,APAC,influencer,False,web
u_004510,2026-01-01 03:37:14,APAC,tiktok,False,web
u_004511,2025-11-17 03:36:40,EU,paid_search,False,web
u_004512,2025-11-21 03:14:06,EU,organic,False,ios
u_004513,2025-11-15 15:44:05,EU,tiktok,True,web
u_004514,2025-12-30 13:35:35,NA,paid_search,False,ios
u_004515,2025-12-05 19:15:52,EU,influencer,False,ios
u_004516,2025-11-09 21:21:28,NA,youtube,False,ios
u_004517,2025-12-12 11:55:05,NA,organic,False,web
u_004518,2025-11-07 03:16:55,LATAM,youtube,True,ios
u_004519,2026-01-01 23:34:33,NA,organic,True,web
u_004520,2025-12-25 04:45:55,LATAM,tiktok,True,android
u_004521,2025-11-21 06:56:50,NA,tiktok,True,android
u_004522,2025-12-31 15:30:43,NA,tiktok,True,ios
u_004523,2025-12-10 09:57:49,EU,youtube,False,android
u_004524,2025-12-08 15:30:40,APAC,youtube,False,ios
u_004525,2025-11-20 06:39:01,EU,organic,True,web
u_004526,2025-11-12 06:20:46,APAC,tiktok,False,web
u_004527,2025-11-22 18:08:32,NA,youtube,True,ios
u_004528,2025-12-08 20:22:01,LATAM,organic,False,android
u_004529,2025-11-23 15:43:20,NA,organic,False,android
u_004530,2025-11-14 17:42:04,APAC,organic,False,ios
u_004531,2025-11-15 13:23:01,NA,tiktok,False,ios
u_004532,2025-12-30 06:48:50,APAC,paid_search,True,ios
u_004533,2025-11-06 20:08:12,APAC,organic,False,android
u_004534,2025-12-20 16:52:00,NA,tiktok,False,ios
u_004535,2025-11-13 09:39:38,LATAM,youtube,False,ios
u_004536,2025-12-06 03:06:42,NA,organic,False,ios
u_004537,2025-11-23 23:05:15,NA,paid_search,False,android
u_004538,2025-11-28 16:41:38,APAC,organic,False,android
u_004539,2025-11-08 05:24:49,NA,influencer,False,web
u_004540,2025-11-28 13:33:15,NA,organic,True,web
u_004541,2025-11-24 10:27:33,EU,organic,True,android
u_004542,2025-11-05 18:40:21,APAC,organic,False,android
u_004543,2025-11-29 09:29:03,NA,organic,True,ios
u_004544,2025-12-01 06:38:16,EU,influencer,False,ios
u_004545,2025-12-13 03:51:09,APAC,organic,True,android
u_004546,2025-12-30 03:45:48,APAC,youtube,True,android
u_004547,2025-12-31 14:44:29,LATAM,organic,True,android
u_004548,2025-12-18 10:34:47,APAC,influencer,False,web
u_004549,2025-11-06 06:26:53,EU,youtube,True,ios
u_004550,2025-12-27 08:39:05,NA,tiktok,True,web
u_004551,2025-11-16 22:17:05,NA,organic,True,android
u_004552,2025-12-06 22:16:13,APAC,youtube,False,web
u_004553,2025-12-23 06:40:30,LATAM,organic,False,ios
u_004554,2025-11-07 11:16:54,APAC,organic,False,ios
u_004555,2025-11-19 04:51:59,NA,youtube,True,android
u_004556,2025-11-13 19:08:16,EU,paid_search,False,ios
u_004557,2025-12-19 07:18:17,EU,paid_search,False,web
u_004558,2025-11-20 19:07:23,APAC,tiktok,False,ios
u_004559,2025-12-04 09:00:14,APAC,tiktok,False,ios
u_004560,2025-11-18 05:30:55,EU,paid_search,False,web
u_004561,2025-12-14 08:09:24,NA,tiktok,False,android
u_004562,2026-01-01 09:02:04,LATAM,tiktok,False,ios
u_004563,2025-12-31 03:54:48,APAC,paid_search,False,ios
u_004564,2025-11-28 14:32:31,NA,organic,True,ios
u_004565,2025-11-24 16:24:59,NA,organic,False,android
u_004566,2025-11-17 08:52:16,LATAM,youtube,True,android
u_004567,2025-12-23 02:10:52,APAC,organic,False,ios
u_004568,2025-12-02 11:47:11,NA,organic,True,android
u_004569,2025-11-20 21:28:27,NA,tiktok,False,ios
u_004570,2025-12-14 01:29:47,NA,tiktok,False,ios
u_004571,2025-11-12 14:13:47,NA,paid_search,False,android
u_004572,2025-11-06 20:05:32,EU,organic,True,ios
u_004573,2025-12-12 21:41:34,EU,organic,False,ios
u_004574,2025-11-15 03:23:24,EU,organic,False,android
u_004575,2026-01-02 01:32:09,APAC,tiktok,True,web
u_004576,2025-11-23 12:32:25,NA,youtube,False,web
u_004577,2025-12-01 16:42:36,NA,tiktok,True,ios
u_004578,2025-12-04 09:56:47,NA,organic,False,web
u_004579,2025-11-21 05:34:53,NA,youtube,True,android
u_004580,2025-11-14 12:44:41,NA,tiktok,False,web
u_004581,2025-11-07 21:53:03,EU,organic,False,web
u_004582,2025-11-16 19:38:39,APAC,tiktok,False,android
u_004583,2025-12-14 14:48:43,APAC,tiktok,False,web
u_004584,2025-11-19 12:14:14,APAC,paid_search,False,ios
u_004585,2025-11-21 21:23:45,EU,influencer,True,android
u_004586,2025-12-15 07:58:09,APAC,youtube,False,android
u_004587,2025-11-22 03:06:34,NA,paid_search,False,android
u_004588,2025-12-25 03:24:14,LATAM,youtube,True,web
u_004589,2025-11-27 01:59:11,NA,paid_search,False,web
u_004590,2026-01-01 11:52:04,NA,organic,False,web
u_004591,2025-11-14 20:02:33,NA,tiktok,False,web
u_004592,2026-01-03 14:42:39,LATAM,youtube,False,ios
u_004593,2025-12-08 03:48:42,LATAM,tiktok,True,ios
u_004594,2025-12-11 18:01:56,APAC,organic,False,ios
u_004595,2025-12-01 10:21:02,EU,organic,False,web
u_004596,2025-12-23 02:13:04,EU,organic,True,ios
u_004597,2025-11-19 05:00:24,LATAM,organic,False,web
u_004598,2025-12-01 21:08:01,APAC,organic,False,web
u_004599,2025-12-24 16:45:19,LATAM,tiktok,False,ios
u_004600,2025-11-29 12:34:35,NA,influencer,False,ios
u_004601,2025-11-14 22:34:03,NA,youtube,True,android
u_004602,2025-12-19 02:43:08,APAC,influencer,False,android
u_004603,2025-11-30 22:58:13,NA,paid_search,False,ios
u_004604,2025-11-05 23:33:52,LATAM,tiktok,False,ios
u_004605,2025-12-18 05:12:51,EU,organic,False,web
u_004606,2025-11-25 12:06:52,LATAM,organic,False,web
u_004607,2025-12-13 14:37:54,NA,paid_search,False,android
u_004608,2025-11-08 20:51:34,APAC,organic,False,web
u_004609,2025-12-11 12:31:44,EU,youtube,False,ios
u_004610,2025-11-07 16:53:18,EU,organic,False,web
u_004611,2025-12-17 04:53:33,EU,paid_search,False,web
u_004612,2025-11-28 17:40:17,LATAM,tiktok,False,android
u_004613,2025-11-27 05:20:54,APAC,influencer,True,web
u_004614,2025-12-15 06:35:20,NA,organic,False,ios
u_004615,2025-12-27 23:21:21,LATAM,organic,False,web
u_004616,2025-12-07 14:11:44,NA,tiktok,False,ios
u_004617,2025-12-30 20:38:27,NA,paid_search,False,ios
u_004618,2025-12-19 04:11:16,NA,tiktok,False,ios
u_004619,2025-11-28 18:36:01,APAC,paid_search,False,android
u_004620,2025-11-29 14:00:19,NA,youtube,True,web
u_004621,2025-11-12 10:58:34,NA,youtube,True,ios
u_004622,2025-12-16 22:12:22,LATAM,tiktok,False,ios
u_004623,2025-12-08 15:07:05,APAC,organic,False,android
u_004624,2025-11-13 00:28:33,NA,organic,False,web
u_004625,2025-12-01 13:32:15,APAC,paid_search,False,web
u_004626,2025-12-25 08:34:25,LATAM,paid_search,False,web
u_004627,2025-11-11 18:58:00,NA,youtube,False,web
u_004628,2025-11-20 19:53:13,APAC,organic,False,web
u_004629,2025-11-19 07:41:22,EU,organic,False,web
u_004630,2025-12-23 22:26:26,EU,paid_search,False,ios
u_004631,2025-11-11 19:44:21,EU,organic,False,android
u_004632,2025-12-14 18:13:22,APAC,influencer,False,web
u_004633,2025-11-12 03:22:11,NA,organic,False,android
u_004634,2025-12-24 18:35:35,APAC,tiktok,False,android
u_004635,2025-11-26 12:46:47,NA,influencer,False,android
u_004636,2025-12-07 22:35:25,EU,organic,False,android
u_004637,2025-12-31 08:13:46,NA,organic,True,android
u_004638,2025-12-18 18:46:03,APAC,paid_search,False,android
u_004639,2025-11-10 11:18:41,NA,youtube,False,ios
u_004640,2025-12-16 02:50:02,EU,youtube,False,ios
u_004641,2025-11-24 12:26:33,NA,youtube,False,android
u_004642,2025-11-20 04:59:28,APAC,organic,True,ios
u_004643,2025-11-08 08:53:52,EU,organic,True,web
u_004644,2025-12-23 20:55:27,APAC,tiktok,False,android
u_004645,2025-12-29 13:17:11,NA,organic,True,ios
u_004646,2025-12-18 17:47:37,NA,tiktok,False,android
u_004647,2025-11-15 01:08:10,EU,youtube,True,web
u_004648,2025-12-16 19:23:48,LATAM,organic,False,ios
u_004649,2025-12-09 16:27:19,NA,youtube,True,web
u_004650,2025-11-18 04:04:32,NA,organic,False,android
u_004651,2025-11-22 04:41:55,NA,organic,False,web
u_004652,2025-11-22 00:00:22,EU,tiktok,True,android
u_004653,2025-11-13 20:19:40,NA,influencer,False,web
u_004654,2025-12-03 14:18:51,APAC,organic,False,web
u_004655,2025-12-30 02:08:32,NA,tiktok,False,web
u_004656,2025-11-10 20:59:44,NA,youtube,True,web
u_004657,2025-11-07 15:14:42,NA,organic,False,ios
u_004658,2025-11-29 15:39:44,EU,tiktok,False,web
u_004659,2025-11-27 22:20:40,APAC,paid_search,False,ios
u_004660,2025-12-24 15:19:21,NA,tiktok,False,web
u_004661,2025-12-02 23:11:42,LATAM,organic,False,android
u_004662,2025-12-12 05:44:00,NA,youtube,False,web
u_004663,2025-12-13 07:03:55,APAC,tiktok,False,ios
u_004664,2025-12-21 10:01:29,EU,organic,True,ios
u_004665,2025-12-08 20:06:56,NA,organic,False,android
u_004666,2025-12-25 07:29:49,APAC,organic,False,android
u_004667,2025-11-09 09:30:13,APAC,organic,False,android
u_004668,2025-11-15 06:45:46,NA,organic,False,web
u_004669,2025-11-15 20:40:48,EU,tiktok,False,android
u_004670,2025-12-19 00:18:15,NA,organic,False,android
u_004671,2025-11-15 10:31:58,APAC,paid_search,False,android
u_004672,2025-11-13 03:49:50,NA,tiktok,False,web
u_004673,2025-12-21 14:18:03,APAC,influencer,True,android
u_004674,2025-12-08 22:51:41,NA,tiktok,False,ios
u_004675,2025-12-17 15:50:39,NA,organic,False,ios
u_004676,2025-12-08 03:55:21,NA,tiktok,False,ios
u_004677,2025-11-15 01:59:08,NA,influencer,False,ios
u_004678,2025-11-19 02:59:03,EU,organic,False,ios
u_004679,2025-11-18 14:21:01,NA,organic,False,ios
u_004680,2025-12-31 22:55:12,APAC,organic,False,android
u_004681,2025-12-28 14:34:08,NA,organic,False,ios
u_004682,2025-11-21 06:28:13,APAC,organic,True,ios
u_004683,2025-12-01 01:50:14,EU,organic,False,web
u_004684,2025-11-18 05:05:27,LATAM,organic,True,android
u_004685,2025-12-27 00:09:17,LATAM,youtube,False,ios
u_004686,2025-12-27 20:22:58,APAC,organic,False,web
u_004687,2025-11-14 10:08:56,APAC,youtube,False,android
u_004688,2025-11-21 01:02:36,NA,tiktok,False,web
u_004689,2025-12-19 09:25:39,APAC,tiktok,True,web
u_004690,2025-12-19 07:38:06,LATAM,organic,False,ios
u_004691,2025-11-17 01:28:26,NA,tiktok,False,ios
u_004692,2025-12-02 23:07:53,EU,organic,False,web
u_004693,2025-12-03 16:18:27,NA,tiktok,False,web
u_004694,2025-12-28 08:42:10,EU,tiktok,False,android
u_004695,2025-12-17 08:40:03,EU,organic,False,web
u_004696,2025-11-28 03:44:35,EU,organic,False,web
u_004697,2026-01-02 06:35:57,EU,organic,False,android
u_004698,2025-11-07 03:01:16,LATAM,organic,False,web
u_004699,2025-12-31 03:22:08,EU,organic,False,ios
u_004700,2025-12-22 17:46:40,APAC,paid_search,False,web
u_004701,2025-11-18 21:57:24,NA,organic,True,ios
u_004702,2025-11-19 15:10:15,NA,tiktok,False,ios
u_004703,2025-12-04 20:46:52,EU,youtube,True,android
u_004704,2025-11-10 21:53:47,NA,youtube,True,ios
u_004705,2025-12-20 06:39:46,NA,paid_search,False,ios
u_004706,2025-11-15 16:52:27,EU,influencer,True,android
u_004707,2025-12-04 04:59:29,EU,youtube,False,android
u_004708,2025-12-13 19:09:56,EU,paid_search,True,web
u_004709,2025-12-06 14:40:45,NA,organic,True,android
u_004710,2025-12-14 05:53:11,NA,tiktok,True,ios
u_004711,2025-11-22 18:58:14,EU,paid_search,True,ios
u_004712,2026-01-01 22:29:11,NA,youtube,False,ios
u_004713,2025-11-12 03:46:56,NA,paid_search,False,ios
u_004714,2025-12-26 01:20:56,NA,organic,False,web
u_004715,2025-11-24 01:55:12,NA,tiktok,False,ios
u_004716,2025-12-14 14:28:25,NA,paid_search,False,ios
u_004717,2025-12-19 21:41:39,NA,organic,True,web
u_004718,2025-12-24 10:04:44,NA,youtube,False,ios
u_004719,2026-01-03 00:35:05,EU,organic,True,android
u_004720,2025-11-24 19:50:33,NA,youtube,False,ios
u_004721,2025-12-11 18:09:43,NA,paid_search,True,ios
u_004722,2025-11-30 23:28:47,LATAM,organic,False,android
u_004723,2025-11-09 12:44:11,APAC,organic,True,ios
u_004724,2025-12-05 18:44:44,NA,organic,True,web
u_004725,2025-11-09 05:48:27,LATAM,paid_search,False,ios
u_004726,2025-12-06 02:55:40,NA,youtube,False,web
u_004727,2025-11-19 09:41:16,NA,organic,False,android
u_004728,2025-12-01 00:25:55,LATAM,organic,False,android
u_004729,2025-12-16 22:56:16,APAC,influencer,False,ios
u_004730,2025-11-15 17:42:32,EU,influencer,False,ios
u_004731,2025-12-28 09:08:23,EU,organic,False,ios
u_004732,2025-12-09 20:40:37,APAC,organic,False,web
u_004733,2025-11-17 09:16:10,NA,youtube,False,android
u_004734,2025-11-25 17:04:57,NA,tiktok,False,ios
u_004735,2025-12-29 11:58:48,EU,paid_search,False,web
u_004736,2025-12-05 23:30:27,LATAM,tiktok,False,android
u_004737,2025-12-28 17:06:37,NA,youtube,False,web
u_004738,2026-01-01 20:16:28,APAC,tiktok,False,android
u_004739,2026-01-04 03:11:51,NA,paid_search,False,ios
u_004740,2025-11-29 18:41:54,EU,organic,False,ios
u_004741,2025-12-10 17:36:46,EU,organic,False,web
u_004742,2025-11-29 03:18:38,APAC,organic,False,web
u_004743,2026-01-03 16:08:57,NA,influencer,True,android
u_004744,2025-12-21 06:56:56,NA,tiktok,False,ios
u_004745,2025-11-29 03:16:38,EU,organic,True,android
u_004746,2025-12-23 04:07:24,NA,tiktok,False,ios
u_004747,2025-11-26 01:05:50,NA,organic,False,android
u_004748,2025-12-27 23:46:01,EU,organic,False,android
u_004749,2025-12-31 04:35:43,EU,organic,False,ios
u_004750,2025-11-05 17:16:17,NA,tiktok,True,ios
u_004751,2025-12-26 18:50:54,EU,youtube,True,android
u_004752,2026-01-03 18:16:47,LATAM,influencer,False,web
u_004753,2025-11-29 21:44:59,NA,paid_search,True,android
u_004754,2025-11-30 18:29:17,EU,tiktok,False,ios
u_004755,2026-01-02 20:47:41,NA,youtube,False,ios
u_004756,2025-11-25 19:10:26,NA,organic,False,web
u_004757,2025-12-12 13:18:28,NA,organic,False,android
u_004758,2025-12-27 06:25:10,NA,organic,False,web
u_004759,2025-12-02 08:40:06,APAC,tiktok,False,android
u_004760,2025-11-20 09:52:21,NA,organic,False,ios
u_004761,2025-12-22 05:58:40,EU,organic,True,web
u_004762,2026-01-01 06:32:13,NA,youtube,False,android
u_004763,2025-12-06 02:24:29,NA,organic,False,android
u_004764,2025-12-04 23:18:08,EU,tiktok,True,android
u_004765,2025-11-27 22:51:50,APAC,tiktok,False,ios
u_004766,2025-12-24 13:10:50,APAC,organic,False,ios
u_004767,2025-11-30 19:58:58,APAC,organic,False,ios
u_004768,2025-12-28 01:10:02,NA,organic,False,ios
u_004769,2026-01-02 09:02:46,APAC,organic,False,web
u_004770,2025-12-22 01:49:30,NA,tiktok,False,web
u_004771,2025-11-05 16:32:36,APAC,youtube,False,android
u_004772,2025-12-23 01:41:33,LATAM,organic,False,ios
u_004773,2025-11-21 11:01:56,NA,organic,False,android
u_004774,2025-12-04 02:18:15,NA,influencer,False,web
u_004775,2025-12-02 10:24:59,EU,organic,True,android
u_004776,2025-11-20 18:47:10,APAC,organic,True,ios
u_004777,2025-12-17 07:40:59,NA,tiktok,False,android
u_004778,2025-11-07 01:30:29,LATAM,youtube,False,ios
u_004779,2025-11-27 18:22:06,EU,tiktok,False,android
u_004780,2025-12-20 02:38:06,NA,youtube,False,ios
u_004781,2026-01-02 19:38:18,NA,organic,True,ios
u_004782,2025-11-25 17:43:37,APAC,tiktok,False,web
u_004783,2025-12-19 08:28:03,NA,organic,True,ios
u_004784,2025-11-10 12:02:15,NA,youtube,False,android
u_004785,2025-12-01 16:24:33,EU,influencer,False,web
u_004786,2025-11-23 22:02:25,EU,organic,False,ios
u_004787,2025-11-06 06:51:40,APAC,organic,True,web
u_004788,2025-12-20 00:02:31,NA,organic,False,android
u_004789,2025-11-28 04:04:57,APAC,organic,False,android
u_004790,2025-11-06 07:54:56,LATAM,organic,False,ios
u_004791,2026-01-02 17:33:53,NA,tiktok,False,web
u_004792,2026-01-03 03:45:25,APAC,paid_search,False,ios
u_004793,2025-12-10 03:53:29,LATAM,organic,False,web
u_004794,2025-12-23 04:13:10,APAC,organic,False,ios
u_004795,2025-11-09 21:23:42,APAC,organic,False,web
u_004796,2025-11-19 05:54:02,NA,organic,False,ios
u_004797,2025-12-04 17:03:33,EU,organic,False,web
u_004798,2025-11-05 19:18:42,EU,youtube,False,web
u_004799,2025-12-02 01:45:51,APAC,organic,True,web
u_004800,2025-11-27 01:37:58,LATAM,paid_search,False,ios
u_004801,2026-01-02 09:42:36,NA,tiktok,True,ios
u_004802,2025-12-28 01:40:03,NA,tiktok,False,web
u_004803,2025-12-12 14:10:04,NA,organic,False,ios
u_004804,2025-12-21 21:21:51,APAC,youtube,False,android
u_004805,2025-11-09 15:05:09,NA,tiktok,False,web
u_004806,2025-11-11 02:47:14,EU,organic,False,android
u_004807,2025-12-08 13:10:38,NA,organic,False,ios
u_004808,2025-11-12 08:08:12,EU,paid_search,False,web
u_004809,2025-12-07 09:39:08,NA,organic,False,ios
u_004810,2025-11-27 10:57:00,APAC,tiktok,False,ios
u_004811,2025-11-12 21:03:28,EU,organic,False,ios
u_004812,2025-11-27 06:53:42,LATAM,organic,True,web
u_004813,2026-01-04 00:59:22,EU,organic,False,android
u_004814,2025-12-18 17:15:35,NA,organic,False,ios
u_004815,2025-11-25 00:48:39,NA,youtube,False,ios
u_004816,2025-12-05 23:32:47,LATAM,tiktok,False,web
u_004817,2025-11-12 14:30:17,APAC,youtube,False,web
u_004818,2025-12-22 16:16:34,NA,youtube,False,ios
u_004819,2025-12-15 06:01:19,APAC,organic,False,ios
u_004820,2025-12-16 16:04:20,NA,tiktok,False,android
u_004821,2025-11-13 10:21:20,NA,youtube,True,ios
u_004822,2025-12-17 00:24:00,NA,youtube,False,web
u_004823,2025-11-08 14:45:29,APAC,tiktok,False,ios
u_004824,2025-12-11 04:27:43,NA,youtube,False,web
u_004825,2025-12-13 23:31:29,NA,organic,False,ios
u_004826,2025-12-05 11:55:43,NA,youtube,True,android
u_004827,2025-12-18 20:02:51,NA,organic,False,ios
u_004828,2025-11-11 08:27:38,EU,tiktok,False,android
u_004829,2025-12-13 04:55:27,NA,organic,False,android
u_004830,2025-12-03 12:43:30,NA,influencer,False,ios
u_004831,2025-12-26 05:43:33,LATAM,tiktok,False,web
u_004832,2025-12-26 06:38:46,NA,youtube,False,ios
u_004833,2025-11-30 07:45:11,NA,youtube,True,web
u_004834,2025-12-27 18:35:08,EU,paid_search,False,ios
u_004835,2025-11-11 15:05:23,EU,youtube,False,android
u_004836,2025-11-14 10:33:12,APAC,organic,False,ios
u_004837,2025-12-15 15:56:17,NA,influencer,False,android
u_004838,2025-12-03 17:58:35,APAC,tiktok,False,android
u_004839,2025-11-16 10:46:46,APAC,tiktok,True,android
u_004840,2025-12-21 16:26:25,APAC,paid_search,False,web
u_004841,2025-11-15 17:51:54,NA,organic,False,android
u_004842,2025-12-07 23:33:17,NA,organic,False,ios
u_004843,2025-11-20 09:47:46,EU,tiktok,False,web
u_004844,2025-11-13 22:04:52,APAC,youtube,True,android
u_004845,2025-11-12 23:37:07,EU,tiktok,False,android
u_004846,2025-12-12 08:07:21,NA,youtube,False,ios
u_004847,2025-12-21 09:26:42,NA,tiktok,True,android
u_004848,2025-12-13 13:20:12,APAC,tiktok,False,web
u_004849,2025-12-05 23:53:20,APAC,influencer,False,ios
u_004850,2026-01-01 00:46:15,NA,organic,False,web
u_004851,2025-12-22 21:57:46,NA,youtube,False,ios
u_004852,2025-11-06 17:36:09,NA,youtube,False,ios
u_004853,2025-12-12 22:52:56,EU,tiktok,True,web
u_004854,2025-12-27 17:56:47,APAC,organic,False,ios
u_004855,2025-12-17 20:40:37,APAC,organic,False,web
u_004856,2025-12-24 06:05:04,EU,youtube,False,web
u_004857,2025-11-11 06:25:46,NA,organic,False,ios
u_004858,2025-12-05 09:49:58,APAC,organic,True,ios
u_004859,2025-12-22 02:10:28,LATAM,organic,False,web
u_004860,2025-12-01 20:44:02,LATAM,tiktok,False,web
u_004861,2025-12-18 02:27:25,APAC,youtube,False,web
u_004862,2025-11-10 09:55:49,NA,youtube,False,web
u_004863,2025-12-02 00:47:37,APAC,organic,False,ios
u_004864,2025-12-25 00:03:29,APAC,youtube,False,android
u_004865,2025-11-24 20:28:16,APAC,youtube,False,web
u_004866,2025-12-24 07:04:25,NA,organic,True,ios
u_004867,2025-11-16 15:13:49,LATAM,organic,False,web
u_004868,2025-12-20 17:39:01,EU,paid_search,True,ios
u_004869,2025-11-08 17:39:18,NA,youtube,False,web
u_004870,2025-12-04 15:54:52,NA,youtube,True,android
u_004871,2025-11-17 11:48:03,EU,organic,False,ios
u_004872,2025-11-07 22:55:00,NA,influencer,True,ios
u_004873,2025-12-06 14:26:05,NA,tiktok,True,ios
u_004874,2025-12-10 01:57:19,APAC,influencer,False,web
u_004875,2025-12-18 06:54:41,APAC,paid_search,False,android
u_004876,2025-12-03 15:58:35,APAC,paid_search,False,web
u_004877,2025-12-13 12:28:51,NA,influencer,False,web
u_004878,2025-11-27 13:02:55,APAC,organic,True,web
u_004879,2025-12-18 13:32:12,NA,paid_search,False,web
u_004880,2025-12-12 22:23:06,NA,organic,False,web
u_004881,2025-12-11 19:26:20,NA,influencer,False,ios
u_004882,2025-11-16 00:09:39,APAC,organic,False,web
u_004883,2025-12-28 05:19:40,NA,tiktok,False,ios
u_004884,2025-11-24 20:40:18,NA,organic,False,web
u_004885,2025-12-30 00:13:11,NA,youtube,True,android
u_004886,2025-12-30 17:12:29,EU,organic,False,web
u_004887,2025-11-21 21:55:50,LATAM,tiktok,False,ios
u_004888,2025-11-08 21:31:11,LATAM,influencer,False,ios
u_004889,2025-12-06 23:56:12,NA,youtube,False,web
u_004890,2025-12-08 08:12:38,NA,organic,False,web
u_004891,2025-12-24 21:14:17,NA,tiktok,True,web
u_004892,2025-11-09 09:28:51,APAC,organic,False,web
u_004893,2026-01-04 04:22:39,NA,youtube,False,web
u_004894,2025-11-22 22:43:40,NA,paid_search,True,ios
u_004895,2025-12-16 17:12:46,EU,youtube,True,ios
u_004896,2025-12-26 21:59:37,NA,organic,True,ios
u_004897,2025-12-08 13:05:49,NA,organic,False,web
u_004898,2025-12-02 02:14:19,NA,paid_search,False,android
u_004899,2025-11-22 02:08:30,NA,organic,True,web
u_004900,2026-01-01 01:06:45,EU,tiktok,True,ios
u_004901,2025-11-30 03:13:47,LATAM,tiktok,False,web
u_004902,2025-12-17 17:29:52,NA,youtube,False,web
u_004903,2025-12-21 08:07:22,NA,influencer,False,ios
u_004904,2025-11-14 14:34:53,LATAM,organic,False,ios
u_004905,2025-12-22 12:52:42,APAC,youtube,False,ios
u_004906,2025-12-16 21:12:31,NA,tiktok,True,ios
u_004907,2025-11-16 14:05:52,APAC,organic,False,android
u_004908,2025-12-30 00:12:57,NA,organic,False,ios
u_004909,2025-11-18 07:53:00,APAC,tiktok,False,ios
u_004910,2025-11-10 06:13:25,LATAM,organic,False,web
u_004911,2025-12-23 15:49:56,EU,influencer,False,web
u_004912,2025-11-14 18:36:14,EU,organic,False,ios
u_004913,2025-11-28 18:40:33,NA,organic,False,web
u_004914,2025-12-18 23:55:31,EU,organic,False,ios
u_004915,2025-11-08 11:38:43,EU,organic,False,web
u_004916,2025-12-12 22:55:30,EU,tiktok,False,android
u_004917,2025-12-10 06:33:05,NA,organic,True,android
u_004918,2025-12-06 20:06:08,EU,youtube,True,web
u_004919,2025-12-03 00:40:43,EU,paid_search,False,android
u_004920,2025-11-06 10:05:08,NA,youtube,True,android
u_004921,2025-12-08 13:15:34,NA,organic,False,android
u_004922,2025-12-10 19:43:13,NA,paid_search,False,web
u_004923,2025-11-09 15:10:21,APAC,organic,False,android
u_004924,2025-11-11 09:43:11,EU,tiktok,False,web
u_004925,2025-12-25 13:54:33,APAC,tiktok,False,ios
u_004926,2025-11-19 04:05:03,NA,organic,True,ios
u_004927,2025-12-12 23:52:42,LATAM,paid_search,False,ios
u_004928,2025-12-15 06:31:38,APAC,organic,False,web
u_004929,2025-12-14 21:28:51,NA,tiktok,False,android
u_004930,2025-11-22 19:59:22,NA,organic,True,ios
u_004931,2025-12-22 23:57:10,NA,youtube,True,web
u_004932,2025-11-28 21:23:30,LATAM,youtube,False,ios
u_004933,2025-12-03 01:38:43,NA,organic,True,android
u_004934,2025-12-12 09:54:58,NA,youtube,False,android
u_004935,2025-11-22 07:51:33,NA,youtube,False,ios
u_004936,2025-12-24 17:32:34,APAC,tiktok,False,web
u_004937,2025-12-18 23:22:18,NA,tiktok,False,web
u_004938,2025-12-31 15:39:34,NA,tiktok,True,web
u_004939,2025-11-18 22:54:23,NA,organic,False,web
u_004940,2025-12-10 19:49:14,NA,youtube,False,ios
u_004941,2025-12-06 03:07:44,NA,tiktok,False,web
u_004942,2025-12-26 12:21:54,EU,tiktok,False,web
u_004943,2025-12-14 15:59:36,APAC,influencer,False,android
u_004944,2025-12-16 04:55:31,APAC,organic,False,ios
u_004945,2025-12-16 17:52:12,APAC,organic,False,android
u_004946,2025-12-16 17:16:02,NA,organic,False,ios
u_004947,2025-12-23 13:30:46,APAC,organic,False,ios
u_004948,2025-11-29 08:05:17,NA,organic,False,web
u_004949,2025-11-23 23:46:24,NA,paid_search,True,ios
u_004950,2025-12-18 14:12:31,LATAM,organic,False,ios
u_004951,2025-11-29 05:13:48,APAC,youtube,False,ios
u_004952,2025-11-11 20:16:54,EU,organic,False,android
u_004953,2025-11-17 20:05:06,APAC,tiktok,False,android
u_004954,2025-11-26 23:05:26,LATAM,paid_search,True,ios
u_004955,2025-12-07 21:32:26,EU,organic,True,web
u_004956,2025-11-25 05:10:15,EU,influencer,True,android
u_004957,2025-11-30 18:09:15,APAC,paid_search,False,ios
u_004958,2025-11-18 16:28:23,NA,tiktok,False,ios
u_004959,2025-11-18 04:28:35,NA,organic,False,ios
u_004960,2025-12-18 05:40:43,APAC,youtube,True,web
u_004961,2025-12-21 18:45:09,NA,influencer,False,web
u_004962,2025-11-30 14:09:39,NA,organic,False,web
u_004963,2025-11-21 15:39:59,NA,tiktok,False,web
u_004964,2025-11-25 04:07:18,NA,organic,False,ios
u_004965,2025-11-05 18:37:48,LATAM,organic,False,web
u_004966,2025-12-29 03:51:12,APAC,influencer,False,android
u_004967,2025-11-25 05:19:07,EU,tiktok,True,ios
u_004968,2025-12-23 11:58:57,LATAM,organic,True,ios
u_004969,2025-12-17 22:28:25,LATAM,tiktok,True,web
u_004970,2025-11-29 10:20:11,EU,organic,False,ios
u_004971,2025-12-22 17:46:41,LATAM,organic,False,web
u_004972,2025-11-30 02:11:53,NA,tiktok,True,ios
u_004973,2025-12-04 22:39:38,NA,tiktok,False,android
u_004974,2026-01-03 04:29:24,NA,organic,False,ios
u_004975,2025-12-19 20:20:19,EU,organic,False,web
u_004976,2025-12-27 04:19:43,EU,tiktok,False,android
u_004977,2025-12-27 09:11:09,EU,influencer,False,web
u_004978,2025-11-27 21:07:34,APAC,influencer,False,web
u_004979,2025-12-24 19:20:59,NA,organic,False,ios
u_004980,2025-11-11 19:10:30,NA,tiktok,False,android
u_004981,2025-11-10 07:19:20,EU,influencer,False,web
u_004982,2025-12-14 10:26:10,NA,tiktok,True,android
u_004983,2025-12-02 13:01:58,EU,paid_search,False,web
u_004984,2025-11-29 19:46:47,EU,paid_search,False,web
u_004985,2025-11-20 22:22:26,EU,organic,False,ios
u_004986,2025-12-13 11:12:32,NA,organic,False,web
u_004987,2025-11-21 08:27:44,EU,organic,False,web
u_004988,2025-11-20 18:34:53,APAC,organic,False,web
u_004989,2025-12-02 10:01:43,LATAM,paid_search,True,web
u_004990,2025-12-26 20:02:51,APAC,paid_search,False,web
u_004991,2025-12-12 04:48:39,EU,organic,True,ios
u_004992,2025-12-27 20:48:50,NA,tiktok,True,ios
u_004993,2025-12-28 16:10:00,APAC,tiktok,False,android
u_004994,2025-11-30 09:48:31,LATAM,organic,True,ios
u_004995,2025-12-18 03:07:07,NA,youtube,False,ios
u_004996,2026-01-02 07:59:19,NA,paid_search,False,ios
u_004997,2025-12-07 19:56:46,NA,organic,False,android
u_004998,2025-12-29 17:33:53,APAC,organic,True,web
u_004999,2025-11-21 13:45:34,NA,organic,False,web
u_005000,2025-11-22 05:13:53,NA,organic,False,ios

