user_id,plan,subscription_start,subscription_end,is_trial,converted_to_paid,conversion_timestamp
u_000001,free,,,False,False,
u_000002,free,,,False,False,
u_000003,free,,,False,False,
u_000004,free,,,False,False,
u_000005,free,,,False,False,
u_000006,free,,,False,False,
u_000007,free,,,False,False,
u_000008,pro,2025-11-27 22:47:24,2026-01-01 22:47:24,True,True,2025-11-27 22:47:24
u_000009,free,,,False,False,
u_000010,free,,,False,False,
u_000011,free,,,False,False,
u_000012,free,,,False,False,
u_000013,free,,,False,False,
u_000014,free,,,False,False,
u_000015,free,,,False,False,
u_000016,free,,,False,False,
u_000017,free,,,False,False,
u_000018,free,,,False,False,
u_000019,plus,2026-01-04 04:38:45,,False,True,2026-01-04 04:38:45
u_000020,free,,,False,False,
u_000021,free,,,False,False,
u_000022,free,,,False,False,
u_000023,free,,,False,False,
u_000024,free,,,False,False,
u_000025,plus,2025-12-06 19:29:50,,True,True,2025-12-06 19:29:50
u_000026,free,,,False,False,
u_000027,free,,,False,False,
u_000028,free,,,False,False,
u_000029,free,,,False,False,
u_000030,free,,,False,False,
u_000031,free,,,False,False,
u_000032,free,,,False,False,
u_000033,free,,,False,False,
u_000034,free,,,False,False,
u_000035,free,,,False,False,
u_000036,free,,,False,False,
u_000037,free,,,False,False,
u_000038,free,,,False,False,
u_000039,plus,2025-11-29 10:39:10,,False,True,2025-11-29 10:39:10
u_000040,free,,,False,False,
u_000041,free,,,False,False,
u_000042,pro,2025-12-21 22:44:01,,False,True,2025-12-21 22:44:01
u_000043,free,,,False,False,
u_000044,free,,,False,False,
u_000045,free,,,False,False,
u_000046,free,,,False,False,
u_000047,free,,,False,False,
u_000048,free,,,False,False,
u_000049,free,,,False,False,
u_000050,free,,,False,False,
u_000051,free,,,False,False,
u_000052,free,,,False,False,
u_000053,free,,,False,False,
u_000054,free,,,False,False,
u_000055,free,,,False,False,
u_000056,free,,,False,False,
u_000057,free,,,False,False,
u_000058,free,,,False,False,
u_000059,free,,,False,False,
u_000060,free,,,False,False,
u_000061,free,,,False,False,
u_000062,free,,,False,False,
u_000063,free,,,False,False,
u_000064,free,,,False,False,
u_000065,free,,,False,False,
u_000066,free,,,False,False,
u_000067,free,,,False,False,
u_000068,free,,,False,False,
u_000069,free,,,False,False,
u_000070,free,,,False,False,
u_000071,free,,,False,False,
u_000072,free,,,False,False,
u_000073,free,,,False,False,
u_000074,free,,,False,False,
u_000075,plus,2025-11-23 12:52:06,,True,True,2025-11-23 12:52:06
u_000076,pro,2025-12-03 18:32:16,,True,True,2025-12-03 18:32:16
u_000077,free,,,False,False,
u_000078,free,,,False,False,
u_000079,free,,,False,False,
u_000080,free,,,False,False,
u_000081,free,,,False,False,
u_000082,free,,,False,False,
u_000083,free,,,False,False,
u_000084,free,,,False,False,
u_000085,free,,,False,False,
u_000086,free,,,False,False,
u_000087,free,,,False,False,
u_000088,free,,,False,False,
u_000089,free,,,False,False,
u_000090,free,,,False,False,
u_000091,free,,,False,False,
u_000092,free,,,False,False,
u_000093,free,,,False,False,
u_000094,free,,,False,False,
u_000095,plus,2025-11-30 09:36:11,,True,True,2025-11-30 09:36:11
u_000096,free,,,False,False,
u_000097,free,,,False,False,
u_000098,free,,,False,False,
u_000099,free,,,False,False,
u_000100,free,,,False,False,
u_000101,free,,,False,False,
u_000102,free,,,False,False,
u_000103,free,,,False,False,
u_000104,free,,,False,False,
u_000105,free,,,False,False,
u_000106,free,,,False,False,
u_000107,free,,,False,False,
u_000108,free,,,False,False,
u_000109,free,,,False,False,
u_000110,free,,,False,False,
u_000111,free,,,False,False,
u_000112,free,,,False,False,
u_000113,free,,,False,False,
u_000114,free,,,False,False,
u_000115,free,,,False,False,
u_000116,free,,,False,False,
u_000117,free,,,False,False,
u_000118,free,,,False,False,
u_000119,free,,,False,False,
u_000120,free,,,False,False,
u_000121,free,,,False,False,
u_000122,free,,,False,False,
u_000123,free,,,False,False,
u_000124,free,,,False,False,
u_000125,free,,,False,False,
u_000126,free,,,False,False,
u_000127,free,,,False,False,
u_000128,free,,,False,False,
u_000129,free,,,False,False,
u_000130,free,,,False,False,
u_000131,free,,,False,False,
u_000132,free,,,False,False,
u_000133,free,,,False,False,
u_000134,free,,,False,False,
u_000135,free,,,False,False,
u_000136,free,,,False,False,
u_000137,free,,,False,False,
u_000138,free,,,False,False,
u_000139,free,,,False,False,
u_000140,free,,,False,False,
u_000141,free,,,False,False,
u_000142,free,,,False,False,
u_000143,free,,,False,False,
u_000144,free,,,False,False,
u_000145,free,,,False,False,
u_000146,free,,,False,False,
u_000147,free,,,False,False,
u_000148,free,,,False,False,
u_000149,free,,,False,False,
u_000150,free,,,False,False,
u_000151,free,,,False,False,
u_000152,free,,,False,False,
u_000153,free,,,False,False,
u_000154,free,,,False,False,
u_000155,free,,,False,False,
u_000156,free,,,False,False,
u_000157,free,,,False,False,
u_000158,free,,,False,False,
u_000159,free,,,False,False,
u_000160,free,,,False,False,
u_000161,free,,,False,False,
u_000162,free,,,False,False,
u_000163,free,,,False,False,
u_000164,free,,,False,False,
u_000165,free,,,False,False,
u_000166,free,,,False,False,
u_000167,free,,,False,False,
u_000168,free,,,False,False,
u_000169,plus,2026-01-04 05:28:27,,True,True,2026-01-04 05:28:27
u_000170,free,,,False,False,
u_000171,free,,,False,False,
u_000172,free,,,False,False,
u_000173,free,,,False,False,
u_000174,free,,,False,False,
u_000175,free,,,False,False,
u_000176,free,,,False,False,
u_000177,free,,,False,False,
u_000178,free,,,False,False,
u_000179,free,,,False,False,
u_000180,free,,,False,False,
u_000181,plus,2025-11-10 20:53:38,,False,True,2025-11-10 20:53:38
u_000182,free,,,False,False,
u_000183,free,,,False,False,
u_000184,free,,,False,False,
u_000185,free,,,False,False,
u_000186,free,,,False,False,
u_000187,free,,,False,False,
u_000188,free,,,False,False,
u_000189,free,,,False,False,
u_000190,free,,,False,False,
u_000191,plus,2025-11-29 06:16:25,,True,True,2025-11-29 06:16:25
u_000192,free,,,False,False,
u_000193,free,,,False,False,
u_000194,free,,,False,False,
u_000195,free,,,False,False,
u_000196,free,,,False,False,
u_000197,free,,,False,False,
u_000198,free,,,False,False,
u_000199,free,,,False,False,
u_000200,free,,,False,False,
u_000201,free,,,False,False,
u_000202,free,,,False,False,
u_000203,free,,,False,False,
u_000204,free,,,False,False,
u_000205,free,,,False,False,
u_000206,free,,,False,False,
u_000207,free,,,False,False,
u_000208,free,,,False,False,
u_000209,free,,,False,False,
u_000210,free,,,False,False,
u_000211,free,,,False,False,
u_000212,pro,2025-12-09 04:34:32,2026-02-02 04:34:32,True,True,2025-12-09 04:34:32
u_000213,plus,2025-12-08 10:01:53,,True,True,2025-12-08 10:01:53
u_000214,free,,,False,False,
u_000215,free,,,False,False,
u_000216,free,,,False,False,
u_000217,free,,,False,False,
u_000218,free,,,False,False,
u_000219,free,,,False,False,
u_000220,free,,,False,False,
u_000221,free,,,False,False,
u_000222,free,,,False,False,
u_000223,free,,,False,False,
u_000224,free,,,False,False,
u_000225,free,,,False,False,
u_000226,free,,,False,False,
u_000227,free,,,False,False,
u_000228,free,,,False,False,
u_000229,free,,,False,False,
u_000230,free,,,False,False,
u_000231,free,,,False,False,
u_000232,free,,,False,False,
u_000233,free,,,False,False,
u_000234,free,,,False,False,
u_000235,free,,,False,False,
u_000236,free,,,False,False,
u_000237,free,,,False,False,
u_000238,free,,,False,False,
u_000239,free,,,False,False,
u_000240,free,,,False,False,
u_000241,free,,,False,False,
u_000242,free,,,False,False,
u_000243,free,,,False,False,
u_000244,free,,,False,False,
u_000245,free,,,False,False,
u_000246,free,,,False,False,
u_000247,free,,,False,False,
u_000248,free,,,False,False,
u_000249,free,,,False,False,
u_000250,free,,,False,False,
u_000251,free,,,False,False,
u_000252,free,,,False,False,
u_000253,free,,,False,False,
u_000254,free,,,False,False,
u_000255,plus,2025-11-18 17:22:16,,True,True,2025-11-18 17:22:16
u_000256,free,,,False,False,
u_000257,free,,,False,False,
u_000258,free,,,False,False,
u_000259,plus,2026-01-02 10:56:39,,True,True,2026-01-02 10:56:39
u_000260,free,,,False,False,
u_000261,plus,2025-11-29 20:00:51,2026-02-24 20:00:51,False,True,2025-11-29 20:00:51
u_000262,free,,,False,False,
u_000263,free,,,False,False,
u_000264,free,,,False,False,
u_000265,free,,,False,False,
u_000266,free,,,False,False,
u_000267,free,,,False,False,
u_000268,free,,,False,False,
u_000269,free,,,False,False,
u_000270,free,,,False,False,
u_000271,free,,,False,False,
u_000272,free,,,False,False,
u_000273,free,,,False,False,
u_000274,free,,,False,False,
u_000275,free,,,False,False,
u_000276,free,,,False,False,
u_000277,free,,,False,False,
u_000278,free,,,False,False,
u_000279,plus,2025-11-28 06:11:17,,False,True,2025-11-28 06:11:17
u_000280,free,,,False,False,
u_000281,free,,,False,False,
u_000282,free,,,False,False,
u_000283,free,,,False,False,
u_000284,free,,,False,False,
u_000285,free,,,False,False,
u_000286,free,,,False,False,
u_000287,free,,,False,False,
u_000288,free,,,False,False,
u_000289,free,,,False,False,
u_000290,plus,2025-12-19 17:18:31,,False,True,2025-12-19 17:18:31
u_000291,free,,,False,False,
u_000292,free,,,False,False,
u_000293,free,,,False,False,
u_000294,free,,,False,False,
u_000295,free,,,False,False,
u_000296,free,,,False,False,
u_000297,free,,,False,False,
u_000298,free,,,False,False,
u_000299,free,,,False,False,
u_000300,free,,,False,False,
u_000301,free,,,False,False,
u_000302,plus,2025-12-30 00:45:25,,False,True,2025-12-30 00:45:25
u_000303,free,,,False,False,
u_000304,free,,,False,False,
u_000305,free,,,False,False,
u_000306,free,,,False,False,
u_000307,free,,,False,False,
u_000308,free,,,False,False,
u_000309,free,,,False,False,
u_000310,free,,,False,False,
u_000311,free,,,False,False,
u_000312,free,,,False,False,
u_000313,free,,,False,False,
u_000314,free,,,False,False,
u_000315,free,,,False,False,
u_000316,free,,,False,False,
u_000317,free,,,False,False,
u_000318,free,,,False,False,
u_000319,free,,,False,False,
u_000320,free,,,False,False,
u_000321,free,,,False,False,
u_000322,free,,,False,False,
u_000323,free,,,False,False,
u_000324,plus,2025-11-27 13:13:07,,True,True,2025-11-27 13:13:07
u_000325,free,,,False,False,
u_000326,free,,,False,False,
u_000327,free,,,False,False,
u_000328,free,,,False,False,
u_000329,pro,2025-12-08 04:39:02,,True,True,2025-12-08 04:39:02
u_000330,free,,,False,False,
u_000331,free,,,False,False,
u_000332,free,,,False,False,
u_000333,free,,,False,False,
u_000334,free,,,False,False,
u_000335,free,,,False,False,
u_000336,free,,,False,False,
u_000337,free,,,False,False,
u_000338,free,,,False,False,
u_000339,free,,,False,False,
u_000340,free,,,False,False,
u_000341,free,,,False,False,
u_000342,free,,,False,False,
u_000343,free,,,False,False,
u_000344,free,,,False,False,
u_000345,free,,,False,False,
u_000346,free,,,False,False,
u_000347,free,,,False,False,
u_000348,free,,,False,False,
u_000349,free,,,False,False,
u_000350,free,,,False,False,
u_000351,free,,,False,False,
u_000352,free,,,False,False,
u_000353,free,,,False,False,
u_000354,plus,2025-11-13 03:22:25,,True,True,2025-11-13 03:22:25
u_000355,free,,,False,False,
u_000356,free,,,False,False,
u_000357,free,,,False,False,
u_000358,free,,,False,False,
u_000359,free,,,False,False,
u_000360,free,,,False,False,
u_000361,free,,,False,False,
u_000362,free,,,False,False,
u_000363,free,,,False,False,
u_000364,free,,,False,False,
u_000365,free,,,False,False,
u_000366,free,,,False,False,
u_000367,free,,,False,False,
u_000368,free,,,False,False,
u_000369,free,,,False,False,
u_000370,free,,,False,False,
u_000371,plus,2025-11-23 12:59:29,,True,True,2025-11-23 12:59:29
u_000372,free,,,False,False,
u_000373,plus,2025-12-04 21:12:02,,False,True,2025-12-04 21:12:02
u_000374,free,,,False,False,
u_000375,free,,,False,False,
u_000376,free,,,False,False,
u_000377,free,,,False,False,
u_000378,free,,,False,False,
u_000379,free,,,False,False,
u_000380,free,,,False,False,
u_000381,free,,,False,False,
u_000382,free,,,False,False,
u_000383,free,,,False,False,
u_000384,pro,2025-11-21 00:15:57,,False,True,2025-11-21 00:15:57
u_000385,free,,,False,False,
u_000386,free,,,False,False,
u_000387,free,,,False,False,
u_000388,free,,,False,False,
u_000389,free,,,False,False,
u_000390,free,,,False,False,
u_000391,free,,,False,False,
u_000392,free,,,False,False,
u_000393,free,,,False,False,
u_000394,free,,,False,False,
u_000395,free,,,False,False,
u_000396,free,,,False,False,
u_000397,free,,,False,False,
u_000398,free,,,False,False,
u_000399,free,,,False,False,
u_000400,free,,,False,False,
u_000401,free,,,False,False,
u_000402,free,,,False,False,
u_000403,free,,,False,False,
u_000404,free,,,False,False,
u_000405,free,,,False,False,
u_000406,free,,,False,False,
u_000407,free,,,False,False,
u_000408,free,,,False,False,
u_000409,plus,2025-12-16 13:16:07,,True,True,2025-12-16 13:16:07
u_000410,free,,,False,False,
u_000411,free,,,False,False,
u_000412,free,,,False,False,
u_000413,free,,,False,False,
u_000414,free,,,False,False,
u_000415,plus,2025-12-03 14:57:57,2026-02-03 14:57:57,True,True,2025-12-03 14:57:57
u_000416,free,,,False,False,
u_000417,pro,2025-11-18 13:57:25,,True,True,2025-11-18 13:57:25
u_000418,free,,,False,False,
u_000419,free,,,False,False,
u_000420,free,,,False,False,
u_000421,free,,,False,False,
u_000422,free,,,False,False,
u_000423,free,,,False,False,
u_000424,free,,,False,False,
u_000425,free,,,False,False,
u_000426,free,,,False,False,
u_000427,plus,2025-11-19 14:22:30,,True,True,2025-11-19 14:22:30
u_000428,free,,,False,False,
u_000429,free,,,False,False,
u_000430,free,,,False,False,
u_000431,free,,,False,False,
u_000432,pro,2025-12-18 07:39:51,,False,True,2025-12-18 07:39:51
u_000433,free,,,False,False,
u_000434,pro,2025-12-05 03:12:28,,True,True,2025-12-05 03:12:28
u_000435,plus,2025-11-17 10:16:09,,True,True,2025-11-17 10:16:09
u_000436,free,,,False,False,
u_000437,free,,,False,False,
u_000438,free,,,False,False,
u_000439,free,,,False,False,
u_000440,free,,,False,False,
u_000441,free,,,False,False,
u_000442,free,,,False,False,
u_000443,free,,,False,False,
u_000444,plus,2025-12-02 06:34:46,,False,True,2025-12-02 06:34:46
u_000445,free,,,False,False,
u_000446,free,,,False,False,
u_000447,free,,,False,False,
u_000448,pro,2025-12-14 04:17:51,,True,True,2025-12-14 04:17:51
u_000449,free,,,False,False,
u_000450,free,,,False,False,
u_000451,free,,,False,False,
u_000452,pro,2025-11-17 08:18:11,,True,True,2025-11-17 08:18:11
u_000453,free,,,False,False,
u_000454,free,,,False,False,
u_000455,free,,,False,False,
u_000456,free,,,False,False,
u_000457,free,,,False,False,
u_000458,free,,,False,False,
u_000459,free,,,False,False,
u_000460,free,,,False,False,
u_000461,free,,,False,False,
u_000462,free,,,False,False,
u_000463,free,,,False,False,
u_000464,free,,,False,False,
u_000465,free,,,False,False,
u_000466,free,,,False,False,
u_000467,free,,,False,False,
u_000468,free,,,False,False,
u_000469,free,,,False,False,
u_000470,free,,,False,False,
u_000471,plus,2025-11-25 14:24:31,,False,True,2025-11-25 14:24:31
u_000472,free,,,False,False,
u_000473,free,,,False,False,
u_000474,free,,,False,False,
u_000475,free,,,False,False,
u_000476,free,,,False,False,
u_000477,free,,,False,False,
u_000478,free,,,False,False,
u_000479,free,,,False,False,
u_000480,free,,,False,False,
u_000481,free,,,False,False,
u_000482,free,,,False,False,
u_000483,plus,2025-12-23 05:35:40,,True,True,2025-12-23 05:35:40
u_000484,free,,,False,False,
u_000485,free,,,False,False,
u_000486,free,,,False,False,
u_000487,free,,,False,False,
u_000488,free,,,False,False,
u_000489,pro,2025-11-22 19:48:34,,False,True,2025-11-22 19:48:34
u_000490,free,,,False,False,
u_000491,free,,,False,False,
u_000492,free,,,False,False,
u_000493,free,,,False,False,
u_000494,free,,,False,False,
u_000495,free,,,False,False,
u_000496,free,,,False,False,
u_000497,free,,,False,False,
u_000498,free,,,False,False,
u_000499,free,,,False,False,
u_000500,free,,,False,False,
u_000501,free,,,False,False,
u_000502,free,,,False,False,
u_000503,free,,,False,False,
u_000504,free,,,False,False,
u_000505,free,,,False,False,
u_000506,free,,,False,False,
u_000507,free,,,False,False,
u_000508,free,,,False,False,
u_000509,free,,,False,False,
u_000510,free,,,False,False,
u_000511,free,,,False,False,
u_000512,free,,,False,False,
u_000513,free,,,False,False,
u_000514,plus,2025-12-13 18:09:49,,False,True,2025-12-13 18:09:49
u_000515,free,,,False,False,
u_000516,free,,,False,False,
u_000517,free,,,False,False,
u_000518,free,,,False,False,
u_000519,free,,,False,False,
u_000520,free,,,False,False,
u_000521,free,,,False,False,
u_000522,free,,,False,False,
u_000523,free,,,False,False,
u_000524,free,,,False,False,
u_000525,free,,,False,False,
u_000526,free,,,False,False,
u_000527,free,,,False,False,
u_000528,free,,,False,False,
u_000529,free,,,False,False,
u_000530,free,,,False,False,
u_000531,free,,,False,False,
u_000532,free,,,False,False,
u_000533,free,,,False,False,
u_000534,free,,,False,False,
u_000535,free,,,False,False,
u_000536,free,,,False,False,
u_000537,free,,,False,False,
u_000538,free,,,False,False,
u_000539,free,,,False,False,
u_000540,free,,,False,False,
u_000541,free,,,False,False,
u_000542,free,,,False,False,
u_000543,free,,,False,False,
u_000544,free,,,False,False,
u_000545,free,,,False,False,
u_000546,free,,,False,False,
u_000547,free,,,False,False,
u_000548,free,,,False,False,
u_000549,free,,,False,False,
u_000550,free,,,False,False,
u_000551,free,,,False,False,
u_000552,free,,,False,False,
u_000553,free,,,False,False,
u_000554,free,,,False,False,
u_000555,free,,,False,False,
u_000556,free,,,False,False,
u_000557,free,,,False,False,
u_000558,free,,,False,False,
u_000559,free,,,False,False,
u_000560,free,,,False,False,
u_000561,free,,,False,False,
u_000562,free,,,False,False,
u_000563,free,,,False,False,
u_000564,free,,,False,False,
u_000565,free,,,False,False,
u_000566,free,,,False,False,
u_000567,free,,,False,False,
u_000568,free,,,False,False,
u_000569,free,,,False,False,
u_000570,free,,,False,False,
u_000571,free,,,False,False,
u_000572,free,,,False,False,
u_000573,free,,,False,False,
u_000574,free,,,False,False,
u_000575,pro,2025-12-30 06:37:55,2026-02-19 06:37:55,False,True,2025-12-30 06:37:55
u_000576,free,,,False,False,
u_000577,free,,,False,False,
u_000578,free,,,False,False,
u_000579,free,,,False,False,
u_000580,free,,,False,False,
u_000581,free,,,False,False,
u_000582,free,,,False,False,
u_000583,free,,,False,False,
u_000584,free,,,False,False,
u_000585,free,,,False,False,
u_000586,plus,2025-11-22 08:04:19,,True,True,2025-11-22 08:04:19
u_000587,free,,,False,False,
u_000588,free,,,False,False,
u_000589,free,,,False,False,
u_000590,free,,,False,False,
u_000591,free,,,False,False,
u_000592,free,,,False,False,
u_000593,free,,,False,False,
u_000594,free,,,False,False,
u_000595,free,,,False,False,
u_000596,free,,,False,False,
u_000597,free,,,False,False,
u_000598,free,,,False,False,
u_000599,free,,,False,False,
u_000600,free,,,False,False,
u_000601,free,,,False,False,
u_000602,free,,,False,False,
u_000603,free,,,False,False,
u_000604,free,,,False,False,
u_000605,free,,,False,False,
u_000606,free,,,False,False,
u_000607,free,,,False,False,
u_000608,free,,,False,False,
u_000609,free,,,False,False,
u_000610,free,,,False,False,
u_000611,free,,,False,False,
u_000612,free,,,False,False,
u_000613,free,,,False,False,
u_000614,free,,,False,False,
u_000615,free,,,False,False,
u_000616,free,,,False,False,
u_000617,free,,,False,False,
u_000618,free,,,False,False,
u_000619,free,,,False,False,
u_000620,free,,,False,False,
u_000621,free,,,False,False,
u_000622,free,,,False,False,
u_000623,free,,,False,False,
u_000624,free,,,False,False,
u_000625,free,,,False,False,
u_000626,free,,,False,False,
u_000627,free,,,False,False,
u_000628,free,,,False,False,
u_000629,free,,,False,False,
u_000630,free,,,False,False,
u_000631,free,,,False,False,
u_000632,free,,,False,False,
u_000633,plus,2025-12-02 13:37:24,,True,True,2025-12-02 13:37:24
u_000634,free,,,False,False,
u_000635,free,,,False,False,
u_000636,free,,,False,False,
u_000637,free,,,False,False,
u_000638,free,,,False,False,
u_000639,free,,,False,False,
u_000640,free,,,False,False,
u_000641,free,,,False,False,
u_000642,free,,,False,False,
u_000643,free,,,False,False,
u_000644,pro,2025-11-21 05:43:39,,True,True,2025-11-21 05:43:39
u_000645,free,,,False,False,
u_000646,free,,,False,False,
u_000647,free,,,False,False,
u_000648,free,,,False,False,
u_000649,free,,,False,False,
u_000650,free,,,False,False,
u_000651,free,,,False,False,
u_000652,free,,,False,False,
u_000653,free,,,False,False,
u_000654,free,,,False,False,
u_000655,free,,,False,False,
u_000656,free,,,False,False,
u_000657,free,,,False,False,
u_000658,free,,,False,False,
u_000659,free,,,False,False,
u_000660,free,,,False,False,
u_000661,free,,,False,False,
u_000662,free,,,False,False,
u_000663,free,,,False,False,
u_000664,free,,,False,False,
u_000665,free,,,False,False,
u_000666,free,,,False,False,
u_000667,free,,,False,False,
u_000668,free,,,False,False,
u_000669,free,,,False,False,
u_000670,free,,,False,False,
u_000671,free,,,False,False,
u_000672,free,,,False,False,
u_000673,free,,,False,False,
u_000674,free,,,False,False,
u_000675,free,,,False,False,
u_000676,free,,,False,False,
u_000677,free,,,False,False,
u_000678,plus,2025-11-23 03:13:51,,True,True,2025-11-23 03:13:51
u_000679,free,,,False,False,
u_000680,free,,,False,False,
u_000681,free,,,False,False,
u_000682,free,,,False,False,
u_000683,free,,,False,False,
u_000684,free,,,False,False,
u_000685,free,,,False,False,
u_000686,free,,,False,False,
u_000687,free,,,False,False,
u_000688,free,,,False,False,
u_000689,free,,,False,False,
u_000690,free,,,False,False,
u_000691,plus,2025-12-08 12:01:11,,True,True,2025-12-08 12:01:11
u_000692,free,,,False,False,
u_000693,free,,,False,False,
u_000694,free,,,False,False,
u_000695,free,,,False,False,
u_000696,free,,,False,False,
u_000697,free,,,False,False,
u_000698,pro,2025-11-22 06:09:28,,True,True,2025-11-22 06:09:28
u_000699,free,,,False,False,
u_000700,free,,,False,False,
u_000701,free,,,False,False,
u_000702,free,,,False,False,
u_000703,free,,,False,False,
u_000704,free,,,False,False,
u_000705,free,,,False,False,
u_000706,free,,,False,False,
u_000707,free,,,False,False,
u_000708,free,,,False,False,
u_000709,free,,,False,False,
u_000710,free,,,False,False,
u_000711,free,,,False,False,
u_000712,free,,,False,False,
u_000713,free,,,False,False,
u_000714,free,,,False,False,
u_000715,free,,,False,False,
u_000716,free,,,False,False,
u_000717,free,,,False,False,
u_000718,free,,,False,False,
u_000719,free,,,False,False,
u_000720,free,,,False,False,
u_000721,free,,,False,False,
u_000722,free,,,False,False,
u_000723,free,,,False,False,
u_000724,free,,,False,False,
u_000725,free,,,False,False,
u_000726,free,,,False,False,
u_000727,free,,,False,False,
u_000728,free,,,False,False,
u_000729,free,,,False,False,
u_000730,free,,,False,False,
u_000731,free,,,False,False,
u_000732,free,,,False,False,
u_000733,free,,,False,False,
u_000734,free,,,False,False,
u_000735,free,,,False,False,
u_000736,free,,,False,False,
u_000737,free,,,False,False,
u_000738,free,,,False,False,
u_000739,free,,,False,False,
u_000740,free,,,False,False,
u_000741,free,,,False,False,
u_000742,free,,,False,False,
u_000743,free,,,False,False,
u_000744,free,,,False,False,
u_000745,plus,2025-12-26 15:22:26,,True,True,2025-12-26 15:22:26
u_000746,free,,,False,False,
u_000747,free,,,False,False,
u_000748,free,,,False,False,
u_000749,free,,,False,False,
u_000750,free,,,False,False,
u_000751,free,,,False,False,
u_000752,free,,,False,False,
u_000753,free,,,False,False,
u_000754,free,,,False,False,
u_000755,free,,,False,False,
u_000756,free,,,False,False,
u_000757,free,,,False,False,
u_000758,plus,2025-12-22 01:11:14,,True,True,2025-12-22 01:11:14
u_000759,free,,,False,False,
u_000760,free,,,False,False,
u_000761,free,,,False,False,
u_000762,free,,,False,False,
u_000763,free,,,False,False,
u_000764,free,,,False,False,
u_000765,free,,,False,False,
u_000766,free,,,False,False,
u_000767,free,,,False,False,
u_000768,free,,,False,False,
u_000769,free,,,False,False,
u_000770,free,,,False,False,
u_000771,free,,,False,False,
u_000772,free,,,False,False,
u_000773,free,,,False,False,
u_000774,free,,,False,False,
u_000775,free,,,False,False,
u_000776,free,,,False,False,
u_000777,free,,,False,False,
u_000778,free,,,False,False,
u_000779,free,,,False,False,
u_000780,free,,,False,False,
u_000781,free,,,False,False,
u_000782,free,,,False,False,
u_000783,free,,,False,False,
u_000784,free,,,False,False,
u_000785,free,,,False,False,
u_000786,free,,,False,False,
u_000787,free,,,False,False,
u_000788,free,,,False,False,
u_000789,free,,,False,False,
u_000790,free,,,False,False,
u_000791,free,,,False,False,
u_000792,free,,,False,False,
u_000793,free,,,False,False,
u_000794,free,,,False,False,
u_000795,free,,,False,False,
u_000796,free,,,False,False,
u_000797,free,,,False,False,
u_000798,free,,,False,False,
u_000799,free,,,False,False,
u_000800,free,,,False,False,
u_000801,free,,,False,False,
u_000802,free,,,False,False,
u_000803,free,,,False,False,
u_000804,free,,,False,False,
u_000805,free,,,False,False,
u_000806,free,,,False,False,
u_000807,free,,,False,False,
u_000808,free,,,False,False,
u_000809,plus,2025-11-29 02:00:19,,False,True,2025-11-29 02:00:19
u_000810,free,,,False,False,
u_000811,free,,,False,False,
u_000812,free,,,False,False,
u_000813,free,,,False,False,
u_000814,free,,,False,False,
u_000815,free,,,False,False,
u_000816,free,,,False,False,
u_000817,free,,,False,False,
u_000818,free,,,False,False,
u_000819,free,,,False,False,
u_000820,free,,,False,False,
u_000821,free,,,False,False,
u_000822,free,,,False,False,
u_000823,free,,,False,False,
u_000824,free,,,False,False,
u_000825,free,,,False,False,
u_000826,free,,,False,False,
u_000827,free,,,False,False,
u_000828,free,,,False,False,
u_000829,free,,,False,False,
u_000830,free,,,False,False,
u_000831,plus,2025-12-30 07:15:05,,True,True,2025-12-30 07:15:05
u_000832,free,,,False,False,
u_000833,free,,,False,False,
u_000834,pro,2025-12-02 04:12:50,,True,True,2025-12-02 04:12:50
u_000835,free,,,False,False,
u_000836,free,,,False,False,
u_000837,free,,,False,False,
u_000838,free,,,False,False,
u_000839,free,,,False,False,
u_000840,free,,,False,False,
u_000841,free,,,False,False,
u_000842,free,,,False,False,
u_000843,free,,,False,False,
u_000844,free,,,False,False,
u_000845,free,,,False,False,
u_000846,free,,,False,False,
u_000847,free,,,False,False,
u_000848,free,,,False,False,
u_000849,free,,,False,False,
u_000850,free,,,False,False,
u_000851,free,,,False,False,
u_000852,free,,,False,False,
u_000853,free,,,False,False,
u_000854,free,,,False,False,
u_000855,pro,2025-12-05 08:07:55,,True,True,2025-12-05 08:07:55
u_000856,free,,,False,False,
u_000857,free,,,False,False,
u_000858,free,,,False,False,
u_000859,free,,,False,False,
u_000860,free,,,False,False,
u_000861,free,,,False,False,
u_000862,free,,,False,False,
u_000863,free,,,False,False,
u_000864,free,,,False,False,
u_000865,free,,,False,False,
u_000866,free,,,False,False,
u_000867,free,,,False,False,
u_000868,free,,,False,False,
u_000869,free,,,False,False,
u_000870,free,,,False,False,
u_000871,free,,,False,False,
u_000872,free,,,False,False,
u_000873,free,,,False,False,
u_000874,free,,,False,False,
u_000875,free,,,False,False,
u_000876,free,,,False,False,
u_000877,free,,,False,False,
u_000878,pro,2025-11-21 05:57:01,,True,True,2025-11-21 05:57:01
u_000879,free,,,False,False,
u_000880,free,,,False,False,
u_000881,free,,,False,False,
u_000882,free,,,False,False,
u_000883,free,,,False,False,
u_000884,free,,,False,False,
u_000885,free,,,False,False,
u_000886,free,,,False,False,
u_000887,free,,,False,False,
u_000888,free,,,False,False,
u_000889,free,,,False,False,
u_000890,free,,,False,False,
u_000891,free,,,False,False,
u_000892,free,,,False,False,
u_000893,free,,,False,False,
u_000894,free,,,False,False,
u_000895,free,,,False,False,
u_000896,free,,,False,False,
u_000897,free,,,False,False,
u_000898,free,,,False,False,
u_000899,free,,,False,False,
u_000900,free,,,False,False,
u_000901,free,,,False,False,
u_000902,free,,,False,False,
u_000903,free,,,False,False,
u_000904,free,,,False,False,
u_000905,free,,,False,False,
u_000906,free,,,False,False,
u_000907,free,,,False,False,
u_000908,free,,,False,False,
u_000909,free,,,False,False,
u_000910,pro,2025-11-08 13:54:52,,True,True,2025-11-08 13:54:52
u_000911,free,,,False,False,
u_000912,free,,,False,False,
u_000913,free,,,False,False,
u_000914,free,,,False,False,
u_000915,free,,,False,False,
u_000916,free,,,False,False,
u_000917,free,,,False,False,
u_000918,plus,2025-11-13 21:59:45,,True,True,2025-11-13 21:59:45
u_000919,free,,,False,False,
u_000920,free,,,False,False,
u_000921,free,,,False,False,
u_000922,plus,2025-11-13 17:14:04,2025-12-10 17:14:04,True,True,2025-11-13 17:14:04
u_000923,free,,,False,False,
u_000924,free,,,False,False,
u_000925,free,,,False,False,
u_000926,free,,,False,False,
u_000927,free,,,False,False,
u_000928,free,,,False,False,
u_000929,free,,,False,False,
u_000930,free,,,False,False,
u_000931,free,,,False,False,
u_000932,free,,,False,False,
u_000933,free,,,False,False,
u_000934,free,,,False,False,
u_000935,free,,,False,False,
u_000936,pro,2025-12-11 11:23:17,2026-01-17 11:23:17,True,True,2025-12-11 11:23:17
u_000937,free,,,False,False,
u_000938,free,,,False,False,
u_000939,free,,,False,False,
u_000940,plus,2025-12-12 12:10:05,,True,True,2025-12-12 12:10:05
u_000941,free,,,False,False,
u_000942,free,,,False,False,
u_000943,plus,2025-11-24 21:50:55,,False,True,2025-11-24 21:50:55
u_000944,free,,,False,False,
u_000945,free,,,False,False,
u_000946,free,,,False,False,
u_000947,free,,,False,False,
u_000948,free,,,False,False,
u_000949,free,,,False,False,
u_000950,free,,,False,False,
u_000951,free,,,False,False,
u_000952,free,,,False,False,
u_000953,free,,,False,False,
u_000954,free,,,False,False,
u_000955,free,,,False,False,
u_000956,free,,,False,False,
u_000957,free,,,False,False,
u_000958,free,,,False,False,
u_000959,free,,,False,False,
u_000960,free,,,False,False,
u_000961,free,,,False,False,
u_000962,free,,,False,False,
u_000963,free,,,False,False,
u_000964,free,,,False,False,
u_000965,free,,,False,False,
u_000966,free,,,False,False,
u_000967,free,,,False,False,
u_000968,free,,,False,False,
u_000969,free,,,False,False,
u_000970,free,,,False,False,
u_000971,free,,,False,False,
u_000972,free,,,False,False,
u_000973,free,,,False,False,
u_000974,free,,,False,False,
u_000975,free,,,False,False,
u_000976,free,,,False,False,
u_000977,free,,,False,False,
u_000978,free,,,False,False,
u_000979,free,,,False,False,
u_000980,free,,,False,False,
u_000981,free,,,False,False,
u_000982,free,,,False,False,
u_000983,free,,,False,False,
u_000984,free,,,False,False,
u_000985,free,,,False,False,
u_000986,free,,,False,False,
u_000987,free,,,False,False,
u_000988,free,,,False,False,
u_000989,free,,,False,False,
u_000990,free,,,False,False,
u_000991,free,,,False,False,
u_000992,plus,2026-01-04 12:01:52,2026-01-31 12:01:52,False,True,2026-01-04 12:01:52
u_000993,free,,,False,False,
u_000994,free,,,False,False,
u_000995,free,,,False,False,
u_000996,free,,,False,False,
u_000997,free,,,False,False,
u_000998,free,,,False,False,
u_000999,free,,,False,False,
u_001000,free,,,False,False,
u_001001,free,,,False,False,
u_001002,free,,,False,False,
u_001003,free,,,False,False,
u_001004,free,,,False,False,
u_001005,free,,,False,False,
u_001006,free,,,False,False,
u_001007,free,,,False,False,
u_001008,plus,2025-12-07 12:15:05,,True,True,2025-12-07 12:15:05
u_001009,free,,,False,False,
u_001010,free,,,False,False,
u_001011,free,,,False,False,
u_001012,free,,,False,False,
u_001013,free,,,False,False,
u_001014,free,,,False,False,
u_001015,free,,,False,False,
u_001016,free,,,False,False,
u_001017,free,,,False,False,
u_001018,free,,,False,False,
u_001019,free,,,False,False,
u_001020,free,,,False,False,
u_001021,free,,,False,False,
u_001022,free,,,False,False,
u_001023,free,,,False,False,
u_001024,free,,,False,False,
u_001025,pro,2025-11-20 15:43:13,,False,True,2025-11-20 15:43:13
u_001026,free,,,False,False,
u_001027,free,,,False,False,
u_001028,free,,,False,False,
u_001029,free,,,False,False,
u_001030,free,,,False,False,
u_001031,free,,,False,False,
u_001032,free,,,False,False,
u_001033,free,,,False,False,
u_001034,free,,,False,False,
u_001035,free,,,False,False,
u_001036,free,,,False,False,
u_001037,free,,,False,False,
u_001038,free,,,False,False,
u_001039,pro,2025-11-17 05:00:09,,True,True,2025-11-17 05:00:09
u_001040,free,,,False,False,
u_001041,free,,,False,False,
u_001042,free,,,False,False,
u_001043,free,,,False,False,
u_001044,free,,,False,False,
u_001045,free,,,False,False,
u_001046,free,,,False,False,
u_001047,free,,,False,False,
u_001048,free,,,False,False,
u_001049,free,,,False,False,
u_001050,free,,,False,False,
u_001051,free,,,False,False,
u_001052,free,,,False,False,
u_001053,free,,,False,False,
u_001054,free,,,False,False,
u_001055,free,,,False,False,
u_001056,free,,,False,False,
u_001057,free,,,False,False,
u_001058,free,,,False,False,
u_001059,free,,,False,False,
u_001060,free,,,False,False,
u_001061,free,,,False,False,
u_001062,free,,,False,False,
u_001063,free,,,False,False,
u_001064,free,,,False,False,
u_001065,free,,,False,False,
u_001066,free,,,False,False,
u_001067,free,,,False,False,
u_001068,free,,,False,False,
u_001069,free,,,False,False,
u_001070,free,,,False,False,
u_001071,free,,,False,False,
u_001072,free,,,False,False,
u_001073,free,,,False,False,
u_001074,free,,,False,False,
u_001075,free,,,False,False,
u_001076,free,,,False,False,
u_001077,free,,,False,False,
u_001078,free,,,False,False,
u_001079,free,,,False,False,
u_001080,free,,,False,False,
u_001081,free,,,False,False,
u_001082,free,,,False,False,
u_001083,free,,,False,False,
u_001084,free,,,False,False,
u_001085,free,,,False,False,
u_001086,free,,,False,False,
u_001087,free,,,False,False,
u_001088,free,,,False,False,
u_001089,free,,,False,False,
u_001090,free,,,False,False,
u_001091,free,,,False,False,
u_001092,pro,2025-12-02 01:35:01,,False,True,2025-12-02 01:35:01
u_001093,free,,,False,False,
u_001094,free,,,False,False,
u_001095,free,,,False,False,
u_001096,free,,,False,False,
u_001097,pro,2025-12-08 21:23:34,,False,True,2025-12-08 21:23:34
u_001098,free,,,False,False,
u_001099,free,,,False,False,
u_001100,free,,,False,False,
u_001101,free,,,False,False,
u_001102,free,,,False,False,
u_001103,free,,,False,False,
u_001104,free,,,False,False,
u_001105,free,,,False,False,
u_001106,free,,,False,False,
u_001107,free,,,False,False,
u_001108,free,,,False,False,
u_001109,free,,,False,False,
u_001110,free,,,False,False,
u_001111,free,,,False,False,
u_001112,free,,,False,False,
u_001113,free,,,False,False,
u_001114,free,,,False,False,
u_001115,free,,,False,False,
u_001116,free,,,False,False,
u_001117,free,,,False,False,
u_001118,plus,2025-12-11 01:42:24,,True,True,2025-12-11 01:42:24
u_001119,free,,,False,False,
u_001120,free,,,False,False,
u_001121,free,,,False,False,
u_001122,free,,,False,False,
u_001123,free,,,False,False,
u_001124,free,,,False,False,
u_001125,free,,,False,False,
u_001126,plus,2025-12-30 13:17:37,,True,True,2025-12-30 13:17:37
u_001127,free,,,False,False,
u_001128,free,,,False,False,
u_001129,free,,,False,False,
u_001130,free,,,False,False,
u_001131,free,,,False,False,
u_001132,free,,,False,False,
u_001133,free,,,False,False,
u_001134,free,,,False,False,
u_001135,free,,,False,False,
u_001136,plus,2025-11-20 04:34:52,,True,True,2025-11-20 04:34:52
u_001137,free,,,False,False,
u_001138,free,,,False,False,
u_001139,free,,,False,False,
u_001140,free,,,False,False,
u_001141,free,,,False,False,
u_001142,free,,,False,False,
u_001143,plus,2025-12-05 21:16:17,,False,True,2025-12-05 21:16:17
u_001144,free,,,False,False,
u_001145,free,,,False,False,
u_001146,free,,,False,False,
u_001147,free,,,False,False,
u_001148,free,,,False,False,
u_001149,free,,,False,False,
u_001150,free,,,False,False,
u_001151,free,,,False,False,
u_001152,free,,,False,False,
u_001153,free,,,False,False,
u_001154,free,,,False,False,
u_001155,free,,,False,False,
u_001156,free,,,False,False,
u_001157,plus,2025-12-15 10:34:45,,True,True,2025-12-15 10:34:45
u_001158,free,,,False,False,
u_001159,free,,,False,False,
u_001160,free,,,False,False,
u_001161,free,,,False,False,
u_001162,pro,2025-12-29 20:42:37,,True,True,2025-12-29 20:42:37
u_001163,free,,,False,False,
u_001164,free,,,False,False,
u_001165,free,,,False,False,
u_001166,free,,,False,False,
u_001167,free,,,False,False,
u_001168,free,,,False,False,
u_001169,plus,2025-11-06 10:39:49,,False,True,2025-11-06 10:39:49
u_001170,free,,,False,False,
u_001171,free,,,False,False,
u_001172,free,,,False,False,
u_001173,free,,,False,False,
u_001174,free,,,False,False,
u_001175,free,,,False,False,
u_001176,free,,,False,False,
u_001177,free,,,False,False,
u_001178,free,,,False,False,
u_001179,free,,,False,False,
u_001180,free,,,False,False,
u_001181,free,,,False,False,
u_001182,free,,,False,False,
u_001183,free,,,False,False,
u_001184,free,,,False,False,
u_001185,free,,,False,False,
u_001186,free,,,False,False,
u_001187,free,,,False,False,
u_001188,free,,,False,False,
u_001189,free,,,False,False,
u_001190,free,,,False,False,
u_001191,free,,,False,False,
u_001192,free,,,False,False,
u_001193,free,,,False,False,
u_001194,free,,,False,False,
u_001195,free,,,False,False,
u_001196,free,,,False,False,
u_001197,free,,,False,False,
u_001198,free,,,False,False,
u_001199,plus,2025-12-19 06:20:03,,True,True,2025-12-19 06:20:03
u_001200,free,,,False,False,
u_001201,free,,,False,False,
u_001202,free,,,False,False,
u_001203,free,,,False,False,
u_001204,free,,,False,False,
u_001205,free,,,False,False,
u_001206,free,,,False,False,
u_001207,free,,,False,False,
u_001208,free,,,False,False,
u_001209,free,,,False,False,
u_001210,free,,,False,False,
u_001211,free,,,False,False,
u_001212,free,,,False,False,
u_001213,free,,,False,False,
u_001214,free,,,False,False,
u_001215,free,,,False,False,
u_001216,free,,,False,False,
u_001217,free,,,False,False,
u_001218,free,,,False,False,
u_001219,free,,,False,False,
u_001220,free,,,False,False,
u_001221,free,,,False,False,
u_001222,free,,,False,False,
u_001223,free,,,False,False,
u_001224,free,,,False,False,
u_001225,free,,,False,False,
u_001226,free,,,False,False,
u_001227,free,,,False,False,
u_001228,free,,,False,False,
u_001229,free,,,False,False,
u_001230,free,,,False,False,
u_001231,free,,,False,False,
u_001232,free,,,False,False,
u_001233,plus,2026-01-03 11:10:01,,True,True,2026-01-03 11:10:01
u_001234,free,,,False,False,
u_001235,free,,,False,False,
u_001236,free,,,False,False,
u_001237,free,,,False,False,
u_001238,free,,,False,False,
u_001239,free,,,False,False,
u_001240,free,,,False,False,
u_001241,free,,,False,False,
u_001242,free,,,False,False,
u_001243,free,,,False,False,
u_001244,free,,,False,False,
u_001245,free,,,False,False,
u_001246,free,,,False,False,
u_001247,free,,,False,False,
u_001248,plus,2025-12-12 13:37:35,,True,True,2025-12-12 13:37:35
u_001249,free,,,False,False,
u_001250,free,,,False,False,
u_001251,free,,,False,False,
u_001252,free,,,False,False,
u_001253,free,,,False,False,
u_001254,pro,2025-12-26 12:42:25,,True,True,2025-12-26 12:42:25
u_001255,plus,2026-01-04 03:03:58,,False,True,2026-01-04 03:03:58
u_001256,free,,,False,False,
u_001257,free,,,False,False,
u_001258,free,,,False,False,
u_001259,free,,,False,False,
u_001260,free,,,False,False,
u_001261,free,,,False,False,
u_001262,free,,,False,False,
u_001263,free,,,False,False,
u_001264,free,,,False,False,
u_001265,free,,,False,False,
u_001266,free,,,False,False,
u_001267,free,,,False,False,
u_001268,free,,,False,False,
u_001269,free,,,False,False,
u_001270,free,,,False,False,
u_001271,plus,2025-11-23 00:11:02,2025-12-16 00:11:02,True,True,2025-11-23 00:11:02
u_001272,free,,,False,False,
u_001273,free,,,False,False,
u_001274,free,,,False,False,
u_001275,free,,,False,False,
u_001276,free,,,False,False,
u_001277,free,,,False,False,
u_001278,plus,2025-12-17 01:10:20,,True,True,2025-12-17 01:10:20
u_001279,free,,,False,False,
u_001280,free,,,False,False,
u_001281,free,,,False,False,
u_001282,pro,2025-11-19 18:51:24,,True,True,2025-11-19 18:51:24
u_001283,free,,,False,False,
u_001284,free,,,False,False,
u_001285,free,,,False,False,
u_001286,free,,,False,False,
u_001287,plus,2025-12-23 16:06:17,,True,True,2025-12-23 16:06:17
u_001288,free,,,False,False,
u_001289,free,,,False,False,
u_001290,free,,,False,False,
u_001291,free,,,False,False,
u_001292,free,,,False,False,
u_001293,free,,,False,False,
u_001294,free,,,False,False,
u_001295,free,,,False,False,
u_001296,free,,,False,False,
u_001297,free,,,False,False,
u_001298,free,,,False,False,
u_001299,plus,2025-12-29 15:56:48,,False,True,2025-12-29 15:56:48
u_001300,free,,,False,False,
u_001301,free,,,False,False,
u_001302,free,,,False,False,
u_001303,free,,,False,False,
u_001304,free,,,False,False,
u_001305,free,,,False,False,
u_001306,free,,,False,False,
u_001307,free,,,False,False,
u_001308,free,,,False,False,
u_001309,free,,,False,False,
u_001310,free,,,False,False,
u_001311,free,,,False,False,
u_001312,free,,,False,False,
u_001313,free,,,False,False,
u_001314,free,,,False,False,
u_001315,free,,,False,False,
u_001316,free,,,False,False,
u_001317,free,,,False,False,
u_001318,free,,,False,False,
u_001319,free,,,False,False,
u_001320,free,,,False,False,
u_001321,free,,,False,False,
u_001322,free,,,False,False,
u_001323,free,,,False,False,
u_001324,free,,,False,False,
u_001325,plus,2025-11-22 14:58:58,,True,True,2025-11-22 14:58:58
u_001326,free,,,False,False,
u_001327,free,,,False,False,
u_001328,free,,,False,False,
u_001329,free,,,False,False,
u_001330,free,,,False,False,
u_001331,free,,,False,False,
u_001332,free,,,False,False,
u_001333,free,,,False,False,
u_001334,free,,,False,False,
u_001335,free,,,False,False,
u_001336,free,,,False,False,
u_001337,free,,,False,False,
u_001338,free,,,False,False,
u_001339,free,,,False,False,
u_001340,free,,,False,False,
u_001341,free,,,False,False,
u_001342,free,,,False,False,
u_001343,free,,,False,False,
u_001344,free,,,False,False,
u_001345,free,,,False,False,
u_001346,free,,,False,False,
u_001347,free,,,False,False,
u_001348,free,,,False,False,
u_001349,free,,,False,False,
u_001350,free,,,False,False,
u_001351,free,,,False,False,
u_001352,free,,,False,False,
u_001353,free,,,False,False,
u_001354,plus,2025-12-27 15:21:39,,False,True,2025-12-27 15:21:39
u_001355,free,,,False,False,
u_001356,free,,,False,False,
u_001357,free,,,False,False,
u_001358,free,,,False,False,
u_001359,free,,,False,False,
u_001360,plus,2025-12-15 22:50:09,2026-01-05 22:50:09,False,True,2025-12-15 22:50:09
u_001361,free,,,False,False,
u_001362,free,,,False,False,
u_001363,free,,,False,False,
u_001364,free,,,False,False,
u_001365,free,,,False,False,
u_001366,plus,2025-12-22 22:26:30,,True,True,2025-12-22 22:26:30
u_001367,free,,,False,False,
u_001368,free,,,False,False,
u_001369,pro,2025-12-03 13:48:59,,True,True,2025-12-03 13:48:59
u_001370,free,,,False,False,
u_001371,free,,,False,False,
u_001372,free,,,False,False,
u_001373,free,,,False,False,
u_001374,free,,,False,False,
u_001375,free,,,False,False,
u_001376,free,,,False,False,
u_001377,free,,,False,False,
u_001378,free,,,False,False,
u_001379,free,,,False,False,
u_001380,free,,,False,False,
u_001381,free,,,False,False,
u_001382,free,,,False,False,
u_001383,free,,,False,False,
u_001384,pro,2025-11-15 18:22:37,,True,True,2025-11-15 18:22:37
u_001385,free,,,False,False,
u_001386,free,,,False,False,
u_001387,free,,,False,False,
u_001388,free,,,False,False,
u_001389,free,,,False,False,
u_001390,free,,,False,False,
u_001391,free,,,False,False,
u_001392,plus,2026-01-02 08:17:21,,False,True,2026-01-02 08:17:21
u_001393,free,,,False,False,
u_001394,free,,,False,False,
u_001395,free,,,False,False,
u_001396,free,,,False,False,
u_001397,free,,,False,False,
u_001398,free,,,False,False,
u_001399,free,,,False,False,
u_001400,free,,,False,False,
u_001401,free,,,False,False,
u_001402,free,,,False,False,
u_001403,free,,,False,False,
u_001404,free,,,False,False,
u_001405,free,,,False,False,
u_001406,free,,,False,False,
u_001407,free,,,False,False,
u_001408,free,,,False,False,
u_001409,free,,,False,False,
u_001410,free,,,False,False,
u_001411,free,,,False,False,
u_001412,free,,,False,False,
u_001413,free,,,False,False,
u_001414,free,,,False,False,
u_001415,free,,,False,False,
u_001416,free,,,False,False,
u_001417,free,,,False,False,
u_001418,free,,,False,False,
u_001419,free,,,False,False,
u_001420,free,,,False,False,
u_001421,free,,,False,False,
u_001422,plus,2025-12-26 05:37:32,,True,True,2025-12-26 05:37:32
u_001423,free,,,False,False,
u_001424,free,,,False,False,
u_001425,free,,,False,False,
u_001426,free,,,False,False,
u_001427,free,,,False,False,
u_001428,free,,,False,False,
u_001429,free,,,False,False,
u_001430,free,,,False,False,
u_001431,free,,,False,False,
u_001432,free,,,False,False,
u_001433,free,,,False,False,
u_001434,free,,,False,False,
u_001435,free,,,False,False,
u_001436,plus,2026-01-04 06:23:18,,True,True,2026-01-04 06:23:18
u_001437,free,,,False,False,
u_001438,free,,,False,False,
u_001439,free,,,False,False,
u_001440,free,,,False,False,
u_001441,pro,2025-12-06 06:28:40,,True,True,2025-12-06 06:28:40
u_001442,free,,,False,False,
u_001443,plus,2025-11-14 19:10:09,2025-12-22 19:10:09,True,True,2025-11-14 19:10:09
u_001444,free,,,False,False,
u_001445,free,,,False,False,
u_001446,free,,,False,False,
u_001447,free,,,False,False,
u_001448,free,,,False,False,
u_001449,free,,,False,False,
u_001450,free,,,False,False,
u_001451,free,,,False,False,
u_001452,free,,,False,False,
u_001453,free,,,False,False,
u_001454,free,,,False,False,
u_001455,free,,,False,False,
u_001456,free,,,False,False,
u_001457,free,,,False,False,
u_001458,free,,,False,False,
u_001459,free,,,False,False,
u_001460,free,,,False,False,
u_001461,free,,,False,False,
u_001462,plus,2025-12-29 11:28:50,2026-02-04 11:28:50,False,True,2025-12-29 11:28:50
u_001463,free,,,False,False,
u_001464,free,,,False,False,
u_001465,free,,,False,False,
u_001466,free,,,False,False,
u_001467,free,,,False,False,
u_001468,free,,,False,False,
u_001469,free,,,False,False,
u_001470,free,,,False,False,
u_001471,free,,,False,False,
u_001472,free,,,False,False,
u_001473,free,,,False,False,
u_001474,free,,,False,False,
u_001475,free,,,False,False,
u_001476,free,,,False,False,
u_001477,free,,,False,False,
u_001478,free,,,False,False,
u_001479,free,,,False,False,
u_001480,free,,,False,False,
u_001481,free,,,False,False,
u_001482,free,,,False,False,
u_001483,free,,,False,False,
u_001484,free,,,False,False,
u_001485,free,,,False,False,
u_001486,free,,,False,False,
u_001487,free,,,False,False,
u_001488,free,,,False,False,
u_001489,free,,,False,False,
u_001490,free,,,False,False,
u_001491,free,,,False,False,
u_001492,free,,,False,False,
u_001493,free,,,False,False,
u_001494,free,,,False,False,
u_001495,free,,,False,False,
u_001496,free,,,False,False,
u_001497,free,,,False,False,
u_001498,free,,,False,False,
u_001499,plus,2025-12-03 12:51:20,,True,True,2025-12-03 12:51:20
u_001500,free,,,False,False,
u_001501,free,,,False,False,
u_001502,free,,,False,False,
u_001503,free,,,False,False,
u_001504,free,,,False,False,
u_001505,free,,,False,False,
u_001506,free,,,False,False,
u_001507,free,,,False,False,
u_001508,plus,2025-11-13 14:01:58,2026-01-10 14:01:58,True,True,2025-11-13 14:01:58
u_001509,free,,,False,False,
u_001510,free,,,False,False,
u_001511,free,,,False,False,
u_001512,free,,,False,False,
u_001513,free,,,False,False,
u_001514,free,,,False,False,
u_001515,free,,,False,False,
u_001516,free,,,False,False,
u_001517,plus,2025-12-31 03:18:01,,True,True,2025-12-31 03:18:01
u_001518,free,,,False,False,
u_001519,plus,2025-11-14 10:55:40,,False,True,2025-11-14 10:55:40
u_001520,free,,,False,False,
u_001521,free,,,False,False,
u_001522,free,,,False,False,
u_001523,free,,,False,False,
u_001524,free,,,False,False,
u_001525,free,,,False,False,
u_001526,free,,,False,False,
u_001527,free,,,False,False,
u_001528,free,,,False,False,
u_001529,free,,,False,False,
u_001530,free,,,False,False,
u_001531,plus,2026-01-03 01:27:02,2026-02-25 01:27:02,True,True,2026-01-03 01:27:02
u_001532,free,,,False,False,
u_001533,free,,,False,False,
u_001534,free,,,False,False,
u_001535,free,,,False,False,
u_001536,free,,,False,False,
u_001537,free,,,False,False,
u_001538,free,,,False,False,
u_001539,free,,,False,False,
u_001540,free,,,False,False,
u_001541,free,,,False,False,
u_001542,free,,,False,False,
u_001543,free,,,False,False,
u_001544,free,,,False,False,
u_001545,free,,,False,False,
u_001546,free,,,False,False,
u_001547,plus,2026-01-03 16:10:33,,True,True,2026-01-03 16:10:33
u_001548,free,,,False,False,
u_001549,free,,,False,False,
u_001550,free,,,False,False,
u_001551,free,,,False,False,
u_001552,free,,,False,False,
u_001553,free,,,False,False,
u_001554,free,,,False,False,
u_001555,free,,,False,False,
u_001556,free,,,False,False,
u_001557,free,,,False,False,
u_001558,free,,,False,False,
u_001559,free,,,False,False,
u_001560,free,,,False,False,
u_001561,free,,,False,False,
u_001562,free,,,False,False,
u_001563,free,,,False,False,
u_001564,free,,,False,False,
u_001565,plus,2025-12-20 06:36:15,,True,True,2025-12-20 06:36:15
u_001566,free,,,False,False,
u_001567,free,,,False,False,
u_001568,free,,,False,False,
u_001569,plus,2025-11-25 20:25:42,,True,True,2025-11-25 20:25:42
u_001570,free,,,False,False,
u_001571,free,,,False,False,
u_001572,free,,,False,False,
u_001573,free,,,False,False,
u_001574,free,,,False,False,
u_001575,free,,,False,False,
u_001576,plus,2025-12-14 02:01:41,,True,True,2025-12-14 02:01:41
u_001577,free,,,False,False,
u_001578,free,,,False,False,
u_001579,free,,,False,False,
u_001580,free,,,False,False,
u_001581,free,,,False,False,
u_001582,free,,,False,False,
u_001583,free,,,False,False,
u_001584,free,,,False,False,
u_001585,free,,,False,False,
u_001586,free,,,False,False,
u_001587,free,,,False,False,
u_001588,free,,,False,False,
u_001589,free,,,False,False,
u_001590,free,,,False,False,
u_001591,free,,,False,False,
u_001592,pro,2026-01-03 19:36:03,,True,True,2026-01-03 19:36:03
u_001593,free,,,False,False,
u_001594,free,,,False,False,
u_001595,free,,,False,False,
u_001596,free,,,False,False,
u_001597,free,,,False,False,
u_001598,free,,,False,False,
u_001599,free,,,False,False,
u_001600,pro,2025-11-20 13:45:17,2026-01-29 13:45:17,False,True,2025-11-20 13:45:17
u_001601,free,,,False,False,
u_001602,free,,,False,False,
u_001603,free,,,False,False,
u_001604,free,,,False,False,
u_001605,free,,,False,False,
u_001606,free,,,False,False,
u_001607,free,,,False,False,
u_001608,free,,,False,False,
u_001609,free,,,False,False,
u_001610,free,,,False,False,
u_001611,free,,,False,False,
u_001612,free,,,False,False,
u_001613,free,,,False,False,
u_001614,free,,,False,False,
u_001615,free,,,False,False,
u_001616,plus,2025-11-20 14:45:49,,True,True,2025-11-20 14:45:49
u_001617,free,,,False,False,
u_001618,free,,,False,False,
u_001619,free,,,False,False,
u_001620,free,,,False,False,
u_001621,free,,,False,False,
u_001622,free,,,False,False,
u_001623,free,,,False,False,
u_001624,free,,,False,False,
u_001625,free,,,False,False,
u_001626,free,,,False,False,
u_001627,free,,,False,False,
u_001628,free,,,False,False,
u_001629,free,,,False,False,
u_001630,free,,,False,False,
u_001631,free,,,False,False,
u_001632,free,,,False,False,
u_001633,free,,,False,False,
u_001634,free,,,False,False,
u_001635,free,,,False,False,
u_001636,free,,,False,False,
u_001637,free,,,False,False,
u_001638,free,,,False,False,
u_001639,free,,,False,False,
u_001640,free,,,False,False,
u_001641,free,,,False,False,
u_001642,free,,,False,False,
u_001643,free,,,False,False,
u_001644,free,,,False,False,
u_001645,free,,,False,False,
u_001646,free,,,False,False,
u_001647,free,,,False,False,
u_001648,free,,,False,False,
u_001649,free,,,False,False,
u_001650,free,,,False,False,
u_001651,free,,,False,False,
u_001652,free,,,False,False,
u_001653,free,,,False,False,
u_001654,free,,,False,False,
u_001655,free,,,False,False,
u_001656,free,,,False,False,
u_001657,free,,,False,False,
u_001658,free,,,False,False,
u_001659,free,,,False,False,
u_001660,free,,,False,False,
u_001661,free,,,False,False,
u_001662,free,,,False,False,
u_001663,pro,2025-11-15 09:56:21,,False,True,2025-11-15 09:56:21
u_001664,free,,,False,False,
u_001665,free,,,False,False,
u_001666,free,,,False,False,
u_001667,free,,,False,False,
u_001668,free,,,False,False,
u_001669,free,,,False,False,
u_001670,free,,,False,False,
u_001671,free,,,False,False,
u_001672,free,,,False,False,
u_001673,free,,,False,False,
u_001674,free,,,False,False,
u_001675,free,,,False,False,
u_001676,free,,,False,False,
u_001677,free,,,False,False,
u_001678,free,,,False,False,
u_001679,free,,,False,False,
u_001680,free,,,False,False,
u_001681,free,,,False,False,
u_001682,free,,,False,False,
u_001683,free,,,False,False,
u_001684,free,,,False,False,
u_001685,free,,,False,False,
u_001686,free,,,False,False,
u_001687,free,,,False,False,
u_001688,free,,,False,False,
u_001689,free,,,False,False,
u_001690,free,,,False,False,
u_001691,free,,,False,False,
u_001692,free,,,False,False,
u_001693,free,,,False,False,
u_001694,free,,,False,False,
u_001695,free,,,False,False,
u_001696,free,,,False,False,
u_001697,free,,,False,False,
u_001698,free,,,False,False,
u_001699,free,,,False,False,
u_001700,plus,2025-11-30 19:48:17,,True,True,2025-11-30 19:48:17
u_001701,free,,,False,False,
u_001702,free,,,False,False,
u_001703,free,,,False,False,
u_001704,free,,,False,False,
u_001705,free,,,False,False,
u_001706,free,,,False,False,
u_001707,free,,,False,False,
u_001708,free,,,False,False,
u_001709,free,,,False,False,
u_001710,free,,,False,False,
u_001711,free,,,False,False,
u_001712,free,,,False,False,
u_001713,plus,2025-12-03 18:46:42,,True,True,2025-12-03 18:46:42
u_001714,free,,,False,False,
u_001715,free,,,False,False,
u_001716,free,,,False,False,
u_001717,free,,,False,False,
u_001718,free,,,False,False,
u_001719,free,,,False,False,
u_001720,free,,,False,False,
u_001721,free,,,False,False,
u_001722,free,,,False,False,
u_001723,free,,,False,False,
u_001724,free,,,False,False,
u_001725,free,,,False,False,
u_001726,free,,,False,False,
u_001727,free,,,False,False,
u_001728,free,,,False,False,
u_001729,free,,,False,False,
u_001730,free,,,False,False,
u_001731,free,,,False,False,
u_001732,free,,,False,False,
u_001733,free,,,False,False,
u_001734,free,,,False,False,
u_001735,free,,,False,False,
u_001736,free,,,False,False,
u_001737,free,,,False,False,
u_001738,free,,,False,False,
u_001739,free,,,False,False,
u_001740,free,,,False,False,
u_001741,free,,,False,False,
u_001742,free,,,False,False,
u_001743,free,,,False,False,
u_001744,free,,,False,False,
u_001745,free,,,False,False,
u_001746,free,,,False,False,
u_001747,free,,,False,False,
u_001748,free,,,False,False,
u_001749,plus,2025-12-12 11:23:13,,True,True,2025-12-12 11:23:13
u_001750,free,,,False,False,
u_001751,free,,,False,False,
u_001752,pro,2025-12-24 23:31:12,,True,True,2025-12-24 23:31:12
u_001753,free,,,False,False,
u_001754,free,,,False,False,
u_001755,free,,,False,False,
u_001756,free,,,False,False,
u_001757,free,,,False,False,
u_001758,free,,,False,False,
u_001759,free,,,False,False,
u_001760,plus,2025-12-07 11:09:09,,True,True,2025-12-07 11:09:09
u_001761,free,,,False,False,
u_001762,free,,,False,False,
u_001763,free,,,False,False,
u_001764,free,,,False,False,
u_001765,free,,,False,False,
u_001766,free,,,False,False,
u_001767,free,,,False,False,
u_001768,free,,,False,False,
u_001769,free,,,False,False,
u_001770,free,,,False,False,
u_001771,free,,,False,False,
u_001772,free,,,False,False,
u_001773,plus,2025-12-12 23:31:56,2026-01-11 23:31:56,True,True,2025-12-12 23:31:56
u_001774,free,,,False,False,
u_001775,free,,,False,False,
u_001776,free,,,False,False,
u_001777,free,,,False,False,
u_001778,plus,2026-01-04 00:25:55,,True,True,2026-01-04 00:25:55
u_001779,plus,2025-11-11 10:38:22,,False,True,2025-11-11 10:38:22
u_001780,free,,,False,False,
u_001781,free,,,False,False,
u_001782,free,,,False,False,
u_001783,free,,,False,False,
u_001784,free,,,False,False,
u_001785,free,,,False,False,
u_001786,free,,,False,False,
u_001787,free,,,False,False,
u_001788,free,,,False,False,
u_001789,free,,,False,False,
u_001790,free,,,False,False,
u_001791,free,,,False,False,
u_001792,free,,,False,False,
u_001793,free,,,False,False,
u_001794,free,,,False,False,
u_001795,free,,,False,False,
u_001796,free,,,False,False,
u_001797,free,,,False,False,
u_001798,free,,,False,False,
u_001799,free,,,False,False,
u_001800,free,,,False,False,
u_001801,free,,,False,False,
u_001802,free,,,False,False,
u_001803,free,,,False,False,
u_001804,free,,,False,False,
u_001805,free,,,False,False,
u_001806,free,,,False,False,
u_001807,free,,,False,False,
u_001808,free,,,False,False,
u_001809,free,,,False,False,
u_001810,free,,,False,False,
u_001811,free,,,False,False,
u_001812,free,,,False,False,
u_001813,free,,,False,False,
u_001814,free,,,False,False,
u_001815,free,,,False,False,
u_001816,free,,,False,False,
u_001817,free,,,False,False,
u_001818,free,,,False,False,
u_001819,plus,2025-11-26 15:46:44,,True,True,2025-11-26 15:46:44
u_001820,free,,,False,False,
u_001821,free,,,False,False,
u_001822,free,,,False,False,
u_001823,plus,2025-12-10 23:36:51,,True,True,2025-12-10 23:36:51
u_001824,free,,,False,False,
u_001825,pro,2025-11-14 10:55:26,,False,True,2025-11-14 10:55:26
u_001826,free,,,False,False,
u_001827,free,,,False,False,
u_001828,free,,,False,False,
u_001829,free,,,False,False,
u_001830,free,,,False,False,
u_001831,free,,,False,False,
u_001832,free,,,False,False,
u_001833,free,,,False,False,
u_001834,free,,,False,False,
u_001835,free,,,False,False,
u_001836,free,,,False,False,
u_001837,free,,,False,False,
u_001838,free,,,False,False,
u_001839,free,,,False,False,
u_001840,free,,,False,False,
u_001841,free,,,False,False,
u_001842,plus,2025-11-27 06:51:57,2026-01-25 06:51:57,True,True,2025-11-27 06:51:57
u_001843,free,,,False,False,
u_001844,free,,,False,False,
u_001845,free,,,False,False,
u_001846,free,,,False,False,
u_001847,free,,,False,False,
u_001848,free,,,False,False,
u_001849,free,,,False,False,
u_001850,free,,,False,False,
u_001851,free,,,False,False,
u_001852,free,,,False,False,
u_001853,free,,,False,False,
u_001854,free,,,False,False,
u_001855,plus,2025-12-27 03:52:33,2026-01-14 03:52:33,False,True,2025-12-27 03:52:33
u_001856,free,,,False,False,
u_001857,free,,,False,False,
u_001858,free,,,False,False,
u_001859,free,,,False,False,
u_001860,free,,,False,False,
u_001861,free,,,False,False,
u_001862,free,,,False,False,
u_001863,free,,,False,False,
u_001864,free,,,False,False,
u_001865,free,,,False,False,
u_001866,free,,,False,False,
u_001867,free,,,False,False,
u_001868,free,,,False,False,
u_001869,free,,,False,False,
u_001870,free,,,False,False,
u_001871,free,,,False,False,
u_001872,free,,,False,False,
u_001873,free,,,False,False,
u_001874,free,,,False,False,
u_001875,free,,,False,False,
u_001876,free,,,False,False,
u_001877,free,,,False,False,
u_001878,free,,,False,False,
u_001879,free,,,False,False,
u_001880,free,,,False,False,
u_001881,free,,,False,False,
u_001882,free,,,False,False,
u_001883,free,,,False,False,
u_001884,free,,,False,False,
u_001885,plus,2025-12-05 03:27:20,,False,True,2025-12-05 03:27:20
u_001886,free,,,False,False,
u_001887,free,,,False,False,
u_001888,free,,,False,False,
u_001889,free,,,False,False,
u_001890,free,,,False,False,
u_001891,free,,,False,False,
u_001892,free,,,False,False,
u_001893,pro,2025-12-19 16:48:32,,True,True,2025-12-19 16:48:32
u_001894,free,,,False,False,
u_001895,free,,,False,False,
u_001896,free,,,False,False,
u_001897,free,,,False,False,
u_001898,free,,,False,False,
u_001899,free,,,False,False,
u_001900,free,,,False,False,
u_001901,pro,2025-11-18 14:21:25,,True,True,2025-11-18 14:21:25
u_001902,plus,2025-11-22 11:03:46,,True,True,2025-11-22 11:03:46
u_001903,free,,,False,False,
u_001904,free,,,False,False,
u_001905,free,,,False,False,
u_001906,free,,,False,False,
u_001907,free,,,False,False,
u_001908,free,,,False,False,
u_001909,free,,,False,False,
u_001910,free,,,False,False,
u_001911,free,,,False,False,
u_001912,free,,,False,False,
u_001913,plus,2025-12-05 12:10:55,,False,True,2025-12-05 12:10:55
u_001914,free,,,False,False,
u_001915,free,,,False,False,
u_001916,free,,,False,False,
u_001917,free,,,False,False,
u_001918,free,,,False,False,
u_001919,free,,,False,False,
u_001920,free,,,False,False,
u_001921,free,,,False,False,
u_001922,pro,2025-11-30 23:44:00,,True,True,2025-11-30 23:44:00
u_001923,free,,,False,False,
u_001924,free,,,False,False,
u_001925,free,,,False,False,
u_001926,free,,,False,False,
u_001927,free,,,False,False,
u_001928,free,,,False,False,
u_001929,free,,,False,False,
u_001930,free,,,False,False,
u_001931,free,,,False,False,
u_001932,free,,,False,False,
u_001933,free,,,False,False,
u_001934,free,,,False,False,
u_001935,free,,,False,False,
u_001936,free,,,False,False,
u_001937,free,,,False,False,
u_001938,free,,,False,False,
u_001939,free,,,False,False,
u_001940,free,,,False,False,
u_001941,free,,,False,False,
u_001942,free,,,False,False,
u_001943,free,,,False,False,
u_001944,free,,,False,False,
u_001945,free,,,False,False,
u_001946,free,,,False,False,
u_001947,free,,,False,False,
u_001948,free,,,False,False,
u_001949,free,,,False,False,
u_001950,free,,,False,False,
u_001951,free,,,False,False,
u_001952,free,,,False,False,
u_001953,free,,,False,False,
u_001954,free,,,False,False,
u_001955,free,,,False,False,
u_001956,free,,,False,False,
u_001957,free,,,False,False,
u_001958,free,,,False,False,
u_001959,free,,,False,False,
u_001960,free,,,False,False,
u_001961,free,,,False,False,
u_001962,free,,,False,False,
u_001963,free,,,False,False,
u_001964,free,,,False,False,
u_001965,free,,,False,False,
u_001966,free,,,False,False,
u_001967,free,,,False,False,
u_001968,free,,,False,False,
u_001969,free,,,False,False,
u_001970,free,,,False,False,
u_001971,free,,,False,False,
u_001972,free,,,False,False,
u_001973,free,,,False,False,
u_001974,free,,,False,False,
u_001975,free,,,False,False,
u_001976,free,,,False,False,
u_001977,free,,,False,False,
u_001978,free,,,False,False,
u_001979,free,,,False,False,
u_001980,plus,2025-12-11 05:59:23,,False,True,2025-12-11 05:59:23
u_001981,free,,,False,False,
u_001982,free,,,False,False,
u_001983,free,,,False,False,
u_001984,free,,,False,False,
u_001985,free,,,False,False,
u_001986,free,,,False,False,
u_001987,free,,,False,False,
u_001988,plus,2026-01-02 09:32:28,,False,True,2026-01-02 09:32:28
u_001989,plus,2025-11-27 01:55:36,,True,True,2025-11-27 01:55:36
u_001990,free,,,False,False,
u_001991,plus,2025-11-16 13:08:40,2026-01-08 13:08:40,True,True,2025-11-16 13:08:40
u_001992,free,,,False,False,
u_001993,free,,,False,False,
u_001994,free,,,False,False,
u_001995,free,,,False,False,
u_001996,free,,,False,False,
u_001997,free,,,False,False,
u_001998,free,,,False,False,
u_001999,free,,,False,False,
u_002000,free,,,False,False,
u_002001,free,,,False,False,
u_002002,free,,,False,False,
u_002003,free,,,False,False,
u_002004,free,,,False,False,
u_002005,free,,,False,False,
u_002006,free,,,False,False,
u_002007,free,,,False,False,
u_002008,free,,,False,False,
u_002009,free,,,False,False,
u_002010,free,,,False,False,
u_002011,free,,,False,False,
u_002012,free,,,False,False,
u_002013,free,,,False,False,
u_002014,free,,,False,False,
u_002015,free,,,False,False,
u_002016,free,,,False,False,
u_002017,free,,,False,False,
u_002018,free,,,False,False,
u_002019,free,,,False,False,
u_002020,free,,,False,False,
u_002021,free,,,False,False,
u_002022,free,,,False,False,
u_002023,free,,,False,False,
u_002024,free,,,False,False,
u_002025,free,,,False,False,
u_002026,free,,,False,False,
u_002027,free,,,False,False,
u_002028,free,,,False,False,
u_002029,plus,2025-12-28 12:59:43,2026-01-28 12:59:43,False,True,2025-12-28 12:59:43
u_002030,pro,2025-12-20 05:16:53,,True,True,2025-12-20 05:16:53
u_002031,free,,,False,False,
u_002032,pro,2025-11-13 05:37:40,,True,True,2025-11-13 05:37:40
u_002033,free,,,False,False,
u_002034,free,,,False,False,
u_002035,free,,,False,False,
u_002036,free,,,False,False,
u_002037,pro,2025-12-26 12:52:19,,False,True,2025-12-26 12:52:19
u_002038,free,,,False,False,
u_002039,free,,,False,False,
u_002040,free,,,False,False,
u_002041,free,,,False,False,
u_002042,free,,,False,False,
u_002043,free,,,False,False,
u_002044,free,,,False,False,
u_002045,free,,,False,False,
u_002046,free,,,False,False,
u_002047,free,,,False,False,
u_002048,free,,,False,False,
u_002049,free,,,False,False,
u_002050,free,,,False,False,
u_002051,free,,,False,False,
u_002052,free,,,False,False,
u_002053,free,,,False,False,
u_002054,free,,,False,False,
u_002055,free,,,False,False,
u_002056,free,,,False,False,
u_002057,free,,,False,False,
u_002058,free,,,False,False,
u_002059,free,,,False,False,
u_002060,free,,,False,False,
u_002061,free,,,False,False,
u_002062,pro,2025-11-17 02:17:16,,False,True,2025-11-17 02:17:16
u_002063,free,,,False,False,
u_002064,free,,,False,False,
u_002065,free,,,False,False,
u_002066,free,,,False,False,
u_002067,free,,,False,False,
u_002068,free,,,False,False,
u_002069,free,,,False,False,
u_002070,free,,,False,False,
u_002071,free,,,False,False,
u_002072,free,,,False,False,
u_002073,free,,,False,False,
u_002074,free,,,False,False,
u_002075,free,,,False,False,
u_002076,free,,,False,False,
u_002077,free,,,False,False,
u_002078,free,,,False,False,
u_002079,free,,,False,False,
u_002080,free,,,False,False,
u_002081,free,,,False,False,
u_002082,free,,,False,False,
u_002083,free,,,False,False,
u_002084,free,,,False,False,
u_002085,free,,,False,False,
u_002086,free,,,False,False,
u_002087,free,,,False,False,
u_002088,free,,,False,False,
u_002089,free,,,False,False,
u_002090,free,,,False,False,
u_002091,free,,,False,False,
u_002092,free,,,False,False,
u_002093,free,,,False,False,
u_002094,free,,,False,False,
u_002095,free,,,False,False,
u_002096,free,,,False,False,
u_002097,free,,,False,False,
u_002098,free,,,False,False,
u_002099,free,,,False,False,
u_002100,free,,,False,False,
u_002101,free,,,False,False,
u_002102,free,,,False,False,
u_002103,free,,,False,False,
u_002104,free,,,False,False,
u_002105,free,,,False,False,
u_002106,free,,,False,False,
u_002107,free,,,False,False,
u_002108,free,,,False,False,
u_002109,free,,,False,False,
u_002110,free,,,False,False,
u_002111,free,,,False,False,
u_002112,free,,,False,False,
u_002113,free,,,False,False,
u_002114,free,,,False,False,
u_002115,free,,,False,False,
u_002116,free,,,False,False,
u_002117,free,,,False,False,
u_002118,free,,,False,False,
u_002119,free,,,False,False,
u_002120,free,,,False,False,
u_002121,free,,,False,False,
u_002122,free,,,False,False,
u_002123,free,,,False,False,
u_002124,free,,,False,False,
u_002125,free,,,False,False,
u_002126,free,,,False,False,
u_002127,free,,,False,False,
u_002128,free,,,False,False,
u_002129,free,,,False,False,
u_002130,free,,,False,False,
u_002131,free,,,False,False,
u_002132,free,,,False,False,
u_002133,free,,,False,False,
u_002134,plus,2025-12-07 02:41:38,,False,True,2025-12-07 02:41:38
u_002135,free,,,False,False,
u_002136,free,,,False,False,
u_002137,free,,,False,False,
u_002138,free,,,False,False,
u_002139,free,,,False,False,
u_002140,free,,,False,False,
u_002141,free,,,False,False,
u_002142,free,,,False,False,
u_002143,plus,2025-11-12 00:15:27,,True,True,2025-11-12 00:15:27
u_002144,free,,,False,False,
u_002145,free,,,False,False,
u_002146,free,,,False,False,
u_002147,free,,,False,False,
u_002148,free,,,False,False,
u_002149,free,,,False,False,
u_002150,free,,,False,False,
u_002151,free,,,False,False,
u_002152,free,,,False,False,
u_002153,free,,,False,False,
u_002154,free,,,False,False,
u_002155,free,,,False,False,
u_002156,free,,,False,False,
u_002157,free,,,False,False,
u_002158,free,,,False,False,
u_002159,free,,,False,False,
u_002160,free,,,False,False,
u_002161,free,,,False,False,
u_002162,free,,,False,False,
u_002163,free,,,False,False,
u_002164,free,,,False,False,
u_002165,plus,2025-11-27 04:50:18,,True,True,2025-11-27 04:50:18
u_002166,free,,,False,False,
u_002167,free,,,False,False,
u_002168,free,,,False,False,
u_002169,free,,,False,False,
u_002170,free,,,False,False,
u_002171,free,,,False,False,
u_002172,free,,,False,False,
u_002173,free,,,False,False,
u_002174,free,,,False,False,
u_002175,free,,,False,False,
u_002176,free,,,False,False,
u_002177,free,,,False,False,
u_002178,free,,,False,False,
u_002179,free,,,False,False,
u_002180,free,,,False,False,
u_002181,free,,,False,False,
u_002182,free,,,False,False,
u_002183,free,,,False,False,
u_002184,free,,,False,False,
u_002185,pro,2025-12-12 01:42:50,2026-02-10 01:42:50,True,True,2025-12-12 01:42:50
u_002186,free,,,False,False,
u_002187,free,,,False,False,
u_002188,free,,,False,False,
u_002189,free,,,False,False,
u_002190,free,,,False,False,
u_002191,free,,,False,False,
u_002192,free,,,False,False,
u_002193,free,,,False,False,
u_002194,free,,,False,False,
u_002195,free,,,False,False,
u_002196,free,,,False,False,
u_002197,free,,,False,False,
u_002198,free,,,False,False,
u_002199,free,,,False,False,
u_002200,free,,,False,False,
u_002201,free,,,False,False,
u_002202,free,,,False,False,
u_002203,free,,,False,False,
u_002204,free,,,False,False,
u_002205,free,,,False,False,
u_002206,free,,,False,False,
u_002207,free,,,False,False,
u_002208,free,,,False,False,
u_002209,free,,,False,False,
u_002210,free,,,False,False,
u_002211,plus,2025-12-17 07:25:49,,False,True,2025-12-17 07:25:49
u_002212,free,,,False,False,
u_002213,free,,,False,False,
u_002214,free,,,False,False,
u_002215,free,,,False,False,
u_002216,free,,,False,False,
u_002217,free,,,False,False,
u_002218,free,,,False,False,
u_002219,plus,2025-12-18 16:15:42,,True,True,2025-12-18 16:15:42
u_002220,pro,2025-12-28 02:02:23,2026-02-14 02:02:23,False,True,2025-12-28 02:02:23
u_002221,free,,,False,False,
u_002222,free,,,False,False,
u_002223,free,,,False,False,
u_002224,free,,,False,False,
u_002225,free,,,False,False,
u_002226,free,,,False,False,
u_002227,free,,,False,False,
u_002228,free,,,False,False,
u_002229,free,,,False,False,
u_002230,free,,,False,False,
u_002231,free,,,False,False,
u_002232,free,,,False,False,
u_002233,free,,,False,False,
u_002234,free,,,False,False,
u_002235,free,,,False,False,
u_002236,free,,,False,False,
u_002237,plus,2025-11-07 19:50:59,,False,True,2025-11-07 19:50:59
u_002238,free,,,False,False,
u_002239,free,,,False,False,
u_002240,free,,,False,False,
u_002241,free,,,False,False,
u_002242,free,,,False,False,
u_002243,free,,,False,False,
u_002244,free,,,False,False,
u_002245,free,,,False,False,
u_002246,free,,,False,False,
u_002247,free,,,False,False,
u_002248,free,,,False,False,
u_002249,free,,,False,False,
u_002250,free,,,False,False,
u_002251,free,,,False,False,
u_002252,free,,,False,False,
u_002253,free,,,False,False,
u_002254,free,,,False,False,
u_002255,free,,,False,False,
u_002256,free,,,False,False,
u_002257,free,,,False,False,
u_002258,free,,,False,False,
u_002259,free,,,False,False,
u_002260,free,,,False,False,
u_002261,free,,,False,False,
u_002262,free,,,False,False,
u_002263,plus,2025-11-27 15:01:14,,True,True,2025-11-27 15:01:14
u_002264,free,,,False,False,
u_002265,free,,,False,False,
u_002266,free,,,False,False,
u_002267,free,,,False,False,
u_002268,plus,2025-12-31 02:17:33,,True,True,2025-12-31 02:17:33
u_002269,free,,,False,False,
u_002270,free,,,False,False,
u_002271,free,,,False,False,
u_002272,free,,,False,False,
u_002273,free,,,False,False,
u_002274,free,,,False,False,
u_002275,free,,,False,False,
u_002276,free,,,False,False,
u_002277,free,,,False,False,
u_002278,free,,,False,False,
u_002279,free,,,False,False,
u_002280,free,,,False,False,
u_002281,free,,,False,False,
u_002282,free,,,False,False,
u_002283,free,,,False,False,
u_002284,free,,,False,False,
u_002285,free,,,False,False,
u_002286,free,,,False,False,
u_002287,free,,,False,False,
u_002288,free,,,False,False,
u_002289,free,,,False,False,
u_002290,free,,,False,False,
u_002291,free,,,False,False,
u_002292,free,,,False,False,
u_002293,free,,,False,False,
u_002294,free,,,False,False,
u_002295,free,,,False,False,
u_002296,free,,,False,False,
u_002297,free,,,False,False,
u_002298,free,,,False,False,
u_002299,pro,2025-12-02 00:18:50,2026-01-20 00:18:50,True,True,2025-12-02 00:18:50
u_002300,free,,,False,False,
u_002301,free,,,False,False,
u_002302,free,,,False,False,
u_002303,plus,2025-11-19 12:28:15,2026-01-09 12:28:15,True,True,2025-11-19 12:28:15
u_002304,free,,,False,False,
u_002305,free,,,False,False,
u_002306,free,,,False,False,
u_002307,free,,,False,False,
u_002308,free,,,False,False,
u_002309,free,,,False,False,
u_002310,free,,,False,False,
u_002311,free,,,False,False,
u_002312,free,,,False,False,
u_002313,free,,,False,False,
u_002314,free,,,False,False,
u_002315,free,,,False,False,
u_002316,free,,,False,False,
u_002317,free,,,False,False,
u_002318,free,,,False,False,
u_002319,free,,,False,False,
u_002320,free,,,False,False,
u_002321,free,,,False,False,
u_002322,free,,,False,False,
u_002323,plus,2025-11-20 16:00:03,,True,True,2025-11-20 16:00:03
u_002324,free,,,False,False,
u_002325,free,,,False,False,
u_002326,free,,,False,False,
u_002327,free,,,False,False,
u_002328,free,,,False,False,
u_002329,free,,,False,False,
u_002330,free,,,False,False,
u_002331,free,,,False,False,
u_002332,free,,,False,False,
u_002333,free,,,False,False,
u_002334,free,,,False,False,
u_002335,free,,,False,False,
u_002336,free,,,False,False,
u_002337,free,,,False,False,
u_002338,free,,,False,False,
u_002339,free,,,False,False,
u_002340,free,,,False,False,
u_002341,free,,,False,False,
u_002342,free,,,False,False,
u_002343,free,,,False,False,
u_002344,free,,,False,False,
u_002345,free,,,False,False,
u_002346,free,,,False,False,
u_002347,free,,,False,False,
u_002348,free,,,False,False,
u_002349,free,,,False,False,
u_002350,free,,,False,False,
u_002351,free,,,False,False,
u_002352,free,,,False,False,
u_002353,free,,,False,False,
u_002354,free,,,False,False,
u_002355,pro,2025-12-14 23:18:09,,True,True,2025-12-14 23:18:09
u_002356,free,,,False,False,
u_002357,pro,2025-12-31 19:18:45,,False,True,2025-12-31 19:18:45
u_002358,free,,,False,False,
u_002359,free,,,False,False,
u_002360,free,,,False,False,
u_002361,free,,,False,False,
u_002362,free,,,False,False,
u_002363,free,,,False,False,
u_002364,free,,,False,False,
u_002365,free,,,False,False,
u_002366,free,,,False,False,
u_002367,free,,,False,False,
u_002368,free,,,False,False,
u_002369,free,,,False,False,
u_002370,free,,,False,False,
u_002371,free,,,False,False,
u_002372,free,,,False,False,
u_002373,free,,,False,False,
u_002374,free,,,False,False,
u_002375,free,,,False,False,
u_002376,free,,,False,False,
u_002377,free,,,False,False,
u_002378,free,,,False,False,
u_002379,free,,,False,False,
u_002380,free,,,False,False,
u_002381,free,,,False,False,
u_002382,plus,2025-11-27 03:05:08,,True,True,2025-11-27 03:05:08
u_002383,free,,,False,False,
u_002384,free,,,False,False,
u_002385,free,,,False,False,
u_002386,free,,,False,False,
u_002387,free,,,False,False,
u_002388,free,,,False,False,
u_002389,free,,,False,False,
u_002390,free,,,False,False,
u_002391,pro,2025-12-15 19:38:39,,True,True,2025-12-15 19:38:39
u_002392,free,,,False,False,
u_002393,free,,,False,False,
u_002394,free,,,False,False,
u_002395,free,,,False,False,
u_002396,free,,,False,False,
u_002397,free,,,False,False,
u_002398,free,,,False,False,
u_002399,free,,,False,False,
u_002400,free,,,False,False,
u_002401,free,,,False,False,
u_002402,free,,,False,False,
u_002403,free,,,False,False,
u_002404,free,,,False,False,
u_002405,free,,,False,False,
u_002406,plus,2025-12-06 07:59:43,,False,True,2025-12-06 07:59:43
u_002407,free,,,False,False,
u_002408,pro,2025-12-28 00:29:46,,True,True,2025-12-28 00:29:46
u_002409,free,,,False,False,
u_002410,free,,,False,False,
u_002411,free,,,False,False,
u_002412,free,,,False,False,
u_002413,free,,,False,False,
u_002414,plus,2025-11-28 20:01:19,,False,True,2025-11-28 20:01:19
u_002415,free,,,False,False,
u_002416,free,,,False,False,
u_002417,plus,2025-11-26 17:24:35,,True,True,2025-11-26 17:24:35
u_002418,free,,,False,False,
u_002419,free,,,False,False,
u_002420,free,,,False,False,
u_002421,free,,,False,False,
u_002422,free,,,False,False,
u_002423,free,,,False,False,
u_002424,free,,,False,False,
u_002425,free,,,False,False,
u_002426,free,,,False,False,
u_002427,free,,,False,False,
u_002428,free,,,False,False,
u_002429,free,,,False,False,
u_002430,free,,,False,False,
u_002431,free,,,False,False,
u_002432,free,,,False,False,
u_002433,free,,,False,False,
u_002434,free,,,False,False,
u_002435,free,,,False,False,
u_002436,free,,,False,False,
u_002437,free,,,False,False,
u_002438,free,,,False,False,
u_002439,free,,,False,False,
u_002440,free,,,False,False,
u_002441,plus,2025-12-28 06:32:03,,False,True,2025-12-28 06:32:03
u_002442,free,,,False,False,
u_002443,free,,,False,False,
u_002444,free,,,False,False,
u_002445,free,,,False,False,
u_002446,free,,,False,False,
u_002447,free,,,False,False,
u_002448,plus,2025-12-26 06:46:17,,False,True,2025-12-26 06:46:17
u_002449,free,,,False,False,
u_002450,free,,,False,False,
u_002451,free,,,False,False,
u_002452,free,,,False,False,
u_002453,free,,,False,False,
u_002454,free,,,False,False,
u_002455,free,,,False,False,
u_002456,free,,,False,False,
u_002457,free,,,False,False,
u_002458,free,,,False,False,
u_002459,free,,,False,False,
u_002460,free,,,False,False,
u_002461,free,,,False,False,
u_002462,free,,,False,False,
u_002463,plus,2025-11-14 21:38:28,2025-12-29 21:38:28,False,True,2025-11-14 21:38:28
u_002464,free,,,False,False,
u_002465,free,,,False,False,
u_002466,free,,,False,False,
u_002467,free,,,False,False,
u_002468,free,,,False,False,
u_002469,free,,,False,False,
u_002470,free,,,False,False,
u_002471,free,,,False,False,
u_002472,free,,,False,False,
u_002473,free,,,False,False,
u_002474,free,,,False,False,
u_002475,pro,2025-12-04 02:18:57,,False,True,2025-12-04 02:18:57
u_002476,free,,,False,False,
u_002477,free,,,False,False,
u_002478,free,,,False,False,
u_002479,free,,,False,False,
u_002480,free,,,False,False,
u_002481,free,,,False,False,
u_002482,free,,,False,False,
u_002483,free,,,False,False,
u_002484,free,,,False,False,
u_002485,free,,,False,False,
u_002486,free,,,False,False,
u_002487,free,,,False,False,
u_002488,free,,,False,False,
u_002489,free,,,False,False,
u_002490,pro,2025-12-02 12:00:44,,True,True,2025-12-02 12:00:44
u_002491,free,,,False,False,
u_002492,free,,,False,False,
u_002493,free,,,False,False,
u_002494,free,,,False,False,
u_002495,free,,,False,False,
u_002496,free,,,False,False,
u_002497,free,,,False,False,
u_002498,free,,,False,False,
u_002499,free,,,False,False,
u_002500,plus,2025-12-10 22:44:24,,False,True,2025-12-10 22:44:24
u_002501,free,,,False,False,
u_002502,free,,,False,False,
u_002503,free,,,False,False,
u_002504,free,,,False,False,
u_002505,free,,,False,False,
u_002506,free,,,False,False,
u_002507,free,,,False,False,
u_002508,free,,,False,False,
u_002509,free,,,False,False,
u_002510,free,,,False,False,
u_002511,free,,,False,False,
u_002512,free,,,False,False,
u_002513,free,,,False,False,
u_002514,free,,,False,False,
u_002515,free,,,False,False,
u_002516,free,,,False,False,
u_002517,free,,,False,False,
u_002518,free,,,False,False,
u_002519,free,,,False,False,
u_002520,free,,,False,False,
u_002521,free,,,False,False,
u_002522,free,,,False,False,
u_002523,free,,,False,False,
u_002524,free,,,False,False,
u_002525,free,,,False,False,
u_002526,free,,,False,False,
u_002527,free,,,False,False,
u_002528,free,,,False,False,
u_002529,free,,,False,False,
u_002530,free,,,False,False,
u_002531,free,,,False,False,
u_002532,free,,,False,False,
u_002533,free,,,False,False,
u_002534,free,,,False,False,
u_002535,free,,,False,False,
u_002536,free,,,False,False,
u_002537,pro,2025-11-16 20:03:36,,False,True,2025-11-16 20:03:36
u_002538,free,,,False,False,
u_002539,free,,,False,False,
u_002540,free,,,False,False,
u_002541,pro,2025-12-29 13:46:25,2026-02-04 13:46:25,True,True,2025-12-29 13:46:25
u_002542,free,,,False,False,
u_002543,free,,,False,False,
u_002544,free,,,False,False,
u_002545,free,,,False,False,
u_002546,free,,,False,False,
u_002547,plus,2025-12-22 23:12:12,,True,True,2025-12-22 23:12:12
u_002548,free,,,False,False,
u_002549,free,,,False,False,
u_002550,free,,,False,False,
u_002551,free,,,False,False,
u_002552,free,,,False,False,
u_002553,pro,2025-11-24 07:35:52,,True,True,2025-11-24 07:35:52
u_002554,free,,,False,False,
u_002555,free,,,False,False,
u_002556,free,,,False,False,
u_002557,free,,,False,False,
u_002558,free,,,False,False,
u_002559,free,,,False,False,
u_002560,plus,2026-01-04 02:32:38,2026-02-20 02:32:38,False,True,2026-01-04 02:32:38
u_002561,free,,,False,False,
u_002562,free,,,False,False,
u_002563,free,,,False,False,
u_002564,free,,,False,False,
u_002565,free,,,False,False,
u_002566,free,,,False,False,
u_002567,free,,,False,False,
u_002568,free,,,False,False,
u_002569,free,,,False,False,
u_002570,free,,,False,False,
u_002571,free,,,False,False,
u_002572,free,,,False,False,
u_002573,free,,,False,False,
u_002574,free,,,False,False,
u_002575,plus,2026-01-04 01:32:31,,True,True,2026-01-04 01:32:31
u_002576,free,,,False,False,
u_002577,free,,,False,False,
u_002578,free,,,False,False,
u_002579,free,,,False,False,
u_002580,free,,,False,False,
u_002581,free,,,False,False,
u_002582,free,,,False,False,
u_002583,free,,,False,False,
u_002584,free,,,False,False,
u_002585,free,,,False,False,
u_002586,free,,,False,False,
u_002587,free,,,False,False,
u_002588,free,,,False,False,
u_002589,free,,,False,False,
u_002590,free,,,False,False,
u_002591,free,,,False,False,
u_002592,free,,,False,False,
u_002593,free,,,False,False,
u_002594,free,,,False,False,
u_002595,free,,,False,False,
u_002596,free,,,False,False,
u_002597,plus,2026-01-01 09:33:34,,True,True,2026-01-01 09:33:34
u_002598,free,,,False,False,
u_002599,free,,,False,False,
u_002600,free,,,False,False,
u_002601,free,,,False,False,
u_002602,free,,,False,False,
u_002603,free,,,False,False,
u_002604,free,,,False,False,
u_002605,plus,2025-12-30 10:27:00,2026-02-06 10:27:00,True,True,2025-12-30 10:27:00
u_002606,free,,,False,False,
u_002607,free,,,False,False,
u_002608,free,,,False,False,
u_002609,free,,,False,False,
u_002610,free,,,False,False,
u_002611,free,,,False,False,
u_002612,free,,,False,False,
u_002613,free,,,False,False,
u_002614,free,,,False,False,
u_002615,free,,,False,False,
u_002616,plus,2025-11-13 01:55:04,,True,True,2025-11-13 01:55:04
u_002617,free,,,False,False,
u_002618,free,,,False,False,
u_002619,free,,,False,False,
u_002620,free,,,False,False,
u_002621,free,,,False,False,
u_002622,free,,,False,False,
u_002623,free,,,False,False,
u_002624,free,,,False,False,
u_002625,free,,,False,False,
u_002626,free,,,False,False,
u_002627,free,,,False,False,
u_002628,free,,,False,False,
u_002629,free,,,False,False,
u_002630,free,,,False,False,
u_002631,free,,,False,False,
u_002632,free,,,False,False,
u_002633,free,,,False,False,
u_002634,free,,,False,False,
u_002635,free,,,False,False,
u_002636,free,,,False,False,
u_002637,free,,,False,False,
u_002638,free,,,False,False,
u_002639,free,,,False,False,
u_002640,free,,,False,False,
u_002641,free,,,False,False,
u_002642,free,,,False,False,
u_002643,free,,,False,False,
u_002644,free,,,False,False,
u_002645,free,,,False,False,
u_002646,free,,,False,False,
u_002647,free,,,False,False,
u_002648,free,,,False,False,
u_002649,free,,,False,False,
u_002650,free,,,False,False,
u_002651,free,,,False,False,
u_002652,free,,,False,False,
u_002653,free,,,False,False,
u_002654,free,,,False,False,
u_002655,free,,,False,False,
u_002656,free,,,False,False,
u_002657,free,,,False,False,
u_002658,free,,,False,False,
u_002659,free,,,False,False,
u_002660,free,,,False,False,
u_002661,free,,,False,False,
u_002662,free,,,False,False,
u_002663,free,,,False,False,
u_002664,free,,,False,False,
u_002665,free,,,False,False,
u_002666,free,,,False,False,
u_002667,free,,,False,False,
u_002668,free,,,False,False,
u_002669,free,,,False,False,
u_002670,free,,,False,False,
u_002671,free,,,False,False,
u_002672,free,,,False,False,
u_002673,free,,,False,False,
u_002674,free,,,False,False,
u_002675,free,,,False,False,
u_002676,free,,,False,False,
u_002677,free,,,False,False,
u_002678,free,,,False,False,
u_002679,free,,,False,False,
u_002680,free,,,False,False,
u_002681,free,,,False,False,
u_002682,free,,,False,False,
u_002683,free,,,False,False,
u_002684,free,,,False,False,
u_002685,free,,,False,False,
u_002686,free,,,False,False,
u_002687,free,,,False,False,
u_002688,free,,,False,False,
u_002689,pro,2026-01-01 08:22:10,,True,True,2026-01-01 08:22:10
u_002690,free,,,False,False,
u_002691,free,,,False,False,
u_002692,free,,,False,False,
u_002693,free,,,False,False,
u_002694,free,,,False,False,
u_002695,free,,,False,False,
u_002696,free,,,False,False,
u_002697,free,,,False,False,
u_002698,free,,,False,False,
u_002699,free,,,False,False,
u_002700,free,,,False,False,
u_002701,free,,,False,False,
u_002702,free,,,False,False,
u_002703,free,,,False,False,
u_002704,free,,,False,False,
u_002705,free,,,False,False,
u_002706,free,,,False,False,
u_002707,free,,,False,False,
u_002708,free,,,False,False,
u_002709,free,,,False,False,
u_002710,free,,,False,False,
u_002711,free,,,False,False,
u_002712,free,,,False,False,
u_002713,free,,,False,False,
u_002714,free,,,False,False,
u_002715,free,,,False,False,
u_002716,free,,,False,False,
u_002717,free,,,False,False,
u_002718,plus,2025-12-29 08:35:01,,False,True,2025-12-29 08:35:01
u_002719,free,,,False,False,
u_002720,free,,,False,False,
u_002721,free,,,False,False,
u_002722,free,,,False,False,
u_002723,free,,,False,False,
u_002724,free,,,False,False,
u_002725,free,,,False,False,
u_002726,free,,,False,False,
u_002727,free,,,False,False,
u_002728,free,,,False,False,
u_002729,free,,,False,False,
u_002730,free,,,False,False,
u_002731,free,,,False,False,
u_002732,free,,,False,False,
u_002733,free,,,False,False,
u_002734,free,,,False,False,
u_002735,free,,,False,False,
u_002736,free,,,False,False,
u_002737,free,,,False,False,
u_002738,free,,,False,False,
u_002739,free,,,False,False,
u_002740,free,,,False,False,
u_002741,free,,,False,False,
u_002742,free,,,False,False,
u_002743,free,,,False,False,
u_002744,free,,,False,False,
u_002745,free,,,False,False,
u_002746,free,,,False,False,
u_002747,free,,,False,False,
u_002748,free,,,False,False,
u_002749,free,,,False,False,
u_002750,free,,,False,False,
u_002751,free,,,False,False,
u_002752,free,,,False,False,
u_002753,free,,,False,False,
u_002754,free,,,False,False,
u_002755,free,,,False,False,
u_002756,free,,,False,False,
u_002757,free,,,False,False,
u_002758,free,,,False,False,
u_002759,free,,,False,False,
u_002760,free,,,False,False,
u_002761,free,,,False,False,
u_002762,free,,,False,False,
u_002763,free,,,False,False,
u_002764,free,,,False,False,
u_002765,free,,,False,False,
u_002766,free,,,False,False,
u_002767,free,,,False,False,
u_002768,free,,,False,False,
u_002769,free,,,False,False,
u_002770,free,,,False,False,
u_002771,pro,2025-12-16 13:47:29,,True,True,2025-12-16 13:47:29
u_002772,free,,,False,False,
u_002773,free,,,False,False,
u_002774,free,,,False,False,
u_002775,free,,,False,False,
u_002776,free,,,False,False,
u_002777,free,,,False,False,
u_002778,free,,,False,False,
u_002779,free,,,False,False,
u_002780,free,,,False,False,
u_002781,free,,,False,False,
u_002782,free,,,False,False,
u_002783,free,,,False,False,
u_002784,plus,2025-12-03 15:18:24,,True,True,2025-12-03 15:18:24
u_002785,free,,,False,False,
u_002786,free,,,False,False,
u_002787,free,,,False,False,
u_002788,free,,,False,False,
u_002789,free,,,False,False,
u_002790,free,,,False,False,
u_002791,free,,,False,False,
u_002792,free,,,False,False,
u_002793,free,,,False,False,
u_002794,free,,,False,False,
u_002795,free,,,False,False,
u_002796,free,,,False,False,
u_002797,free,,,False,False,
u_002798,free,,,False,False,
u_002799,free,,,False,False,
u_002800,free,,,False,False,
u_002801,free,,,False,False,
u_002802,free,,,False,False,
u_002803,free,,,False,False,
u_002804,free,,,False,False,
u_002805,free,,,False,False,
u_002806,free,,,False,False,
u_002807,free,,,False,False,
u_002808,free,,,False,False,
u_002809,free,,,False,False,
u_002810,free,,,False,False,
u_002811,free,,,False,False,
u_002812,free,,,False,False,
u_002813,free,,,False,False,
u_002814,free,,,False,False,
u_002815,free,,,False,False,
u_002816,free,,,False,False,
u_002817,free,,,False,False,
u_002818,free,,,False,False,
u_002819,free,,,False,False,
u_002820,free,,,False,False,
u_002821,free,,,False,False,
u_002822,free,,,False,False,
u_002823,free,,,False,False,
u_002824,free,,,False,False,
u_002825,free,,,False,False,
u_002826,free,,,False,False,
u_002827,free,,,False,False,
u_002828,free,,,False,False,
u_002829,free,,,False,False,
u_002830,free,,,False,False,
u_002831,free,,,False,False,
u_002832,free,,,False,False,
u_002833,free,,,False,False,
u_002834,free,,,False,False,
u_002835,free,,,False,False,
u_002836,free,,,False,False,
u_002837,free,,,False,False,
u_002838,free,,,False,False,
u_002839,free,,,False,False,
u_002840,free,,,False,False,
u_002841,free,,,False,False,
u_002842,plus,2025-11-29 23:00:19,2026-02-10 23:00:19,False,True,2025-11-29 23:00:19
u_002843,free,,,False,False,
u_002844,free,,,False,False,
u_002845,free,,,False,False,
u_002846,free,,,False,False,
u_002847,free,,,False,False,
u_002848,free,,,False,False,
u_002849,free,,,False,False,
u_002850,free,,,False,False,
u_002851,free,,,False,False,
u_002852,free,,,False,False,
u_002853,free,,,False,False,
u_002854,free,,,False,False,
u_002855,free,,,False,False,
u_002856,free,,,False,False,
u_002857,free,,,False,False,
u_002858,free,,,False,False,
u_002859,free,,,False,False,
u_002860,free,,,False,False,
u_002861,free,,,False,False,
u_002862,free,,,False,False,
u_002863,free,,,False,False,
u_002864,free,,,False,False,
u_002865,free,,,False,False,
u_002866,free,,,False,False,
u_002867,free,,,False,False,
u_002868,free,,,False,False,
u_002869,free,,,False,False,
u_002870,free,,,False,False,
u_002871,free,,,False,False,
u_002872,free,,,False,False,
u_002873,free,,,False,False,
u_002874,free,,,False,False,
u_002875,free,,,False,False,
u_002876,plus,2025-12-25 20:06:17,2026-02-22 20:06:17,True,True,2025-12-25 20:06:17
u_002877,free,,,False,False,
u_002878,plus,2025-12-06 13:35:42,2026-02-09 13:35:42,True,True,2025-12-06 13:35:42
u_002879,free,,,False,False,
u_002880,free,,,False,False,
u_002881,free,,,False,False,
u_002882,free,,,False,False,
u_002883,free,,,False,False,
u_002884,free,,,False,False,
u_002885,free,,,False,False,
u_002886,free,,,False,False,
u_002887,plus,2025-11-29 05:40:59,,True,True,2025-11-29 05:40:59
u_002888,free,,,False,False,
u_002889,free,,,False,False,
u_002890,free,,,False,False,
u_002891,free,,,False,False,
u_002892,free,,,False,False,
u_002893,free,,,False,False,
u_002894,free,,,False,False,
u_002895,pro,2025-11-14 08:58:06,,True,True,2025-11-14 08:58:06
u_002896,free,,,False,False,
u_002897,free,,,False,False,
u_002898,free,,,False,False,
u_002899,pro,2025-11-22 14:07:44,,False,True,2025-11-22 14:07:44
u_002900,free,,,False,False,
u_002901,free,,,False,False,
u_002902,free,,,False,False,
u_002903,free,,,False,False,
u_002904,free,,,False,False,
u_002905,free,,,False,False,
u_002906,free,,,False,False,
u_002907,free,,,False,False,
u_002908,free,,,False,False,
u_002909,free,,,False,False,
u_002910,free,,,False,False,
u_002911,free,,,False,False,
u_002912,free,,,False,False,
u_002913,free,,,False,False,
u_002914,free,,,False,False,
u_002915,free,,,False,False,
u_002916,free,,,False,False,
u_002917,free,,,False,False,
u_002918,free,,,False,False,
u_002919,free,,,False,False,
u_002920,free,,,False,False,
u_002921,free,,,False,False,
u_002922,free,,,False,False,
u_002923,free,,,False,False,
u_002924,free,,,False,False,
u_002925,free,,,False,False,
u_002926,free,,,False,False,
u_002927,free,,,False,False,
u_002928,free,,,False,False,
u_002929,free,,,False,False,
u_002930,free,,,False,False,
u_002931,free,,,False,False,
u_002932,free,,,False,False,
u_002933,free,,,False,False,
u_002934,free,,,False,False,
u_002935,free,,,False,False,
u_002936,free,,,False,False,
u_002937,free,,,False,False,
u_002938,free,,,False,False,
u_002939,free,,,False,False,
u_002940,free,,,False,False,
u_002941,free,,,False,False,
u_002942,free,,,False,False,
u_002943,free,,,False,False,
u_002944,free,,,False,False,
u_002945,free,,,False,False,
u_002946,free,,,False,False,
u_002947,free,,,False,False,
u_002948,free,,,False,False,
u_002949,free,,,False,False,
u_002950,free,,,False,False,
u_002951,free,,,False,False,
u_002952,free,,,False,False,
u_002953,free,,,False,False,
u_002954,free,,,False,False,
u_002955,plus,2025-12-25 07:36:35,,True,True,2025-12-25 07:36:35
u_002956,free,,,False,False,
u_002957,free,,,False,False,
u_002958,free,,,False,False,
u_002959,free,,,False,False,
u_002960,free,,,False,False,
u_002961,free,,,False,False,
u_002962,free,,,False,False,
u_002963,free,,,False,False,
u_002964,free,,,False,False,
u_002965,free,,,False,False,
u_002966,free,,,False,False,
u_002967,free,,,False,False,
u_002968,free,,,False,False,
u_002969,free,,,False,False,
u_002970,free,,,False,False,
u_002971,free,,,False,False,
u_002972,free,,,False,False,
u_002973,free,,,False,False,
u_002974,free,,,False,False,
u_002975,free,,,False,False,
u_002976,free,,,False,False,
u_002977,plus,2025-11-19 01:38:04,,True,True,2025-11-19 01:38:04
u_002978,free,,,False,False,
u_002979,free,,,False,False,
u_002980,free,,,False,False,
u_002981,free,,,False,False,
u_002982,free,,,False,False,
u_002983,free,,,False,False,
u_002984,free,,,False,False,
u_002985,free,,,False,False,
u_002986,free,,,False,False,
u_002987,free,,,False,False,
u_002988,free,,,False,False,
u_002989,free,,,False,False,
u_002990,free,,,False,False,
u_002991,free,,,False,False,
u_002992,free,,,False,False,
u_002993,free,,,False,False,
u_002994,free,,,False,False,
u_002995,free,,,False,False,
u_002996,free,,,False,False,
u_002997,free,,,False,False,
u_002998,free,,,False,False,
u_002999,free,,,False,False,
u_003000,pro,2025-12-06 20:52:33,,True,True,2025-12-06 20:52:33
u_003001,pro,2025-11-10 02:41:41,,True,True,2025-11-10 02:41:41
u_003002,free,,,False,False,
u_003003,free,,,False,False,
u_003004,free,,,False,False,
u_003005,free,,,False,False,
u_003006,free,,,False,False,
u_003007,free,,,False,False,
u_003008,free,,,False,False,
u_003009,free,,,False,False,
u_003010,free,,,False,False,
u_003011,free,,,False,False,
u_003012,free,,,False,False,
u_003013,free,,,False,False,
u_003014,free,,,False,False,
u_003015,free,,,False,False,
u_003016,free,,,False,False,
u_003017,free,,,False,False,
u_003018,free,,,False,False,
u_003019,free,,,False,False,
u_003020,free,,,False,False,
u_003021,free,,,False,False,
u_003022,free,,,False,False,
u_003023,free,,,False,False,
u_003024,free,,,False,False,
u_003025,free,,,False,False,
u_003026,free,,,False,False,
u_003027,free,,,False,False,
u_003028,free,,,False,False,
u_003029,free,,,False,False,
u_003030,free,,,False,False,
u_003031,free,,,False,False,
u_003032,free,,,False,False,
u_003033,free,,,False,False,
u_003034,free,,,False,False,
u_003035,free,,,False,False,
u_003036,free,,,False,False,
u_003037,free,,,False,False,
u_003038,free,,,False,False,
u_003039,free,,,False,False,
u_003040,free,,,False,False,
u_003041,free,,,False,False,
u_003042,free,,,False,False,
u_003043,free,,,False,False,
u_003044,free,,,False,False,
u_003045,free,,,False,False,
u_003046,free,,,False,False,
u_003047,free,,,False,False,
u_003048,free,,,False,False,
u_003049,free,,,False,False,
u_003050,free,,,False,False,
u_003051,free,,,False,False,
u_003052,free,,,False,False,
u_003053,free,,,False,False,
u_003054,free,,,False,False,
u_003055,free,,,False,False,
u_003056,free,,,False,False,
u_003057,free,,,False,False,
u_003058,free,,,False,False,
u_003059,free,,,False,False,
u_003060,free,,,False,False,
u_003061,free,,,False,False,
u_003062,free,,,False,False,
u_003063,free,,,False,False,
u_003064,free,,,False,False,
u_003065,free,,,False,False,
u_003066,free,,,False,False,
u_003067,free,,,False,False,
u_003068,plus,2025-11-19 22:02:07,,True,True,2025-11-19 22:02:07
u_003069,free,,,False,False,
u_003070,free,,,False,False,
u_003071,free,,,False,False,
u_003072,free,,,False,False,
u_003073,free,,,False,False,
u_003074,free,,,False,False,
u_003075,free,,,False,False,
u_003076,free,,,False,False,
u_003077,free,,,False,False,
u_003078,free,,,False,False,
u_003079,free,,,False,False,
u_003080,free,,,False,False,
u_003081,free,,,False,False,
u_003082,free,,,False,False,
u_003083,free,,,False,False,
u_003084,free,,,False,False,
u_003085,plus,2025-11-27 22:26:24,,False,True,2025-11-27 22:26:24
u_003086,free,,,False,False,
u_003087,free,,,False,False,
u_003088,free,,,False,False,
u_003089,plus,2025-12-21 19:41:55,,True,True,2025-12-21 19:41:55
u_003090,free,,,False,False,
u_003091,free,,,False,False,
u_003092,free,,,False,False,
u_003093,free,,,False,False,
u_003094,free,,,False,False,
u_003095,free,,,False,False,
u_003096,free,,,False,False,
u_003097,free,,,False,False,
u_003098,free,,,False,False,
u_003099,free,,,False,False,
u_003100,free,,,False,False,
u_003101,free,,,False,False,
u_003102,free,,,False,False,
u_003103,free,,,False,False,
u_003104,free,,,False,False,
u_003105,free,,,False,False,
u_003106,free,,,False,False,
u_003107,free,,,False,False,
u_003108,free,,,False,False,
u_003109,free,,,False,False,
u_003110,free,,,False,False,
u_003111,free,,,False,False,
u_003112,free,,,False,False,
u_003113,free,,,False,False,
u_003114,free,,,False,False,
u_003115,free,,,False,False,
u_003116,free,,,False,False,
u_003117,free,,,False,False,
u_003118,free,,,False,False,
u_003119,free,,,False,False,
u_003120,free,,,False,False,
u_003121,free,,,False,False,
u_003122,free,,,False,False,
u_003123,free,,,False,False,
u_003124,free,,,False,False,
u_003125,free,,,False,False,
u_003126,free,,,False,False,
u_003127,free,,,False,False,
u_003128,free,,,False,False,
u_003129,free,,,False,False,
u_003130,free,,,False,False,
u_003131,free,,,False,False,
u_003132,free,,,False,False,
u_003133,free,,,False,False,
u_003134,plus,2025-12-07 18:35:15,2026-02-08 18:35:15,True,True,2025-12-07 18:35:15
u_003135,free,,,False,False,
u_003136,free,,,False,False,
u_003137,free,,,False,False,
u_003138,free,,,False,False,
u_003139,free,,,False,False,
u_003140,free,,,False,False,
u_003141,free,,,False,False,
u_003142,free,,,False,False,
u_003143,free,,,False,False,
u_003144,free,,,False,False,
u_003145,free,,,False,False,
u_003146,free,,,False,False,
u_003147,free,,,False,False,
u_003148,free,,,False,False,
u_003149,free,,,False,False,
u_003150,free,,,False,False,
u_003151,free,,,False,False,
u_003152,free,,,False,False,
u_003153,free,,,False,False,
u_003154,free,,,False,False,
u_003155,free,,,False,False,
u_003156,free,,,False,False,
u_003157,free,,,False,False,
u_003158,free,,,False,False,
u_003159,plus,2026-01-03 21:55:40,,True,True,2026-01-03 21:55:40
u_003160,free,,,False,False,
u_003161,free,,,False,False,
u_003162,free,,,False,False,
u_003163,free,,,False,False,
u_003164,free,,,False,False,
u_003165,free,,,False,False,
u_003166,free,,,False,False,
u_003167,plus,2025-11-21 11:56:05,,False,True,2025-11-21 11:56:05
u_003168,free,,,False,False,
u_003169,free,,,False,False,
u_003170,free,,,False,False,
u_003171,free,,,False,False,
u_003172,free,,,False,False,
u_003173,free,,,False,False,
u_003174,free,,,False,False,
u_003175,free,,,False,False,
u_003176,free,,,False,False,
u_003177,free,,,False,False,
u_003178,free,,,False,False,
u_003179,free,,,False,False,
u_003180,free,,,False,False,
u_003181,free,,,False,False,
u_003182,free,,,False,False,
u_003183,free,,,False,False,
u_003184,free,,,False,False,
u_003185,free,,,False,False,
u_003186,free,,,False,False,
u_003187,free,,,False,False,
u_003188,free,,,False,False,
u_003189,free,,,False,False,
u_003190,free,,,False,False,
u_003191,free,,,False,False,
u_003192,free,,,False,False,
u_003193,free,,,False,False,
u_003194,free,,,False,False,
u_003195,free,,,False,False,
u_003196,free,,,False,False,
u_003197,pro,2025-12-20 22:12:28,,False,True,2025-12-20 22:12:28
u_003198,free,,,False,False,
u_003199,free,,,False,False,
u_003200,free,,,False,False,
u_003201,free,,,False,False,
u_003202,free,,,False,False,
u_003203,free,,,False,False,
u_003204,free,,,False,False,
u_003205,free,,,False,False,
u_003206,free,,,False,False,
u_003207,free,,,False,False,
u_003208,free,,,False,False,
u_003209,free,,,False,False,
u_003210,free,,,False,False,
u_003211,free,,,False,False,
u_003212,free,,,False,False,
u_003213,free,,,False,False,
u_003214,free,,,False,False,
u_003215,free,,,False,False,
u_003216,free,,,False,False,
u_003217,free,,,False,False,
u_003218,free,,,False,False,
u_003219,free,,,False,False,
u_003220,free,,,False,False,
u_003221,free,,,False,False,
u_003222,free,,,False,False,
u_003223,free,,,False,False,
u_003224,free,,,False,False,
u_003225,free,,,False,False,
u_003226,free,,,False,False,
u_003227,plus,2025-12-28 04:45:47,,True,True,2025-12-28 04:45:47
u_003228,free,,,False,False,
u_003229,free,,,False,False,
u_003230,pro,2025-11-15 15:56:03,,False,True,2025-11-15 15:56:03
u_003231,free,,,False,False,
u_003232,free,,,False,False,
u_003233,free,,,False,False,
u_003234,free,,,False,False,
u_003235,free,,,False,False,
u_003236,free,,,False,False,
u_003237,free,,,False,False,
u_003238,free,,,False,False,
u_003239,free,,,False,False,
u_003240,free,,,False,False,
u_003241,free,,,False,False,
u_003242,free,,,False,False,
u_003243,free,,,False,False,
u_003244,free,,,False,False,
u_003245,free,,,False,False,
u_003246,pro,2025-11-19 05:19:28,,False,True,2025-11-19 05:19:28
u_003247,free,,,False,False,
u_003248,free,,,False,False,
u_003249,free,,,False,False,
u_003250,free,,,False,False,
u_003251,free,,,False,False,
u_003252,free,,,False,False,
u_003253,free,,,False,False,
u_003254,free,,,False,False,
u_003255,free,,,False,False,
u_003256,free,,,False,False,
u_003257,free,,,False,False,
u_003258,free,,,False,False,
u_003259,free,,,False,False,
u_003260,free,,,False,False,
u_003261,free,,,False,False,
u_003262,free,,,False,False,
u_003263,free,,,False,False,
u_003264,free,,,False,False,
u_003265,free,,,False,False,
u_003266,free,,,False,False,
u_003267,free,,,False,False,
u_003268,free,,,False,False,
u_003269,free,,,False,False,
u_003270,free,,,False,False,
u_003271,free,,,False,False,
u_003272,free,,,False,False,
u_003273,free,,,False,False,
u_003274,free,,,False,False,
u_003275,free,,,False,False,
u_003276,free,,,False,False,
u_003277,free,,,False,False,
u_003278,free,,,False,False,
u_003279,free,,,False,False,
u_003280,plus,2025-12-20 12:53:05,,False,True,2025-12-20 12:53:05
u_003281,free,,,False,False,
u_003282,free,,,False,False,
u_003283,free,,,False,False,
u_003284,free,,,False,False,
u_003285,free,,,False,False,
u_003286,free,,,False,False,
u_003287,free,,,False,False,
u_003288,free,,,False,False,
u_003289,free,,,False,False,
u_003290,free,,,False,False,
u_003291,free,,,False,False,
u_003292,free,,,False,False,
u_003293,free,,,False,False,
u_003294,free,,,False,False,
u_003295,free,,,False,False,
u_003296,free,,,False,False,
u_003297,free,,,False,False,
u_003298,free,,,False,False,
u_003299,free,,,False,False,
u_003300,free,,,False,False,
u_003301,free,,,False,False,
u_003302,free,,,False,False,
u_003303,free,,,False,False,
u_003304,free,,,False,False,
u_003305,free,,,False,False,
u_003306,free,,,False,False,
u_003307,free,,,False,False,
u_003308,free,,,False,False,
u_003309,free,,,False,False,
u_003310,free,,,False,False,
u_003311,free,,,False,False,
u_003312,free,,,False,False,
u_003313,free,,,False,False,
u_003314,free,,,False,False,
u_003315,free,,,False,False,
u_003316,free,,,False,False,
u_003317,free,,,False,False,
u_003318,free,,,False,False,
u_003319,free,,,False,False,
u_003320,free,,,False,False,
u_003321,free,,,False,False,
u_003322,free,,,False,False,
u_003323,free,,,False,False,
u_003324,free,,,False,False,
u_003325,free,,,False,False,
u_003326,free,,,False,False,
u_003327,free,,,False,False,
u_003328,free,,,False,False,
u_003329,plus,2025-12-06 12:20:14,,True,True,2025-12-06 12:20:14
u_003330,plus,2025-12-27 20:19:15,,False,True,2025-12-27 20:19:15
u_003331,free,,,False,False,
u_003332,free,,,False,False,
u_003333,free,,,False,False,
u_003334,free,,,False,False,
u_003335,free,,,False,False,
u_003336,free,,,False,False,
u_003337,pro,2025-12-28 13:13:21,,True,True,2025-12-28 13:13:21
u_003338,free,,,False,False,
u_003339,free,,,False,False,
u_003340,free,,,False,False,
u_003341,free,,,False,False,
u_003342,free,,,False,False,
u_003343,free,,,False,False,
u_003344,plus,2025-11-18 11:08:27,,True,True,2025-11-18 11:08:27
u_003345,free,,,False,False,
u_003346,free,,,False,False,
u_003347,free,,,False,False,
u_003348,plus,2025-12-14 03:20:00,,False,True,2025-12-14 03:20:00
u_003349,free,,,False,False,
u_003350,free,,,False,False,
u_003351,free,,,False,False,
u_003352,free,,,False,False,
u_003353,free,,,False,False,
u_003354,free,,,False,False,
u_003355,free,,,False,False,
u_003356,free,,,False,False,
u_003357,free,,,False,False,
u_003358,free,,,False,False,
u_003359,free,,,False,False,
u_003360,free,,,False,False,
u_003361,free,,,False,False,
u_003362,free,,,False,False,
u_003363,free,,,False,False,
u_003364,free,,,False,False,
u_003365,free,,,False,False,
u_003366,free,,,False,False,
u_003367,free,,,False,False,
u_003368,free,,,False,False,
u_003369,plus,2025-12-18 02:40:49,,True,True,2025-12-18 02:40:49
u_003370,free,,,False,False,
u_003371,free,,,False,False,
u_003372,free,,,False,False,
u_003373,free,,,False,False,
u_003374,free,,,False,False,
u_003375,free,,,False,False,
u_003376,free,,,False,False,
u_003377,free,,,False,False,
u_003378,free,,,False,False,
u_003379,free,,,False,False,
u_003380,free,,,False,False,
u_003381,free,,,False,False,
u_003382,free,,,False,False,
u_003383,free,,,False,False,
u_003384,free,,,False,False,
u_003385,free,,,False,False,
u_003386,free,,,False,False,
u_003387,free,,,False,False,
u_003388,free,,,False,False,
u_003389,free,,,False,False,
u_003390,free,,,False,False,
u_003391,free,,,False,False,
u_003392,free,,,False,False,
u_003393,free,,,False,False,
u_003394,free,,,False,False,
u_003395,free,,,False,False,
u_003396,free,,,False,False,
u_003397,free,,,False,False,
u_003398,free,,,False,False,
u_003399,free,,,False,False,
u_003400,free,,,False,False,
u_003401,free,,,False,False,
u_003402,free,,,False,False,
u_003403,free,,,False,False,
u_003404,free,,,False,False,
u_003405,free,,,False,False,
u_003406,free,,,False,False,
u_003407,free,,,False,False,
u_003408,free,,,False,False,
u_003409,plus,2025-11-15 22:24:48,,True,True,2025-11-15 22:24:48
u_003410,plus,2026-01-04 04:56:10,,True,True,2026-01-04 04:56:10
u_003411,free,,,False,False,
u_003412,free,,,False,False,
u_003413,free,,,False,False,
u_003414,free,,,False,False,
u_003415,free,,,False,False,
u_003416,free,,,False,False,
u_003417,free,,,False,False,
u_003418,free,,,False,False,
u_003419,free,,,False,False,
u_003420,free,,,False,False,
u_003421,free,,,False,False,
u_003422,free,,,False,False,
u_003423,free,,,False,False,
u_003424,free,,,False,False,
u_003425,free,,,False,False,
u_003426,pro,2025-11-27 16:57:30,,True,True,2025-11-27 16:57:30
u_003427,free,,,False,False,
u_003428,free,,,False,False,
u_003429,free,,,False,False,
u_003430,free,,,False,False,
u_003431,free,,,False,False,
u_003432,free,,,False,False,
u_003433,free,,,False,False,
u_003434,free,,,False,False,
u_003435,free,,,False,False,
u_003436,free,,,False,False,
u_003437,free,,,False,False,
u_003438,free,,,False,False,
u_003439,free,,,False,False,
u_003440,free,,,False,False,
u_003441,free,,,False,False,
u_003442,free,,,False,False,
u_003443,free,,,False,False,
u_003444,free,,,False,False,
u_003445,free,,,False,False,
u_003446,free,,,False,False,
u_003447,free,,,False,False,
u_003448,free,,,False,False,
u_003449,free,,,False,False,
u_003450,free,,,False,False,
u_003451,free,,,False,False,
u_003452,free,,,False,False,
u_003453,free,,,False,False,
u_003454,free,,,False,False,
u_003455,free,,,False,False,
u_003456,free,,,False,False,
u_003457,free,,,False,False,
u_003458,free,,,False,False,
u_003459,free,,,False,False,
u_003460,free,,,False,False,
u_003461,free,,,False,False,
u_003462,free,,,False,False,
u_003463,free,,,False,False,
u_003464,free,,,False,False,
u_003465,free,,,False,False,
u_003466,plus,2025-12-03 13:43:29,,False,True,2025-12-03 13:43:29
u_003467,free,,,False,False,
u_003468,free,,,False,False,
u_003469,free,,,False,False,
u_003470,free,,,False,False,
u_003471,free,,,False,False,
u_003472,free,,,False,False,
u_003473,free,,,False,False,
u_003474,free,,,False,False,
u_003475,free,,,False,False,
u_003476,free,,,False,False,
u_003477,free,,,False,False,
u_003478,free,,,False,False,
u_003479,free,,,False,False,
u_003480,free,,,False,False,
u_003481,pro,2025-11-20 16:36:37,,False,True,2025-11-20 16:36:37
u_003482,free,,,False,False,
u_003483,free,,,False,False,
u_003484,free,,,False,False,
u_003485,free,,,False,False,
u_003486,free,,,False,False,
u_003487,free,,,False,False,
u_003488,plus,2025-12-25 23:24:20,,True,True,2025-12-25 23:24:20
u_003489,free,,,False,False,
u_003490,free,,,False,False,
u_003491,free,,,False,False,
u_003492,free,,,False,False,
u_003493,free,,,False,False,
u_003494,free,,,False,False,
u_003495,free,,,False,False,
u_003496,free,,,False,False,
u_003497,free,,,False,False,
u_003498,free,,,False,False,
u_003499,free,,,False,False,
u_003500,plus,2025-12-20 21:32:46,,True,True,2025-12-20 21:32:46
u_003501,free,,,False,False,
u_003502,free,,,False,False,
u_003503,free,,,False,False,
u_003504,free,,,False,False,
u_003505,pro,2025-12-07 06:09:07,,True,True,2025-12-07 06:09:07
u_003506,free,,,False,False,
u_003507,free,,,False,False,
u_003508,free,,,False,False,
u_003509,free,,,False,False,
u_003510,free,,,False,False,
u_003511,free,,,False,False,
u_003512,free,,,False,False,
u_003513,free,,,False,False,
u_003514,free,,,False,False,
u_003515,free,,,False,False,
u_003516,free,,,False,False,
u_003517,free,,,False,False,
u_003518,free,,,False,False,
u_003519,free,,,False,False,
u_003520,free,,,False,False,
u_003521,free,,,False,False,
u_003522,free,,,False,False,
u_003523,free,,,False,False,
u_003524,free,,,False,False,
u_003525,free,,,False,False,
u_003526,pro,2025-12-14 04:28:56,,True,True,2025-12-14 04:28:56
u_003527,free,,,False,False,
u_003528,free,,,False,False,
u_003529,free,,,False,False,
u_003530,free,,,False,False,
u_003531,free,,,False,False,
u_003532,free,,,False,False,
u_003533,free,,,False,False,
u_003534,free,,,False,False,
u_003535,free,,,False,False,
u_003536,free,,,False,False,
u_003537,free,,,False,False,
u_003538,free,,,False,False,
u_003539,pro,2026-01-04 05:37:36,2026-03-01 05:37:36,True,True,2026-01-04 05:37:36
u_003540,free,,,False,False,
u_003541,free,,,False,False,
u_003542,free,,,False,False,
u_003543,free,,,False,False,
u_003544,free,,,False,False,
u_003545,free,,,False,False,
u_003546,free,,,False,False,
u_003547,free,,,False,False,
u_003548,free,,,False,False,
u_003549,free,,,False,False,
u_003550,free,,,False,False,
u_003551,free,,,False,False,
u_003552,free,,,False,False,
u_003553,free,,,False,False,
u_003554,free,,,False,False,
u_003555,free,,,False,False,
u_003556,free,,,False,False,
u_003557,free,,,False,False,
u_003558,free,,,False,False,
u_003559,free,,,False,False,
u_003560,free,,,False,False,
u_003561,free,,,False,False,
u_003562,free,,,False,False,
u_003563,free,,,False,False,
u_003564,free,,,False,False,
u_003565,free,,,False,False,
u_003566,plus,2025-12-21 04:08:47,,True,True,2025-12-21 04:08:47
u_003567,free,,,False,False,
u_003568,free,,,False,False,
u_003569,free,,,False,False,
u_003570,free,,,False,False,
u_003571,free,,,False,False,
u_003572,free,,,False,False,
u_003573,free,,,False,False,
u_003574,free,,,False,False,
u_003575,free,,,False,False,
u_003576,free,,,False,False,
u_003577,free,,,False,False,
u_003578,free,,,False,False,
u_003579,free,,,False,False,
u_003580,free,,,False,False,
u_003581,pro,2025-12-19 17:09:37,,False,True,2025-12-19 17:09:37
u_003582,free,,,False,False,
u_003583,free,,,False,False,
u_003584,free,,,False,False,
u_003585,free,,,False,False,
u_003586,free,,,False,False,
u_003587,free,,,False,False,
u_003588,free,,,False,False,
u_003589,free,,,False,False,
u_003590,free,,,False,False,
u_003591,free,,,False,False,
u_003592,free,,,False,False,
u_003593,free,,,False,False,
u_003594,free,,,False,False,
u_003595,free,,,False,False,
u_003596,free,,,False,False,
u_003597,free,,,False,False,
u_003598,free,,,False,False,
u_003599,free,,,False,False,
u_003600,free,,,False,False,
u_003601,free,,,False,False,
u_003602,free,,,False,False,
u_003603,free,,,False,False,
u_003604,free,,,False,False,
u_003605,free,,,False,False,
u_003606,free,,,False,False,
u_003607,free,,,False,False,
u_003608,free,,,False,False,
u_003609,free,,,False,False,
u_003610,free,,,False,False,
u_003611,free,,,False,False,
u_003612,free,,,False,False,
u_003613,free,,,False,False,
u_003614,free,,,False,False,
u_003615,free,,,False,False,
u_003616,free,,,False,False,
u_003617,free,,,False,False,
u_003618,free,,,False,False,
u_003619,free,,,False,False,
u_003620,free,,,False,False,
u_003621,free,,,False,False,
u_003622,pro,2025-11-14 14:56:27,,True,True,2025-11-14 14:56:27
u_003623,free,,,False,False,
u_003624,free,,,False,False,
u_003625,free,,,False,False,
u_003626,free,,,False,False,
u_003627,pro,2025-12-22 07:01:21,2026-02-21 07:01:21,True,True,2025-12-22 07:01:21
u_003628,free,,,False,False,
u_003629,free,,,False,False,
u_003630,pro,2025-11-11 03:49:52,,False,True,2025-11-11 03:49:52
u_003631,free,,,False,False,
u_003632,plus,2025-11-18 20:27:15,,False,True,2025-11-18 20:27:15
u_003633,free,,,False,False,
u_003634,free,,,False,False,
u_003635,free,,,False,False,
u_003636,free,,,False,False,
u_003637,free,,,False,False,
u_003638,free,,,False,False,
u_003639,free,,,False,False,
u_003640,free,,,False,False,
u_003641,free,,,False,False,
u_003642,free,,,False,False,
u_003643,free,,,False,False,
u_003644,free,,,False,False,
u_003645,free,,,False,False,
u_003646,free,,,False,False,
u_003647,free,,,False,False,
u_003648,free,,,False,False,
u_003649,free,,,False,False,
u_003650,plus,2025-11-17 15:11:17,,False,True,2025-11-17 15:11:17
u_003651,free,,,False,False,
u_003652,free,,,False,False,
u_003653,free,,,False,False,
u_003654,free,,,False,False,
u_003655,free,,,False,False,
u_003656,free,,,False,False,
u_003657,free,,,False,False,
u_003658,free,,,False,False,
u_003659,plus,2025-11-10 23:28:06,,False,True,2025-11-10 23:28:06
u_003660,free,,,False,False,
u_003661,free,,,False,False,
u_003662,free,,,False,False,
u_003663,free,,,False,False,
u_003664,free,,,False,False,
u_003665,free,,,False,False,
u_003666,free,,,False,False,
u_003667,free,,,False,False,
u_003668,free,,,False,False,
u_003669,free,,,False,False,
u_003670,free,,,False,False,
u_003671,free,,,False,False,
u_003672,free,,,False,False,
u_003673,free,,,False,False,
u_003674,free,,,False,False,
u_003675,free,,,False,False,
u_003676,free,,,False,False,
u_003677,free,,,False,False,
u_003678,free,,,False,False,
u_003679,free,,,False,False,
u_003680,free,,,False,False,
u_003681,free,,,False,False,
u_003682,plus,2025-12-11 11:13:03,,True,True,2025-12-11 11:13:03
u_003683,free,,,False,False,
u_003684,free,,,False,False,
u_003685,free,,,False,False,
u_003686,free,,,False,False,
u_003687,free,,,False,False,
u_003688,free,,,False,False,
u_003689,free,,,False,False,
u_003690,free,,,False,False,
u_003691,free,,,False,False,
u_003692,free,,,False,False,
u_003693,free,,,False,False,
u_003694,free,,,False,False,
u_003695,free,,,False,False,
u_003696,free,,,False,False,
u_003697,free,,,False,False,
u_003698,free,,,False,False,
u_003699,free,,,False,False,
u_003700,free,,,False,False,
u_003701,free,,,False,False,
u_003702,free,,,False,False,
u_003703,free,,,False,False,
u_003704,free,,,False,False,
u_003705,free,,,False,False,
u_003706,free,,,False,False,
u_003707,free,,,False,False,
u_003708,free,,,False,False,
u_003709,free,,,False,False,
u_003710,free,,,False,False,
u_003711,free,,,False,False,
u_003712,free,,,False,False,
u_003713,pro,2025-12-19 21:05:46,,False,True,2025-12-19 21:05:46
u_003714,free,,,False,False,
u_003715,free,,,False,False,
u_003716,free,,,False,False,
u_003717,free,,,False,False,
u_003718,free,,,False,False,
u_003719,free,,,False,False,
u_003720,free,,,False,False,
u_003721,free,,,False,False,
u_003722,free,,,False,False,
u_003723,free,,,False,False,
u_003724,free,,,False,False,
u_003725,free,,,False,False,
u_003726,free,,,False,False,
u_003727,free,,,False,False,
u_003728,free,,,False,False,
u_003729,free,,,False,False,
u_003730,free,,,False,False,
u_003731,free,,,False,False,
u_003732,free,,,False,False,
u_003733,free,,,False,False,
u_003734,free,,,False,False,
u_003735,free,,,False,False,
u_003736,free,,,False,False,
u_003737,free,,,False,False,
u_003738,free,,,False,False,
u_003739,pro,2025-12-15 10:44:57,,False,True,2025-12-15 10:44:57
u_003740,free,,,False,False,
u_003741,free,,,False,False,
u_003742,free,,,False,False,
u_003743,free,,,False,False,
u_003744,free,,,False,False,
u_003745,free,,,False,False,
u_003746,free,,,False,False,
u_003747,free,,,False,False,
u_003748,free,,,False,False,
u_003749,free,,,False,False,
u_003750,free,,,False,False,
u_003751,free,,,False,False,
u_003752,free,,,False,False,
u_003753,free,,,False,False,
u_003754,free,,,False,False,
u_003755,free,,,False,False,
u_003756,free,,,False,False,
u_003757,free,,,False,False,
u_003758,free,,,False,False,
u_003759,plus,2025-12-10 06:18:09,,False,True,2025-12-10 06:18:09
u_003760,free,,,False,False,
u_003761,free,,,False,False,
u_003762,free,,,False,False,
u_003763,free,,,False,False,
u_003764,free,,,False,False,
u_003765,free,,,False,False,
u_003766,free,,,False,False,
u_003767,free,,,False,False,
u_003768,free,,,False,False,
u_003769,free,,,False,False,
u_003770,free,,,False,False,
u_003771,free,,,False,False,
u_003772,free,,,False,False,
u_003773,free,,,False,False,
u_003774,free,,,False,False,
u_003775,free,,,False,False,
u_003776,free,,,False,False,
u_003777,free,,,False,False,
u_003778,free,,,False,False,
u_003779,pro,2025-12-15 07:05:50,,False,True,2025-12-15 07:05:50
u_003780,free,,,False,False,
u_003781,free,,,False,False,
u_003782,free,,,False,False,
u_003783,free,,,False,False,
u_003784,free,,,False,False,
u_003785,plus,2025-11-09 23:37:24,,True,True,2025-11-09 23:37:24
u_003786,free,,,False,False,
u_003787,free,,,False,False,
u_003788,free,,,False,False,
u_003789,free,,,False,False,
u_003790,free,,,False,False,
u_003791,free,,,False,False,
u_003792,free,,,False,False,
u_003793,free,,,False,False,
u_003794,free,,,False,False,
u_003795,free,,,False,False,
u_003796,pro,2025-11-15 14:35:45,,False,True,2025-11-15 14:35:45
u_003797,free,,,False,False,
u_003798,free,,,False,False,
u_003799,free,,,False,False,
u_003800,free,,,False,False,
u_003801,free,,,False,False,
u_003802,free,,,False,False,
u_003803,free,,,False,False,
u_003804,free,,,False,False,
u_003805,free,,,False,False,
u_003806,free,,,False,False,
u_003807,free,,,False,False,
u_003808,free,,,False,False,
u_003809,free,,,False,False,
u_003810,free,,,False,False,
u_003811,free,,,False,False,
u_003812,free,,,False,False,
u_003813,free,,,False,False,
u_003814,free,,,False,False,
u_003815,free,,,False,False,
u_003816,free,,,False,False,
u_003817,free,,,False,False,
u_003818,free,,,False,False,
u_003819,plus,2025-11-16 03:07:16,2026-01-17 03:07:16,False,True,2025-11-16 03:07:16
u_003820,free,,,False,False,
u_003821,free,,,False,False,
u_003822,free,,,False,False,
u_003823,free,,,False,False,
u_003824,free,,,False,False,
u_003825,free,,,False,False,
u_003826,free,,,False,False,
u_003827,free,,,False,False,
u_003828,free,,,False,False,
u_003829,free,,,False,False,
u_003830,free,,,False,False,
u_003831,free,,,False,False,
u_003832,plus,2025-11-29 08:51:41,,False,True,2025-11-29 08:51:41
u_003833,free,,,False,False,
u_003834,free,,,False,False,
u_003835,free,,,False,False,
u_003836,free,,,False,False,
u_003837,free,,,False,False,
u_003838,free,,,False,False,
u_003839,free,,,False,False,
u_003840,free,,,False,False,
u_003841,free,,,False,False,
u_003842,free,,,False,False,
u_003843,free,,,False,False,
u_003844,free,,,False,False,
u_003845,free,,,False,False,
u_003846,free,,,False,False,
u_003847,free,,,False,False,
u_003848,free,,,False,False,
u_003849,free,,,False,False,
u_003850,free,,,False,False,
u_003851,free,,,False,False,
u_003852,free,,,False,False,
u_003853,free,,,False,False,
u_003854,free,,,False,False,
u_003855,free,,,False,False,
u_003856,free,,,False,False,
u_003857,free,,,False,False,
u_003858,free,,,False,False,
u_003859,free,,,False,False,
u_003860,free,,,False,False,
u_003861,free,,,False,False,
u_003862,free,,,False,False,
u_003863,free,,,False,False,
u_003864,free,,,False,False,
u_003865,free,,,False,False,
u_003866,plus,2025-12-26 04:18:16,,False,True,2025-12-26 04:18:16
u_003867,free,,,False,False,
u_003868,free,,,False,False,
u_003869,pro,2025-11-18 05:12:28,,True,True,2025-11-18 05:12:28
u_003870,free,,,False,False,
u_003871,free,,,False,False,
u_003872,free,,,False,False,
u_003873,free,,,False,False,
u_003874,free,,,False,False,
u_003875,free,,,False,False,
u_003876,free,,,False,False,
u_003877,free,,,False,False,
u_003878,free,,,False,False,
u_003879,free,,,False,False,
u_003880,free,,,False,False,
u_003881,free,,,False,False,
u_003882,free,,,False,False,
u_003883,free,,,False,False,
u_003884,free,,,False,False,
u_003885,free,,,False,False,
u_003886,free,,,False,False,
u_003887,free,,,False,False,
u_003888,pro,2025-12-13 15:49:39,,False,True,2025-12-13 15:49:39
u_003889,free,,,False,False,
u_003890,free,,,False,False,
u_003891,free,,,False,False,
u_003892,free,,,False,False,
u_003893,free,,,False,False,
u_003894,free,,,False,False,
u_003895,free,,,False,False,
u_003896,free,,,False,False,
u_003897,free,,,False,False,
u_003898,free,,,False,False,
u_003899,free,,,False,False,
u_003900,free,,,False,False,
u_003901,free,,,False,False,
u_003902,free,,,False,False,
u_003903,free,,,False,False,
u_003904,free,,,False,False,
u_003905,free,,,False,False,
u_003906,free,,,False,False,
u_003907,free,,,False,False,
u_003908,free,,,False,False,
u_003909,free,,,False,False,
u_003910,free,,,False,False,
u_003911,free,,,False,False,
u_003912,free,,,False,False,
u_003913,plus,2025-12-17 12:44:11,,True,True,2025-12-17 12:44:11
u_003914,free,,,False,False,
u_003915,free,,,False,False,
u_003916,free,,,False,False,
u_003917,free,,,False,False,
u_003918,free,,,False,False,
u_003919,free,,,False,False,
u_003920,free,,,False,False,
u_003921,free,,,False,False,
u_003922,free,,,False,False,
u_003923,pro,2025-12-11 08:05:57,,True,True,2025-12-11 08:05:57
u_003924,free,,,False,False,
u_003925,free,,,False,False,
u_003926,free,,,False,False,
u_003927,plus,2025-12-16 16:59:10,,False,True,2025-12-16 16:59:10
u_003928,free,,,False,False,
u_003929,free,,,False,False,
u_003930,free,,,False,False,
u_003931,free,,,False,False,
u_003932,free,,,False,False,
u_003933,free,,,False,False,
u_003934,free,,,False,False,
u_003935,free,,,False,False,
u_003936,free,,,False,False,
u_003937,free,,,False,False,
u_003938,free,,,False,False,
u_003939,free,,,False,False,
u_003940,plus,2025-12-30 16:17:14,,True,True,2025-12-30 16:17:14
u_003941,free,,,False,False,
u_003942,free,,,False,False,
u_003943,free,,,False,False,
u_003944,free,,,False,False,
u_003945,free,,,False,False,
u_003946,free,,,False,False,
u_003947,free,,,False,False,
u_003948,free,,,False,False,
u_003949,free,,,False,False,
u_003950,free,,,False,False,
u_003951,free,,,False,False,
u_003952,free,,,False,False,
u_003953,free,,,False,False,
u_003954,free,,,False,False,
u_003955,free,,,False,False,
u_003956,free,,,False,False,
u_003957,free,,,False,False,
u_003958,free,,,False,False,
u_003959,free,,,False,False,
u_003960,free,,,False,False,
u_003961,free,,,False,False,
u_003962,free,,,False,False,
u_003963,free,,,False,False,
u_003964,free,,,False,False,
u_003965,free,,,False,False,
u_003966,free,,,False,False,
u_003967,free,,,False,False,
u_003968,free,,,False,False,
u_003969,free,,,False,False,
u_003970,free,,,False,False,
u_003971,free,,,False,False,
u_003972,free,,,False,False,
u_003973,free,,,False,False,
u_003974,free,,,False,False,
u_003975,free,,,False,False,
u_003976,free,,,False,False,
u_003977,free,,,False,False,
u_003978,free,,,False,False,
u_003979,free,,,False,False,
u_003980,free,,,False,False,
u_003981,free,,,False,False,
u_003982,free,,,False,False,
u_003983,free,,,False,False,
u_003984,free,,,False,False,
u_003985,free,,,False,False,
u_003986,free,,,False,False,
u_003987,free,,,False,False,
u_003988,free,,,False,False,
u_003989,free,,,False,False,
u_003990,plus,2025-11-13 11:42:08,,True,True,2025-11-13 11:42:08
u_003991,free,,,False,False,
u_003992,free,,,False,False,
u_003993,free,,,False,False,
u_003994,free,,,False,False,
u_003995,free,,,False,False,
u_003996,free,,,False,False,
u_003997,free,,,False,False,
u_003998,free,,,False,False,
u_003999,free,,,False,False,
u_004000,free,,,False,False,
u_004001,free,,,False,False,
u_004002,free,,,False,False,
u_004003,free,,,False,False,
u_004004,free,,,False,False,
u_004005,free,,,False,False,
u_004006,free,,,False,False,
u_004007,free,,,False,False,
u_004008,free,,,False,False,
u_004009,free,,,False,False,
u_004010,free,,,False,False,
u_004011,free,,,False,False,
u_004012,free,,,False,False,
u_004013,free,,,False,False,
u_004014,free,,,False,False,
u_004015,free,,,False,False,
u_004016,free,,,False,False,
u_004017,free,,,False,False,
u_004018,free,,,False,False,
u_004019,pro,2025-11-22 05:34:05,,False,True,2025-11-22 05:34:05
u_004020,free,,,False,False,
u_004021,free,,,False,False,
u_004022,free,,,False,False,
u_004023,free,,,False,False,
u_004024,free,,,False,False,
u_004025,free,,,False,False,
u_004026,free,,,False,False,
u_004027,free,,,False,False,
u_004028,free,,,False,False,
u_004029,free,,,False,False,
u_004030,free,,,False,False,
u_004031,free,,,False,False,
u_004032,free,,,False,False,
u_004033,free,,,False,False,
u_004034,free,,,False,False,
u_004035,free,,,False,False,
u_004036,free,,,False,False,
u_004037,free,,,False,False,
u_004038,plus,2025-11-18 07:14:01,2026-01-17 07:14:01,False,True,2025-11-18 07:14:01
u_004039,free,,,False,False,
u_004040,free,,,False,False,
u_004041,free,,,False,False,
u_004042,free,,,False,False,
u_004043,free,,,False,False,
u_004044,free,,,False,False,
u_004045,free,,,False,False,
u_004046,free,,,False,False,
u_004047,free,,,False,False,
u_004048,free,,,False,False,
u_004049,free,,,False,False,
u_004050,free,,,False,False,
u_004051,free,,,False,False,
u_004052,free,,,False,False,
u_004053,free,,,False,False,
u_004054,free,,,False,False,
u_004055,free,,,False,False,
u_004056,free,,,False,False,
u_004057,free,,,False,False,
u_004058,free,,,False,False,
u_004059,free,,,False,False,
u_004060,free,,,False,False,
u_004061,free,,,False,False,
u_004062,free,,,False,False,
u_004063,free,,,False,False,
u_004064,free,,,False,False,
u_004065,free,,,False,False,
u_004066,free,,,False,False,
u_004067,free,,,False,False,
u_004068,free,,,False,False,
u_004069,free,,,False,False,
u_004070,free,,,False,False,
u_004071,free,,,False,False,
u_004072,free,,,False,False,
u_004073,free,,,False,False,
u_004074,free,,,False,False,
u_004075,free,,,False,False,
u_004076,free,,,False,False,
u_004077,free,,,False,False,
u_004078,free,,,False,False,
u_004079,free,,,False,False,
u_004080,free,,,False,False,
u_004081,free,,,False,False,
u_004082,free,,,False,False,
u_004083,free,,,False,False,
u_004084,free,,,False,False,
u_004085,free,,,False,False,
u_004086,free,,,False,False,
u_004087,free,,,False,False,
u_004088,free,,,False,False,
u_004089,free,,,False,False,
u_004090,free,,,False,False,
u_004091,free,,,False,False,
u_004092,free,,,False,False,
u_004093,free,,,False,False,
u_004094,free,,,False,False,
u_004095,free,,,False,False,
u_004096,plus,2025-12-31 11:27:51,,True,True,2025-12-31 11:27:51
u_004097,pro,2025-12-03 10:10:27,,True,True,2025-12-03 10:10:27
u_004098,free,,,False,False,
u_004099,free,,,False,False,
u_004100,free,,,False,False,
u_004101,free,,,False,False,
u_004102,free,,,False,False,
u_004103,free,,,False,False,
u_004104,free,,,False,False,
u_004105,free,,,False,False,
u_004106,free,,,False,False,
u_004107,pro,2025-12-15 22:16:43,,True,True,2025-12-15 22:16:43
u_004108,free,,,False,False,
u_004109,free,,,False,False,
u_004110,free,,,False,False,
u_004111,free,,,False,False,
u_004112,free,,,False,False,
u_004113,free,,,False,False,
u_004114,free,,,False,False,
u_004115,free,,,False,False,
u_004116,free,,,False,False,
u_004117,free,,,False,False,
u_004118,free,,,False,False,
u_004119,free,,,False,False,
u_004120,plus,2025-12-07 00:31:00,,True,True,2025-12-07 00:31:00
u_004121,free,,,False,False,
u_004122,free,,,False,False,
u_004123,free,,,False,False,
u_004124,free,,,False,False,
u_004125,free,,,False,False,
u_004126,free,,,False,False,
u_004127,free,,,False,False,
u_004128,free,,,False,False,
u_004129,free,,,False,False,
u_004130,free,,,False,False,
u_004131,free,,,False,False,
u_004132,free,,,False,False,
u_004133,free,,,False,False,
u_004134,free,,,False,False,
u_004135,free,,,False,False,
u_004136,free,,,False,False,
u_004137,free,,,False,False,
u_004138,free,,,False,False,
u_004139,free,,,False,False,
u_004140,free,,,False,False,
u_004141,free,,,False,False,
u_004142,free,,,False,False,
u_004143,free,,,False,False,
u_004144,free,,,False,False,
u_004145,free,,,False,False,
u_004146,free,,,False,False,
u_004147,free,,,False,False,
u_004148,free,,,False,False,
u_004149,free,,,False,False,
u_004150,free,,,False,False,
u_004151,free,,,False,False,
u_004152,free,,,False,False,
u_004153,free,,,False,False,
u_004154,plus,2025-11-20 03:23:32,,True,True,2025-11-20 03:23:32
u_004155,free,,,False,False,
u_004156,free,,,False,False,
u_004157,free,,,False,False,
u_004158,free,,,False,False,
u_004159,free,,,False,False,
u_004160,free,,,False,False,
u_004161,free,,,False,False,
u_004162,free,,,False,False,
u_004163,free,,,False,False,
u_004164,free,,,False,False,
u_004165,free,,,False,False,
u_004166,free,,,False,False,
u_004167,free,,,False,False,
u_004168,free,,,False,False,
u_004169,free,,,False,False,
u_004170,free,,,False,False,
u_004171,pro,2025-11-15 12:19:22,,True,True,2025-11-15 12:19:22
u_004172,free,,,False,False,
u_004173,free,,,False,False,
u_004174,free,,,False,False,
u_004175,free,,,False,False,
u_004176,free,,,False,False,
u_004177,free,,,False,False,
u_004178,free,,,False,False,
u_004179,pro,2025-11-08 00:19:33,,True,True,2025-11-08 00:19:33
u_004180,free,,,False,False,
u_004181,free,,,False,False,
u_004182,free,,,False,False,
u_004183,pro,2026-01-04 00:17:17,,False,True,2026-01-04 00:17:17
u_004184,free,,,False,False,
u_004185,free,,,False,False,
u_004186,free,,,False,False,
u_004187,free,,,False,False,
u_004188,free,,,False,False,
u_004189,free,,,False,False,
u_004190,free,,,False,False,
u_004191,free,,,False,False,
u_004192,plus,2025-11-21 12:31:16,,True,True,2025-11-21 12:31:16
u_004193,free,,,False,False,
u_004194,free,,,False,False,
u_004195,free,,,False,False,
u_004196,free,,,False,False,
u_004197,free,,,False,False,
u_004198,plus,2025-11-24 20:21:16,,True,True,2025-11-24 20:21:16
u_004199,free,,,False,False,
u_004200,free,,,False,False,
u_004201,free,,,False,False,
u_004202,free,,,False,False,
u_004203,free,,,False,False,
u_004204,free,,,False,False,
u_004205,free,,,False,False,
u_004206,free,,,False,False,
u_004207,free,,,False,False,
u_004208,free,,,False,False,
u_004209,free,,,False,False,
u_004210,free,,,False,False,
u_004211,free,,,False,False,
u_004212,free,,,False,False,
u_004213,free,,,False,False,
u_004214,free,,,False,False,
u_004215,free,,,False,False,
u_004216,free,,,False,False,
u_004217,free,,,False,False,
u_004218,free,,,False,False,
u_004219,free,,,False,False,
u_004220,pro,2025-11-22 21:27:00,,True,True,2025-11-22 21:27:00
u_004221,free,,,False,False,
u_004222,free,,,False,False,
u_004223,free,,,False,False,
u_004224,free,,,False,False,
u_004225,free,,,False,False,
u_004226,free,,,False,False,
u_004227,free,,,False,False,
u_004228,free,,,False,False,
u_004229,free,,,False,False,
u_004230,free,,,False,False,
u_004231,free,,,False,False,
u_004232,free,,,False,False,
u_004233,free,,,False,False,
u_004234,free,,,False,False,
u_004235,free,,,False,False,
u_004236,free,,,False,False,
u_004237,free,,,False,False,
u_004238,free,,,False,False,
u_004239,free,,,False,False,
u_004240,pro,2025-12-21 05:41:35,,True,True,2025-12-21 05:41:35
u_004241,free,,,False,False,
u_004242,free,,,False,False,
u_004243,free,,,False,False,
u_004244,free,,,False,False,
u_004245,free,,,False,False,
u_004246,free,,,False,False,
u_004247,free,,,False,False,
u_004248,free,,,False,False,
u_004249,free,,,False,False,
u_004250,pro,2025-12-13 18:46:09,,True,True,2025-12-13 18:46:09
u_004251,free,,,False,False,
u_004252,plus,2025-11-20 23:14:10,2026-01-10 23:14:10,True,True,2025-11-20 23:14:10
u_004253,free,,,False,False,
u_004254,free,,,False,False,
u_004255,free,,,False,False,
u_004256,free,,,False,False,
u_004257,free,,,False,False,
u_004258,free,,,False,False,
u_004259,free,,,False,False,
u_004260,free,,,False,False,
u_004261,free,,,False,False,
u_004262,free,,,False,False,
u_004263,free,,,False,False,
u_004264,plus,2025-12-15 11:47:37,,True,True,2025-12-15 11:47:37
u_004265,free,,,False,False,
u_004266,free,,,False,False,
u_004267,free,,,False,False,
u_004268,pro,2025-12-13 01:33:13,,False,True,2025-12-13 01:33:13
u_004269,free,,,False,False,
u_004270,free,,,False,False,
u_004271,free,,,False,False,
u_004272,free,,,False,False,
u_004273,free,,,False,False,
u_004274,free,,,False,False,
u_004275,free,,,False,False,
u_004276,free,,,False,False,
u_004277,free,,,False,False,
u_004278,free,,,False,False,
u_004279,free,,,False,False,
u_004280,free,,,False,False,
u_004281,free,,,False,False,
u_004282,free,,,False,False,
u_004283,free,,,False,False,
u_004284,free,,,False,False,
u_004285,free,,,False,False,
u_004286,free,,,False,False,
u_004287,free,,,False,False,
u_004288,free,,,False,False,
u_004289,free,,,False,False,
u_004290,free,,,False,False,
u_004291,free,,,False,False,
u_004292,free,,,False,False,
u_004293,free,,,False,False,
u_004294,free,,,False,False,
u_004295,free,,,False,False,
u_004296,free,,,False,False,
u_004297,pro,2025-11-18 07:16:48,,True,True,2025-11-18 07:16:48
u_004298,free,,,False,False,
u_004299,free,,,False,False,
u_004300,free,,,False,False,
u_004301,free,,,False,False,
u_004302,free,,,False,False,
u_004303,free,,,False,False,
u_004304,free,,,False,False,
u_004305,free,,,False,False,
u_004306,free,,,False,False,
u_004307,free,,,False,False,
u_004308,free,,,False,False,
u_004309,free,,,False,False,
u_004310,free,,,False,False,
u_004311,free,,,False,False,
u_004312,free,,,False,False,
u_004313,free,,,False,False,
u_004314,free,,,False,False,
u_004315,free,,,False,False,
u_004316,free,,,False,False,
u_004317,free,,,False,False,
u_004318,free,,,False,False,
u_004319,pro,2025-12-18 22:27:34,,True,True,2025-12-18 22:27:34
u_004320,free,,,False,False,
u_004321,free,,,False,False,
u_004322,free,,,False,False,
u_004323,free,,,False,False,
u_004324,free,,,False,False,
u_004325,free,,,False,False,
u_004326,free,,,False,False,
u_004327,free,,,False,False,
u_004328,free,,,False,False,
u_004329,free,,,False,False,
u_004330,free,,,False,False,
u_004331,pro,2025-12-26 23:11:19,,False,True,2025-12-26 23:11:19
u_004332,plus,2025-11-21 19:11:42,,True,True,2025-11-21 19:11:42
u_004333,free,,,False,False,
u_004334,free,,,False,False,
u_004335,pro,2025-12-01 05:52:11,,False,True,2025-12-01 05:52:11
u_004336,free,,,False,False,
u_004337,free,,,False,False,
u_004338,free,,,False,False,
u_004339,free,,,False,False,
u_004340,free,,,False,False,
u_004341,free,,,False,False,
u_004342,free,,,False,False,
u_004343,free,,,False,False,
u_004344,free,,,False,False,
u_004345,plus,2025-12-07 02:53:20,,False,True,2025-12-07 02:53:20
u_004346,free,,,False,False,
u_004347,free,,,False,False,
u_004348,free,,,False,False,
u_004349,free,,,False,False,
u_004350,free,,,False,False,
u_004351,free,,,False,False,
u_004352,free,,,False,False,
u_004353,free,,,False,False,
u_004354,free,,,False,False,
u_004355,free,,,False,False,
u_004356,free,,,False,False,
u_004357,free,,,False,False,
u_004358,free,,,False,False,
u_004359,free,,,False,False,
u_004360,free,,,False,False,
u_004361,free,,,False,False,
u_004362,free,,,False,False,
u_004363,free,,,False,False,
u_004364,free,,,False,False,
u_004365,free,,,False,False,
u_004366,free,,,False,False,
u_004367,free,,,False,False,
u_004368,free,,,False,False,
u_004369,free,,,False,False,
u_004370,free,,,False,False,
u_004371,free,,,False,False,
u_004372,free,,,False,False,
u_004373,free,,,False,False,
u_004374,free,,,False,False,
u_004375,free,,,False,False,
u_004376,free,,,False,False,
u_004377,free,,,False,False,
u_004378,free,,,False,False,
u_004379,free,,,False,False,
u_004380,free,,,False,False,
u_004381,free,,,False,False,
u_004382,free,,,False,False,
u_004383,free,,,False,False,
u_004384,free,,,False,False,
u_004385,free,,,False,False,
u_004386,free,,,False,False,
u_004387,free,,,False,False,
u_004388,free,,,False,False,
u_004389,free,,,False,False,
u_004390,free,,,False,False,
u_004391,free,,,False,False,
u_004392,free,,,False,False,
u_004393,pro,2025-12-28 18:57:52,,False,True,2025-12-28 18:57:52
u_004394,free,,,False,False,
u_004395,free,,,False,False,
u_004396,free,,,False,False,
u_004397,free,,,False,False,
u_004398,free,,,False,False,
u_004399,free,,,False,False,
u_004400,free,,,False,False,
u_004401,free,,,False,False,
u_004402,free,,,False,False,
u_004403,free,,,False,False,
u_004404,pro,2025-12-17 11:18:26,,True,True,2025-12-17 11:18:26
u_004405,free,,,False,False,
u_004406,free,,,False,False,
u_004407,free,,,False,False,
u_004408,free,,,False,False,
u_004409,free,,,False,False,
u_004410,free,,,False,False,
u_004411,free,,,False,False,
u_004412,free,,,False,False,
u_004413,free,,,False,False,
u_004414,free,,,False,False,
u_004415,free,,,False,False,
u_004416,free,,,False,False,
u_004417,plus,2025-11-27 06:53:38,,True,True,2025-11-27 06:53:38
u_004418,free,,,False,False,
u_004419,free,,,False,False,
u_004420,free,,,False,False,
u_004421,pro,2026-01-04 03:18:58,,True,True,2026-01-04 03:18:58
u_004422,free,,,False,False,
u_004423,free,,,False,False,
u_004424,free,,,False,False,
u_004425,free,,,False,False,
u_004426,free,,,False,False,
u_004427,pro,2025-12-16 15:50:28,2026-01-21 15:50:28,True,True,2025-12-16 15:50:28
u_004428,free,,,False,False,
u_004429,free,,,False,False,
u_004430,free,,,False,False,
u_004431,free,,,False,False,
u_004432,free,,,False,False,
u_004433,free,,,False,False,
u_004434,free,,,False,False,
u_004435,plus,2025-12-09 08:34:10,,False,True,2025-12-09 08:34:10
u_004436,free,,,False,False,
u_004437,free,,,False,False,
u_004438,free,,,False,False,
u_004439,free,,,False,False,
u_004440,free,,,False,False,
u_004441,free,,,False,False,
u_004442,free,,,False,False,
u_004443,free,,,False,False,
u_004444,free,,,False,False,
u_004445,free,,,False,False,
u_004446,free,,,False,False,
u_004447,free,,,False,False,
u_004448,free,,,False,False,
u_004449,free,,,False,False,
u_004450,free,,,False,False,
u_004451,free,,,False,False,
u_004452,free,,,False,False,
u_004453,free,,,False,False,
u_004454,free,,,False,False,
u_004455,free,,,False,False,
u_004456,pro,2025-11-26 03:03:43,,True,True,2025-11-26 03:03:43
u_004457,free,,,False,False,
u_004458,free,,,False,False,
u_004459,free,,,False,False,
u_004460,free,,,False,False,
u_004461,free,,,False,False,
u_004462,free,,,False,False,
u_004463,pro,2025-12-07 03:08:08,,True,True,2025-12-07 03:08:08
u_004464,free,,,False,False,
u_004465,free,,,False,False,
u_004466,free,,,False,False,
u_004467,free,,,False,False,
u_004468,free,,,False,False,
u_004469,free,,,False,False,
u_004470,free,,,False,False,
u_004471,free,,,False,False,
u_004472,free,,,False,False,
u_004473,free,,,False,False,
u_004474,free,,,False,False,
u_004475,free,,,False,False,
u_004476,free,,,False,False,
u_004477,free,,,False,False,
u_004478,free,,,False,False,
u_004479,free,,,False,False,
u_004480,free,,,False,False,
u_004481,free,,,False,False,
u_004482,plus,2026-01-04 05:50:38,,True,True,2026-01-04 05:50:38
u_004483,free,,,False,False,
u_004484,free,,,False,False,
u_004485,free,,,False,False,
u_004486,free,,,False,False,
u_004487,pro,2025-12-30 16:00:41,,True,True,2025-12-30 16:00:41
u_004488,free,,,False,False,
u_004489,free,,,False,False,
u_004490,free,,,False,False,
u_004491,free,,,False,False,
u_004492,free,,,False,False,
u_004493,free,,,False,False,
u_004494,free,,,False,False,
u_004495,free,,,False,False,
u_004496,free,,,False,False,
u_004497,free,,,False,False,
u_004498,free,,,False,False,
u_004499,free,,,False,False,
u_004500,free,,,False,False,
u_004501,free,,,False,False,
u_004502,free,,,False,False,
u_004503,free,,,False,False,
u_004504,free,,,False,False,
u_004505,free,,,False,False,
u_004506,free,,,False,False,
u_004507,free,,,False,False,
u_004508,free,,,False,False,
u_004509,free,,,False,False,
u_004510,free,,,False,False,
u_004511,free,,,False,False,
u_004512,free,,,False,False,
u_004513,free,,,False,False,
u_004514,free,,,False,False,
u_004515,free,,,False,False,
u_004516,free,,,False,False,
u_004517,free,,,False,False,
u_004518,free,,,False,False,
u_004519,free,,,False,False,
u_004520,free,,,False,False,
u_004521,free,,,False,False,
u_004522,free,,,False,False,
u_004523,plus,2025-12-16 19:30:24,,False,True,2025-12-16 19:30:24
u_004524,free,,,False,False,
u_004525,free,,,False,False,
u_004526,free,,,False,False,
u_004527,free,,,False,False,
u_004528,free,,,False,False,
u_004529,free,,,False,False,
u_004530,free,,,False,False,
u_004531,free,,,False,False,
u_004532,free,,,False,False,
u_004533,free,,,False,False,
u_004534,free,,,False,False,
u_004535,free,,,False,False,
u_004536,free,,,False,False,
u_004537,free,,,False,False,
u_004538,free,,,False,False,
u_004539,free,,,False,False,
u_004540,free,,,False,False,
u_004541,free,,,False,False,
u_004542,free,,,False,False,
u_004543,free,,,False,False,
u_004544,free,,,False,False,
u_004545,free,,,False,False,
u_004546,free,,,False,False,
u_004547,free,,,False,False,
u_004548,free,,,False,False,
u_004549,free,,,False,False,
u_004550,free,,,False,False,
u_004551,free,,,False,False,
u_004552,free,,,False,False,
u_004553,free,,,False,False,
u_004554,free,,,False,False,
u_004555,free,,,False,False,
u_004556,free,,,False,False,
u_004557,pro,2025-12-21 12:19:16,,True,True,2025-12-21 12:19:16
u_004558,pro,2025-11-24 21:10:17,,True,True,2025-11-24 21:10:17
u_004559,free,,,False,False,
u_004560,free,,,False,False,
u_004561,plus,2025-12-20 14:51:35,2026-03-03 14:51:35,False,True,2025-12-20 14:51:35
u_004562,free,,,False,False,
u_004563,free,,,False,False,
u_004564,free,,,False,False,
u_004565,plus,2025-11-28 02:01:05,,True,True,2025-11-28 02:01:05
u_004566,free,,,False,False,
u_004567,free,,,False,False,
u_004568,free,,,False,False,
u_004569,free,,,False,False,
u_004570,free,,,False,False,
u_004571,free,,,False,False,
u_004572,free,,,False,False,
u_004573,plus,2025-12-14 05:13:38,,True,True,2025-12-14 05:13:38
u_004574,free,,,False,False,
u_004575,free,,,False,False,
u_004576,free,,,False,False,
u_004577,free,,,False,False,
u_004578,free,,,False,False,
u_004579,free,,,False,False,
u_004580,free,,,False,False,
u_004581,free,,,False,False,
u_004582,free,,,False,False,
u_004583,free,,,False,False,
u_004584,free,,,False,False,
u_004585,free,,,False,False,
u_004586,free,,,False,False,
u_004587,free,,,False,False,
u_004588,free,,,False,False,
u_004589,free,,,False,False,
u_004590,free,,,False,False,
u_004591,free,,,False,False,
u_004592,free,,,False,False,
u_004593,free,,,False,False,
u_004594,free,,,False,False,
u_004595,free,,,False,False,
u_004596,free,,,False,False,
u_004597,free,,,False,False,
u_004598,free,,,False,False,
u_004599,free,,,False,False,
u_004600,free,,,False,False,
u_004601,free,,,False,False,
u_004602,free,,,False,False,
u_004603,free,,,False,False,
u_004604,free,,,False,False,
u_004605,free,,,False,False,
u_004606,free,,,False,False,
u_004607,free,,,False,False,
u_004608,free,,,False,False,
u_004609,free,,,False,False,
u_004610,free,,,False,False,
u_004611,free,,,False,False,
u_004612,free,,,False,False,
u_004613,free,,,False,False,
u_004614,free,,,False,False,
u_004615,free,,,False,False,
u_004616,free,,,False,False,
u_004617,free,,,False,False,
u_004618,free,,,False,False,
u_004619,free,,,False,False,
u_004620,free,,,False,False,
u_004621,free,,,False,False,
u_004622,free,,,False,False,
u_004623,free,,,False,False,
u_004624,free,,,False,False,
u_004625,free,,,False,False,
u_004626,free,,,False,False,
u_004627,free,,,False,False,
u_004628,free,,,False,False,
u_004629,free,,,False,False,
u_004630,free,,,False,False,
u_004631,free,,,False,False,
u_004632,free,,,False,False,
u_004633,free,,,False,False,
u_004634,free,,,False,False,
u_004635,free,,,False,False,
u_004636,free,,,False,False,
u_004637,plus,2026-01-04 03:54:17,,False,True,2026-01-04 03:54:17
u_004638,free,,,False,False,
u_004639,free,,,False,False,
u_004640,free,,,False,False,
u_004641,free,,,False,False,
u_004642,free,,,False,False,
u_004643,free,,,False,False,
u_004644,free,,,False,False,
u_004645,free,,,False,False,
u_004646,free,,,False,False,
u_004647,plus,2025-11-15 02:27:45,,True,True,2025-11-15 02:27:45
u_004648,free,,,False,False,
u_004649,free,,,False,False,
u_004650,free,,,False,False,
u_004651,free,,,False,False,
u_004652,free,,,False,False,
u_004653,free,,,False,False,
u_004654,free,,,False,False,
u_004655,free,,,False,False,
u_004656,free,,,False,False,
u_004657,free,,,False,False,
u_004658,free,,,False,False,
u_004659,free,,,False,False,
u_004660,free,,,False,False,
u_004661,free,,,False,False,
u_004662,free,,,False,False,
u_004663,free,,,False,False,
u_004664,free,,,False,False,
u_004665,free,,,False,False,
u_004666,free,,,False,False,
u_004667,free,,,False,False,
u_004668,free,,,False,False,
u_004669,free,,,False,False,
u_004670,free,,,False,False,
u_004671,free,,,False,False,
u_004672,free,,,False,False,
u_004673,free,,,False,False,
u_004674,free,,,False,False,
u_004675,free,,,False,False,
u_004676,free,,,False,False,
u_004677,free,,,False,False,
u_004678,free,,,False,False,
u_004679,free,,,False,False,
u_004680,free,,,False,False,
u_004681,free,,,False,False,
u_004682,free,,,False,False,
u_004683,free,,,False,False,
u_004684,free,,,False,False,
u_004685,free,,,False,False,
u_004686,free,,,False,False,
u_004687,plus,2025-11-15 15:39:47,2026-01-19 15:39:47,True,True,2025-11-15 15:39:47
u_004688,free,,,False,False,
u_004689,free,,,False,False,
u_004690,free,,,False,False,
u_004691,free,,,False,False,
u_004692,free,,,False,False,
u_004693,free,,,False,False,
u_004694,free,,,False,False,
u_004695,free,,,False,False,
u_004696,free,,,False,False,
u_004697,free,,,False,False,
u_004698,free,,,False,False,
u_004699,free,,,False,False,
u_004700,free,,,False,False,
u_004701,free,,,False,False,
u_004702,free,,,False,False,
u_004703,plus,2025-12-06 21:11:18,,True,True,2025-12-06 21:11:18
u_004704,free,,,False,False,
u_004705,free,,,False,False,
u_004706,free,,,False,False,
u_004707,free,,,False,False,
u_004708,free,,,False,False,
u_004709,free,,,False,False,
u_004710,free,,,False,False,
u_004711,free,,,False,False,
u_004712,free,,,False,False,
u_004713,free,,,False,False,
u_004714,free,,,False,False,
u_004715,free,,,False,False,
u_004716,free,,,False,False,
u_004717,free,,,False,False,
u_004718,free,,,False,False,
u_004719,free,,,False,False,
u_004720,free,,,False,False,
u_004721,free,,,False,False,
u_004722,plus,2025-12-01 23:28:47,,False,True,2025-12-01 23:28:47
u_004723,free,,,False,False,
u_004724,free,,,False,False,
u_004725,free,,,False,False,
u_004726,free,,,False,False,
u_004727,pro,2025-11-21 10:07:10,,True,True,2025-11-21 10:07:10
u_004728,free,,,False,False,
u_004729,free,,,False,False,
u_004730,free,,,False,False,
u_004731,free,,,False,False,
u_004732,free,,,False,False,
u_004733,free,,,False,False,
u_004734,free,,,False,False,
u_004735,free,,,False,False,
u_004736,free,,,False,False,
u_004737,free,,,False,False,
u_004738,free,,,False,False,
u_004739,free,,,False,False,
u_004740,free,,,False,False,
u_004741,free,,,False,False,
u_004742,free,,,False,False,
u_004743,plus,2026-01-04 09:28:54,,True,True,2026-01-04 09:28:54
u_004744,free,,,False,False,
u_004745,free,,,False,False,
u_004746,free,,,False,False,
u_004747,free,,,False,False,
u_004748,free,,,False,False,
u_004749,free,,,False,False,
u_004750,free,,,False,False,
u_004751,free,,,False,False,
u_004752,free,,,False,False,
u_004753,free,,,False,False,
u_004754,free,,,False,False,
u_004755,free,,,False,False,
u_004756,free,,,False,False,
u_004757,free,,,False,False,
u_004758,free,,,False,False,
u_004759,free,,,False,False,
u_004760,free,,,False,False,
u_004761,free,,,False,False,
u_004762,free,,,False,False,
u_004763,free,,,False,False,
u_004764,free,,,False,False,
u_004765,free,,,False,False,
u_004766,free,,,False,False,
u_004767,free,,,False,False,
u_004768,free,,,False,False,
u_004769,free,,,False,False,
u_004770,free,,,False,False,
u_004771,free,,,False,False,
u_004772,free,,,False,False,
u_004773,free,,,False,False,
u_004774,free,,,False,False,
u_004775,free,,,False,False,
u_004776,free,,,False,False,
u_004777,free,,,False,False,
u_004778,free,,,False,False,
u_004779,free,,,False,False,
u_004780,free,,,False,False,
u_004781,free,,,False,False,
u_004782,free,,,False,False,
u_004783,free,,,False,False,
u_004784,free,,,False,False,
u_004785,free,,,False,False,
u_004786,free,,,False,False,
u_004787,free,,,False,False,
u_004788,free,,,False,False,
u_004789,plus,2025-11-29 13:54:48,,True,True,2025-11-29 13:54:48
u_004790,free,,,False,False,
u_004791,free,,,False,False,
u_004792,free,,,False,False,
u_004793,free,,,False,False,
u_004794,free,,,False,False,
u_004795,free,,,False,False,
u_004796,free,,,False,False,
u_004797,free,,,False,False,
u_004798,free,,,False,False,
u_004799,free,,,False,False,
u_004800,pro,2025-11-29 03:28:21,,True,True,2025-11-29 03:28:21
u_004801,free,,,False,False,
u_004802,free,,,False,False,
u_004803,free,,,False,False,
u_004804,free,,,False,False,
u_004805,free,,,False,False,
u_004806,free,,,False,False,
u_004807,free,,,False,False,
u_004808,free,,,False,False,
u_004809,free,,,False,False,
u_004810,plus,2025-12-01 20:30:43,,True,True,2025-12-01 20:30:43
u_004811,free,,,False,False,
u_004812,free,,,False,False,
u_004813,free,,,False,False,
u_004814,free,,,False,False,
u_004815,free,,,False,False,
u_004816,free,,,False,False,
u_004817,free,,,False,False,
u_004818,free,,,False,False,
u_004819,free,,,False,False,
u_004820,free,,,False,False,
u_004821,free,,,False,False,
u_004822,free,,,False,False,
u_004823,free,,,False,False,
u_004824,free,,,False,False,
u_004825,free,,,False,False,
u_004826,free,,,False,False,
u_004827,free,,,False,False,
u_004828,free,,,False,False,
u_004829,free,,,False,False,
u_004830,free,,,False,False,
u_004831,free,,,False,False,
u_004832,free,,,False,False,
u_004833,free,,,False,False,
u_004834,plus,2025-12-27 20:16:33,,True,True,2025-12-27 20:16:33
u_004835,free,,,False,False,
u_004836,free,,,False,False,
u_004837,free,,,False,False,
u_004838,free,,,False,False,
u_004839,free,,,False,False,
u_004840,free,,,False,False,
u_004841,free,,,False,False,
u_004842,free,,,False,False,
u_004843,free,,,False,False,
u_004844,free,,,False,False,
u_004845,free,,,False,False,
u_004846,pro,2025-12-15 10:34:31,,False,True,2025-12-15 10:34:31
u_004847,free,,,False,False,
u_004848,free,,,False,False,
u_004849,free,,,False,False,
u_004850,free,,,False,False,
u_004851,free,,,False,False,
u_004852,free,,,False,False,
u_004853,free,,,False,False,
u_004854,free,,,False,False,
u_004855,free,,,False,False,
u_004856,free,,,False,False,
u_004857,free,,,False,False,
u_004858,free,,,False,False,
u_004859,free,,,False,False,
u_004860,free,,,False,False,
u_004861,free,,,False,False,
u_004862,free,,,False,False,
u_004863,free,,,False,False,
u_004864,free,,,False,False,
u_004865,free,,,False,False,
u_004866,free,,,False,False,
u_004867,free,,,False,False,
u_004868,free,,,False,False,
u_004869,free,,,False,False,
u_004870,free,,,False,False,
u_004871,free,,,False,False,
u_004872,free,,,False,False,
u_004873,free,,,False,False,
u_004874,free,,,False,False,
u_004875,free,,,False,False,
u_004876,free,,,False,False,
u_004877,free,,,False,False,
u_004878,free,,,False,False,
u_004879,free,,,False,False,
u_004880,free,,,False,False,
u_004881,free,,,False,False,
u_004882,free,,,False,False,
u_004883,free,,,False,False,
u_004884,free,,,False,False,
u_004885,free,,,False,False,
u_004886,free,,,False,False,
u_004887,free,,,False,False,
u_004888,free,,,False,False,
u_004889,free,,,False,False,
u_004890,free,,,False,False,
u_004891,free,,,False,False,
u_004892,free,,,False,False,
u_004893,free,,,False,False,
u_004894,free,,,False,False,
u_004895,free,,,False,False,
u_004896,free,,,False,False,
u_004897,free,,,False,False,
u_004898,free,,,False,False,
u_004899,free,,,False,False,
u_004900,free,,,False,False,
u_004901,free,,,False,False,
u_004902,free,,,False,False,
u_004903,free,,,False,False,
u_004904,free,,,False,False,
u_004905,free,,,False,False,
u_004906,plus,2025-12-17 21:12:31,,False,True,2025-12-17 21:12:31
u_004907,pro,2025-11-16 19:42:08,,False,True,2025-11-16 19:42:08
u_004908,pro,2026-01-03 09:20:31,2026-01-28 09:20:31,False,True,2026-01-03 09:20:31
u_004909,free,,,False,False,
u_004910,plus,2025-11-10 10:39:18,,True,True,2025-11-10 10:39:18
u_004911,free,,,False,False,
u_004912,free,,,False,False,
u_004913,free,,,False,False,
u_004914,free,,,False,False,
u_004915,free,,,False,False,
u_004916,free,,,False,False,
u_004917,free,,,False,False,
u_004918,free,,,False,False,
u_004919,free,,,False,False,
u_004920,free,,,False,False,
u_004921,free,,,False,False,
u_004922,free,,,False,False,
u_004923,free,,,False,False,
u_004924,free,,,False,False,
u_004925,free,,,False,False,
u_004926,free,,,False,False,
u_004927,plus,2025-12-17 05:32:26,,False,True,2025-12-17 05:32:26
u_004928,free,,,False,False,
u_004929,free,,,False,False,
u_004930,plus,2025-11-27 20:58:35,,True,True,2025-11-27 20:58:35
u_004931,free,,,False,False,
u_004932,free,,,False,False,
u_004933,free,,,False,False,
u_004934,free,,,False,False,
u_004935,free,,,False,False,
u_004936,plus,2025-12-25 01:13:05,,True,True,2025-12-25 01:13:05
u_004937,free,,,False,False,
u_004938,free,,,False,False,
u_004939,free,,,False,False,
u_004940,free,,,False,False,
u_004941,plus,2025-12-11 11:42:55,,True,True,2025-12-11 11:42:55
u_004942,free,,,False,False,
u_004943,free,,,False,False,
u_004944,free,,,False,False,
u_004945,free,,,False,False,
u_004946,free,,,False,False,
u_004947,free,,,False,False,
u_004948,free,,,False,False,
u_004949,free,,,False,False,
u_004950,free,,,False,False,
u_004951,free,,,False,False,
u_004952,free,,,False,False,
u_004953,free,,,False,False,
u_004954,free,,,False,False,
u_004955,free,,,False,False,
u_004956,free,,,False,False,
u_004957,free,,,False,False,
u_004958,free,,,False,False,
u_004959,free,,,False,False,
u_004960,plus,2025-12-21 07:26:43,,True,True,2025-12-21 07:26:43
u_004961,free,,,False,False,
u_004962,free,,,False,False,
u_004963,free,,,False,False,
u_004964,free,,,False,False,
u_004965,free,,,False,False,
u_004966,free,,,False,False,
u_004967,plus,2025-12-01 07:17:43,,True,True,2025-12-01 07:17:43
u_004968,free,,,False,False,
u_004969,free,,,False,False,
u_004970,free,,,False,False,
u_004971,free,,,False,False,
u_004972,free,,,False,False,
u_004973,free,,,False,False,
u_004974,free,,,False,False,
u_004975,free,,,False,False,
u_004976,free,,,False,False,
u_004977,free,,,False,False,
u_004978,free,,,False,False,
u_004979,free,,,False,False,
u_004980,free,,,False,False,
u_004981,free,,,False,False,
u_004982,free,,,False,False,
u_004983,free,,,False,False,
u_004984,free,,,False,False,
u_004985,free,,,False,False,
u_004986,free,,,False,False,
u_004987,free,,,False,False,
u_004988,free,,,False,False,
u_004989,free,,,False,False,
u_004990,free,,,False,False,
u_004991,free,,,False,False,
u_004992,free,,,False,False,
u_004993,free,,,False,False,
u_004994,free,,,False,False,
u_004995,free,,,False,False,
u_004996,free,,,False,False,
u_004997,free,,,False,False,
u_004998,free,,,False,False,
u_004999,free,,,False,False,
u_005000,free,,,False,False,
